sample_index,true_class,M0_pred,M1_pred,M2_pred,M3_pred,M0_correct,M1_correct,M2_correct,M3_correct
0,2,2,2,2,2,1,1,1,1
1,2,2,2,2,2,1,1,1,1
2,2,2,2,2,2,1,1,1,1
3,1,1,1,1,1,1,1,1,1
4,1,1,1,1,1,1,1,1,1
5,2,2,2,2,2,1,1,1,1
6,1,1,1,1,1,1,1,1,1
7,1,1,1,1,1,1,1,1,1
8,3,3,3,3,3,1,1,1,1
9,2,2,2,2,2,1,1,1,1
10,2,2,2,2,2,1,1,1,1
11,0,0,0,0,0,1,1,1,1
12,3,3,3,3,3,1,1,1,1
13,0,0,0,0,0,1,1,1,1
14,0,0,0,0,0,1,1,1,1
15,1,1,1,1,1,1,1,1,1
16,3,3,3,3,2,1,1,1,0
17,0,0,0,0,0,1,1,1,1
18,3,3,3,3,3,1,1,1,1
19,3,3,3,3,3,1,1,1,1
20,3,3,3,3,3,1,1,1,1
21,1,1,1,1,1,1,1,1,1
22,0,0,0,0,0,1,1,1,1
23,1,1,1,1,1,1,1,1,1
24,3,3,3,3,3,1,1,1,1
25,2,2,2,2,2,1,1,1,1
26,2,2,2,2,2,1,1,1,1
27,2,2,2,2,2,1,1,1,1
28,1,1,1,1,1,1,1,1,1
29,3,3,3,3,3,1,1,1,1
30,2,2,2,2,2,1,1,1,1
31,0,0,0,0,0,1,1,1,1
32,3,3,3,3,3,1,1,1,1
33,2,2,2,2,2,1,1,1,1
34,3,3,3,3,3,1,1,1,1
35,2,2,2,2,2,1,1,1,1
36,1,1,1,1,1,1,1,1,1
37,1,1,1,1,1,1,1,1,1
38,0,0,0,0,0,1,1,1,1
39,2,2,2,2,2,1,1,1,1
40,3,3,3,3,3,1,1,1,1
41,3,3,3,3,3,1,1,1,1
42,3,3,3,3,3,1,1,1,1
43,1,1,1,1,1,1,1,1,1
44,2,2,2,2,2,1,1,1,1
45,0,0,0,0,0,1,1,1,1
46,1,1,1,1,1,1,1,1,1
47,2,2,2,2,2,1,1,1,1
48,0,0,0,0,0,1,1,1,1
49,1,1,1,1,1,1,1,1,1
50,3,3,3,3,3,1,1,1,1
51,0,0,0,0,0,1,1,1,1
52,0,0,0,0,0,1,1,1,1
53,3,3,3,3,3,1,1,1,1
54,2,2,2,2,2,1,1,1,1
55,3,3,3,3,3,1,1,1,1
56,3,3,3,3,3,1,1,1,1
57,2,2,2,2,2,1,1,1,1
58,3,3,3,3,3,1,1,1,1
59,3,3,3,3,3,1,1,1,1
60,3,3,3,3,3,1,1,1,1
61,2,2,2,2,2,1,1,1,1
62,0,0,0,0,0,1,1,1,1
63,0,0,0,0,0,1,1,1,1
64,0,0,0,0,0,1,1,1,1
65,1,1,1,1,1,1,1,1,1
66,3,3,3,3,3,1,1,1,1
67,0,0,0,0,0,1,1,1,1
68,0,0,0,0,0,1,1,1,1
69,1,1,1,1,1,1,1,1,1
70,1,1,1,1,1,1,1,1,1
71,0,0,0,0,0,1,1,1,1
72,2,2,2,2,2,1,1,1,1
73,3,3,3,3,3,1,1,1,1
74,1,1,1,1,1,1,1,1,1
75,2,2,2,2,2,1,1,1,1
76,2,2,2,2,2,1,1,1,1
77,2,2,2,2,2,1,1,1,1
78,2,2,2,2,2,1,1,1,1
79,0,0,0,0,0,1,1,1,1
80,3,3,3,3,3,1,1,1,1
81,0,0,0,0,0,1,1,1,1
82,1,1,1,1,1,1,1,1,1
83,1,1,1,1,1,1,1,1,1
84,0,0,0,0,0,1,1,1,1
85,3,3,3,3,3,1,1,1,1
86,3,3,3,3,3,1,1,1,1
87,1,1,1,1,1,1,1,1,1
88,3,3,3,3,3,1,1,1,1
89,3,3,3,3,3,1,1,1,1
90,2,2,2,2,2,1,1,1,1
91,3,3,3,3,3,1,1,1,1
92,2,2,2,2,2,1,1,1,1
93,3,3,3,3,3,1,1,1,1
94,2,2,2,2,2,1,1,1,1
95,2,2,2,2,2,1,1,1,1
96,0,0,0,0,0,1,1,1,1
97,1,1,1,1,1,1,1,1,1
98,0,0,0,0,0,1,1,1,1
99,3,3,3,3,3,1,1,1,1
100,1,1,1,1,1,1,1,1,1
101,0,0,0,0,0,1,1,1,1
102,0,0,0,0,0,1,1,1,1
103,2,2,2,2,2,1,1,1,1
104,1,1,1,1,1,1,1,1,1
105,0,0,0,0,0,1,1,1,1
106,2,2,2,2,2,1,1,1,1
107,1,1,1,1,1,1,1,1,1
108,0,0,0,0,0,1,1,1,1
109,2,2,2,2,2,1,1,1,1
110,0,0,0,0,0,1,1,1,1
111,3,3,3,3,3,1,1,1,1
112,1,1,1,1,1,1,1,1,1
113,2,2,2,2,2,1,1,1,1
114,3,3,3,3,3,1,1,1,1
115,3,3,3,3,3,1,1,1,1
116,3,2,2,2,2,0,0,0,0
117,2,2,2,2,2,1,1,1,1
118,3,3,3,3,3,1,1,1,1
119,0,0,0,0,0,1,1,1,1
120,2,2,2,2,2,1,1,1,1
121,1,1,1,1,1,1,1,1,1
122,2,2,2,2,2,1,1,1,1
123,1,1,1,1,1,1,1,1,1
124,0,0,0,0,0,1,1,1,1
125,0,0,0,0,0,1,1,1,1
126,3,3,3,3,3,1,1,1,1
127,2,2,2,2,2,1,1,1,1
128,1,1,1,1,1,1,1,1,1
129,3,3,3,3,3,1,1,1,1
130,0,0,0,0,0,1,1,1,1
131,0,0,0,0,0,1,1,1,1
132,0,0,0,0,0,1,1,1,1
133,1,1,1,1,1,1,1,1,1
134,0,0,0,0,0,1,1,1,1
135,0,0,0,0,0,1,1,1,1
136,3,3,3,3,3,1,1,1,1
137,2,2,2,2,2,1,1,1,1
138,1,1,1,1,1,1,1,1,1
139,3,3,3,3,3,1,1,1,1
140,0,0,0,0,0,1,1,1,1
141,2,2,2,3,3,1,1,0,0
142,2,2,2,2,2,1,1,1,1
143,0,0,0,0,0,1,1,1,1
144,2,2,2,2,2,1,1,1,1
145,3,3,3,3,3,1,1,1,1
146,0,0,0,0,0,1,1,1,1
147,3,3,3,3,3,1,1,1,1
148,1,1,1,1,1,1,1,1,1
149,1,1,1,1,1,1,1,1,1
150,3,3,3,3,3,1,1,1,1
151,3,3,3,3,3,1,1,1,1
152,2,2,2,2,2,1,1,1,1
153,2,2,2,2,2,1,1,1,1
154,2,2,2,2,2,1,1,1,1
155,3,3,3,3,3,1,1,1,1
156,2,2,2,2,2,1,1,1,1
157,0,0,0,0,0,1,1,1,1
158,2,2,2,2,2,1,1,1,1
159,3,3,3,3,3,1,1,1,1
160,0,0,0,0,0,1,1,1,1
161,0,0,0,0,0,1,1,1,1
162,0,0,0,0,0,1,1,1,1
163,2,2,2,2,2,1,1,1,1
164,3,3,3,3,3,1,1,1,1
165,1,1,1,1,1,1,1,1,1
166,1,1,1,1,1,1,1,1,1
167,2,2,2,2,2,1,1,1,1
168,1,1,1,1,1,1,1,1,1
169,2,2,3,2,2,1,0,1,1
170,2,2,2,2,2,1,1,1,1
171,0,0,0,0,0,1,1,1,1
172,1,1,1,1,1,1,1,1,1
173,2,2,2,2,2,1,1,1,1
174,0,0,0,0,0,1,1,1,1
175,1,1,1,1,1,1,1,1,1
176,1,1,1,1,1,1,1,1,1
177,2,2,2,2,2,1,1,1,1
178,1,1,1,1,1,1,1,1,1
179,3,3,3,3,3,1,1,1,1
180,0,0,0,0,0,1,1,1,1
181,3,3,3,3,3,1,1,1,1
182,3,3,3,3,3,1,1,1,1
183,3,3,3,3,3,1,1,1,1
184,2,2,2,2,2,1,1,1,1
185,1,1,1,1,1,1,1,1,1
186,2,2,2,2,2,1,1,1,1
187,3,3,3,3,3,1,1,1,1
188,0,0,0,0,0,1,1,1,1
189,1,1,1,1,1,1,1,1,1
190,2,2,2,3,3,1,1,0,0
191,0,0,0,0,0,1,1,1,1
192,3,3,3,3,3,1,1,1,1
193,2,2,2,3,3,1,1,0,0
194,0,0,0,0,0,1,1,1,1
195,0,0,0,0,0,1,1,1,1
196,0,0,0,0,0,1,1,1,1
197,2,2,2,2,2,1,1,1,1
198,2,2,2,2,2,1,1,1,1
199,2,2,2,2,2,1,1,1,1
200,1,1,1,1,1,1,1,1,1
201,0,0,0,0,0,1,1,1,1
202,0,0,0,0,0,1,1,1,1
203,1,1,1,1,1,1,1,1,1
204,0,0,0,0,0,1,1,1,1
205,0,0,0,0,0,1,1,1,1
206,1,1,1,1,1,1,1,1,1
207,0,0,0,0,0,1,1,1,1
208,1,1,1,1,1,1,1,1,1
209,2,2,2,2,2,1,1,1,1
210,0,0,0,0,0,1,1,1,1
211,1,1,1,1,1,1,1,1,1
212,3,3,3,3,3,1,1,1,1
213,1,1,1,1,1,1,1,1,1
214,1,1,1,1,1,1,1,1,1
215,1,1,1,1,1,1,1,1,1
216,2,2,2,2,2,1,1,1,1
217,0,0,0,0,0,1,1,1,1
218,1,1,1,1,1,1,1,1,1
219,3,3,3,3,3,1,1,1,1
220,1,1,1,1,1,1,1,1,1
221,3,3,3,3,3,1,1,1,1
222,1,1,1,1,1,1,1,1,1
223,1,1,1,1,1,1,1,1,1
224,0,0,0,0,0,1,1,1,1
225,3,3,3,3,3,1,1,1,1
226,3,3,3,3,3,1,1,1,1
227,2,2,2,2,2,1,1,1,1
228,0,0,0,0,0,1,1,1,1
229,3,3,3,3,3,1,1,1,1
230,1,1,1,1,1,1,1,1,1
231,2,2,2,2,2,1,1,1,1
232,2,2,2,2,2,1,1,1,1
233,0,0,0,0,0,1,1,1,1
234,3,3,3,3,3,1,1,1,1
235,3,3,3,3,3,1,1,1,1
236,1,1,1,1,1,1,1,1,1
237,3,3,3,3,3,1,1,1,1
238,3,3,3,3,3,1,1,1,1
239,0,0,0,0,0,1,1,1,1
240,3,3,3,3,3,1,1,1,1
241,2,2,2,2,2,1,1,1,1
242,3,3,3,3,3,1,1,1,1
243,3,3,3,3,3,1,1,1,1
244,1,1,1,1,1,1,1,1,1
245,1,1,1,1,1,1,1,1,1
246,3,3,3,3,3,1,1,1,1
247,2,2,2,2,2,1,1,1,1
248,1,1,1,1,1,1,1,1,1
249,3,3,3,3,3,1,1,1,1
250,2,2,2,2,2,1,1,1,1
251,3,3,3,3,3,1,1,1,1
252,2,2,2,2,2,1,1,1,1
253,0,0,0,0,0,1,1,1,1
254,3,3,3,3,3,1,1,1,1
255,2,2,2,2,2,1,1,1,1
256,3,3,3,3,3,1,1,1,1
257,0,0,0,0,0,1,1,1,1
258,3,3,3,3,3,1,1,1,1
259,0,0,0,0,0,1,1,1,1
260,2,2,2,2,2,1,1,1,1
261,0,0,0,0,0,1,1,1,1
262,0,0,0,0,0,1,1,1,1
263,3,3,3,3,3,1,1,1,1
264,1,1,1,1,1,1,1,1,1
265,2,2,2,2,2,1,1,1,1
266,2,2,2,2,2,1,1,1,1
267,3,3,3,3,3,1,1,1,1
268,2,2,2,2,2,1,1,1,1
269,2,2,2,2,2,1,1,1,1
270,2,2,2,2,2,1,1,1,1
271,2,2,2,2,2,1,1,1,1
272,2,2,2,2,2,1,1,1,1
273,1,1,1,1,1,1,1,1,1
274,3,3,3,3,3,1,1,1,1
275,3,3,3,3,3,1,1,1,1
276,0,0,0,0,0,1,1,1,1
277,0,0,0,0,0,1,1,1,1
278,2,2,2,2,2,1,1,1,1
279,2,2,2,2,2,1,1,1,1
280,0,0,0,0,0,1,1,1,1
281,1,1,1,1,1,1,1,1,1
282,1,1,1,1,1,1,1,1,1
283,0,0,0,0,0,1,1,1,1
284,2,2,2,2,2,1,1,1,1
285,1,1,1,1,1,1,1,1,1
286,2,2,2,2,2,1,1,1,1
287,1,1,1,1,1,1,1,1,1
288,0,0,0,0,0,1,1,1,1
289,3,3,3,3,3,1,1,1,1
290,0,0,0,0,0,1,1,1,1
291,3,3,3,3,3,1,1,1,1
292,0,0,0,0,0,1,1,1,1
293,1,1,1,1,1,1,1,1,1
294,0,0,0,0,0,1,1,1,1
295,0,0,0,0,0,1,1,1,1
296,0,0,0,0,0,1,1,1,1
297,1,1,1,1,1,1,1,1,1
298,0,0,0,0,0,1,1,1,1
299,0,0,0,0,0,1,1,1,1
300,1,1,1,1,1,1,1,1,1
301,1,1,1,1,1,1,1,1,1
302,3,3,3,3,3,1,1,1,1
303,3,3,3,3,3,1,1,1,1
304,3,3,3,3,3,1,1,1,1
305,2,2,2,2,2,1,1,1,1
306,0,0,0,0,0,1,1,1,1
307,3,3,3,3,3,1,1,1,1
308,3,3,3,3,3,1,1,1,1
309,0,0,0,0,0,1,1,1,1
310,1,1,1,1,1,1,1,1,1
311,2,2,2,2,2,1,1,1,1
312,2,2,2,2,2,1,1,1,1
313,2,2,2,2,2,1,1,1,1
314,0,0,0,0,0,1,1,1,1
315,1,1,1,1,1,1,1,1,1
316,0,0,0,0,0,1,1,1,1
317,1,1,1,1,1,1,1,1,1
318,1,1,1,1,1,1,1,1,1
319,0,0,0,0,0,1,1,1,1
320,1,1,1,1,1,1,1,1,1
321,0,0,0,0,0,1,1,1,1
322,3,3,3,3,3,1,1,1,1
323,1,1,1,1,1,1,1,1,1
324,2,2,2,2,2,1,1,1,1
325,2,2,2,2,2,1,1,1,1
326,0,0,0,0,0,1,1,1,1
327,0,0,0,0,0,1,1,1,1
328,1,1,1,1,1,1,1,1,1
329,1,1,1,1,1,1,1,1,1
330,1,1,1,1,1,1,1,1,1
331,3,3,3,3,3,1,1,1,1
332,3,3,3,3,3,1,1,1,1
333,2,2,2,2,2,1,1,1,1
334,1,1,1,1,1,1,1,1,1
335,2,2,2,2,2,1,1,1,1
336,0,0,0,0,0,1,1,1,1
337,0,0,0,0,0,1,1,1,1
338,1,1,1,1,1,1,1,1,1
339,2,2,2,2,2,1,1,1,1
340,0,0,0,0,0,1,1,1,1
341,2,2,2,2,2,1,1,1,1
342,1,1,1,1,1,1,1,1,1
343,2,2,2,2,2,1,1,1,1
344,1,1,1,1,1,1,1,1,1
345,2,2,2,2,2,1,1,1,1
346,2,2,2,2,2,1,1,1,1
347,3,3,3,3,3,1,1,1,1
348,1,1,1,1,1,1,1,1,1
349,3,3,3,3,3,1,1,1,1
350,1,1,1,1,1,1,1,1,1
351,0,0,0,0,0,1,1,1,1
352,1,1,1,1,1,1,1,1,1
353,0,0,0,0,0,1,1,1,1
354,0,0,0,0,0,1,1,1,1
355,3,3,3,3,3,1,1,1,1
356,3,3,3,3,3,1,1,1,1
357,1,1,1,1,1,1,1,1,1
358,0,0,0,0,0,1,1,1,1
359,1,1,1,1,1,1,1,1,1
360,3,3,3,3,3,1,1,1,1
361,2,2,2,2,2,1,1,1,1
362,1,1,1,1,1,1,1,1,1
363,2,2,2,2,2,1,1,1,1
364,3,3,3,3,3,1,1,1,1
365,0,0,0,0,0,1,1,1,1
366,0,0,0,0,0,1,1,1,1
367,1,1,1,1,1,1,1,1,1
368,3,3,3,3,3,1,1,1,1
369,0,0,0,0,0,1,1,1,1
370,2,2,2,2,2,1,1,1,1
371,2,2,2,2,2,1,1,1,1
372,0,0,0,0,0,1,1,1,1
373,1,1,1,1,1,1,1,1,1
374,1,1,1,1,1,1,1,1,1
375,2,2,2,2,2,1,1,1,1
376,3,3,3,3,3,1,1,1,1
377,2,2,2,2,2,1,1,1,1
378,0,0,0,0,0,1,1,1,1
379,0,0,0,0,0,1,1,1,1
380,3,3,3,3,3,1,1,1,1
381,3,3,2,3,3,1,0,1,1
382,0,0,0,0,0,1,1,1,1
383,3,3,3,3,3,1,1,1,1
384,1,1,1,1,1,1,1,1,1
385,1,1,1,1,1,1,1,1,1
386,3,3,3,3,3,1,1,1,1
387,2,2,2,2,2,1,1,1,1
388,1,1,1,1,1,1,1,1,1
389,0,0,0,0,0,1,1,1,1
390,2,2,2,2,2,1,1,1,1
391,2,2,2,2,2,1,1,1,1
392,0,0,0,0,0,1,1,1,1
393,1,1,1,1,1,1,1,1,1
394,0,0,0,0,0,1,1,1,1
395,0,0,0,0,0,1,1,1,1
396,0,0,0,0,0,1,1,1,1
397,0,0,0,0,0,1,1,1,1
398,3,3,3,3,3,1,1,1,1
399,2,2,2,2,2,1,1,1,1
400,3,3,3,3,3,1,1,1,1
401,0,0,0,0,0,1,1,1,1
402,0,0,0,0,0,1,1,1,1
403,0,0,0,0,0,1,1,1,1
404,2,2,2,2,2,1,1,1,1
405,2,2,2,2,2,1,1,1,1
406,0,0,0,0,0,1,1,1,1
407,0,0,0,0,0,1,1,1,1
408,3,3,3,3,3,1,1,1,1
409,3,3,3,2,2,1,1,0,0
410,3,3,3,3,3,1,1,1,1
411,1,1,1,1,1,1,1,1,1
412,0,0,0,0,0,1,1,1,1
413,2,2,2,2,2,1,1,1,1
414,2,2,2,2,2,1,1,1,1
415,3,3,3,3,3,1,1,1,1
416,1,1,1,1,1,1,1,1,1
417,2,2,2,2,2,1,1,1,1
418,0,0,0,0,0,1,1,1,1
419,0,0,0,0,0,1,1,1,1
420,1,1,1,1,1,1,1,1,1
421,2,2,2,2,2,1,1,1,1
422,1,1,1,1,1,1,1,1,1
423,2,2,2,2,2,1,1,1,1
424,3,3,3,3,3,1,1,1,1
425,2,2,2,2,2,1,1,1,1
426,2,2,2,2,2,1,1,1,1
427,2,2,2,2,2,1,1,1,1
428,3,3,3,3,3,1,1,1,1
429,3,3,3,3,3,1,1,1,1
430,1,1,1,1,1,1,1,1,1
431,2,2,2,2,2,1,1,1,1
432,3,2,3,2,2,0,1,0,0
433,0,0,0,0,0,1,1,1,1
434,3,3,3,3,3,1,1,1,1
435,1,1,1,1,1,1,1,1,1
436,1,1,1,1,1,1,1,1,1
437,0,0,0,0,0,1,1,1,1
438,3,3,3,3,3,1,1,1,1
439,3,3,3,3,3,1,1,1,1
440,1,1,1,1,1,1,1,1,1
441,3,3,3,3,3,1,1,1,1
442,1,1,1,1,1,1,1,1,1
443,3,3,3,2,2,1,1,0,0
444,1,1,1,1,1,1,1,1,1
445,3,3,3,3,3,1,1,1,1
446,2,2,2,2,2,1,1,1,1
447,3,3,3,3,3,1,1,1,1
448,0,0,0,0,0,1,1,1,1
449,3,3,3,3,3,1,1,1,1
450,0,0,0,0,0,1,1,1,1
451,2,2,2,2,2,1,1,1,1
452,0,0,0,0,0,1,1,1,1
453,1,1,1,1,1,1,1,1,1
454,2,2,2,2,2,1,1,1,1
455,1,1,1,1,1,1,1,1,1
456,1,1,1,1,1,1,1,1,1
457,3,3,3,3,3,1,1,1,1
458,3,3,2,3,3,1,0,1,1
459,2,2,2,2,2,1,1,1,1
460,2,2,2,2,2,1,1,1,1
461,2,2,2,2,2,1,1,1,1
462,0,0,0,0,0,1,1,1,1
463,1,1,1,1,1,1,1,1,1
464,3,3,3,3,3,1,1,1,1
465,1,1,1,1,1,1,1,1,1
466,2,2,2,2,2,1,1,1,1
467,1,1,1,1,1,1,1,1,1
468,1,1,1,1,1,1,1,1,1
469,2,2,2,2,2,1,1,1,1
470,1,1,1,1,1,1,1,1,1
471,1,1,1,1,1,1,1,1,1
472,2,2,2,2,2,1,1,1,1
473,2,2,2,2,2,1,1,1,1
474,2,2,2,2,2,1,1,1,1
475,3,3,3,3,3,1,1,1,1
476,3,3,3,3,3,1,1,1,1
477,2,2,2,2,2,1,1,1,1
478,1,1,1,1,1,1,1,1,1
479,0,0,0,0,0,1,1,1,1
480,2,2,2,2,2,1,1,1,1
481,1,1,1,1,1,1,1,1,1
482,1,1,1,1,1,1,1,1,1
483,2,2,2,2,2,1,1,1,1
484,1,1,1,1,1,1,1,1,1
485,0,0,0,0,0,1,1,1,1
486,1,1,1,1,1,1,1,1,1
487,3,3,3,3,3,1,1,1,1
488,3,3,3,3,3,1,1,1,1
489,1,1,1,1,1,1,1,1,1
490,2,2,2,2,2,1,1,1,1
491,3,3,3,3,3,1,1,1,1
492,0,0,0,0,0,1,1,1,1
493,3,3,3,3,3,1,1,1,1
494,3,3,3,3,3,1,1,1,1
495,3,3,3,3,3,1,1,1,1
496,3,3,3,3,3,1,1,1,1
497,0,0,0,0,0,1,1,1,1
498,0,0,0,0,0,1,1,1,1
499,1,1,1,1,1,1,1,1,1
500,0,0,0,0,0,1,1,1,1
501,3,3,3,3,3,1,1,1,1
502,2,2,2,2,2,1,1,1,1
503,0,0,0,0,0,1,1,1,1
504,1,1,1,1,1,1,1,1,1
505,1,1,1,1,1,1,1,1,1
506,3,3,3,3,3,1,1,1,1
507,2,2,2,2,2,1,1,1,1
508,0,0,0,0,0,1,1,1,1
509,0,0,0,0,0,1,1,1,1
510,1,1,1,1,1,1,1,1,1
511,2,2,2,2,2,1,1,1,1
512,2,3,2,3,3,0,1,0,0
513,0,0,0,0,0,1,1,1,1
514,1,1,1,1,1,1,1,1,1
515,2,2,2,2,2,1,1,1,1
516,2,2,2,2,2,1,1,1,1
517,0,0,0,0,0,1,1,1,1
518,0,0,0,0,0,1,1,1,1
519,3,3,3,3,3,1,1,1,1
520,0,0,0,0,0,1,1,1,1
521,2,2,2,2,2,1,1,1,1
522,1,1,1,1,1,1,1,1,1
523,1,1,1,1,1,1,1,1,1
524,1,1,1,1,1,1,1,1,1
525,1,1,1,1,1,1,1,1,1
526,0,0,0,0,0,1,1,1,1
527,3,3,3,2,3,1,1,0,1
528,1,1,1,1,1,1,1,1,1
529,1,1,1,1,1,1,1,1,1
530,1,1,1,1,1,1,1,1,1
531,1,1,1,1,1,1,1,1,1
532,1,1,1,1,1,1,1,1,1
533,0,0,0,0,0,1,1,1,1
534,1,1,1,1,1,1,1,1,1
535,3,3,3,3,3,1,1,1,1
536,3,3,3,3,3,1,1,1,1
537,2,2,2,2,2,1,1,1,1
538,0,0,0,0,0,1,1,1,1
539,2,2,2,3,2,1,1,0,1
540,3,3,3,3,3,1,1,1,1
541,1,1,1,1,1,1,1,1,1
542,1,1,1,1,1,1,1,1,1
543,3,3,3,3,3,1,1,1,1
544,1,1,1,1,1,1,1,1,1
545,1,1,1,1,1,1,1,1,1
546,2,2,2,2,2,1,1,1,1
547,3,3,3,3,3,1,1,1,1
548,3,3,3,3,3,1,1,1,1
549,3,3,3,3,3,1,1,1,1
550,2,2,2,2,2,1,1,1,1
551,1,1,1,1,1,1,1,1,1
552,3,3,3,3,3,1,1,1,1
553,3,3,3,3,3,1,1,1,1
554,0,0,0,0,0,1,1,1,1
555,3,3,3,3,3,1,1,1,1
556,1,1,1,1,1,1,1,1,1
557,0,0,0,0,0,1,1,1,1
558,1,1,1,1,1,1,1,1,1
559,2,2,2,2,2,1,1,1,1
560,2,2,2,2,2,1,1,1,1
561,0,0,0,0,0,1,1,1,1
562,3,3,3,3,3,1,1,1,1
563,0,0,0,0,0,1,1,1,1
564,2,2,2,2,2,1,1,1,1
565,0,0,0,0,0,1,1,1,1
566,0,0,0,0,0,1,1,1,1
