sample_index,true_class,M0,R2
0,1,1,1
1,1,1,1
2,1,1,1
3,1,1,0
4,1,1,1
5,0,0,0
6,1,1,1
7,1,1,1
8,1,1,1
9,1,1,1
10,1,1,1
11,1,1,1
12,1,1,1
13,0,0,0
14,0,0,0
15,1,1,1
16,0,0,0
17,0,0,0
18,0,0,0
19,1,1,1
20,0,0,0
21,0,0,0
22,1,1,1
23,0,0,0
24,1,1,1
25,0,0,0
26,0,0,0
27,0,0,0
28,1,1,1
29,0,0,0
30,0,0,0
31,0,0,0
32,0,0,0
33,1,1,1
34,1,1,1
35,0,0,0
36,1,1,1
37,0,0,0
38,1,1,1
39,0,0,0
40,1,1,1
41,1,1,1
42,1,1,1
43,1,1,1
44,0,0,0
45,1,1,1
46,1,1,1
47,0,0,0
48,1,1,1
49,0,0,0
50,1,1,1
51,1,1,1
52,1,1,1
53,1,1,1
54,0,0,0
55,1,1,1
56,1,1,1
57,1,1,1
58,1,1,1
59,1,1,1
60,1,1,1
61,1,1,1
62,1,1,1
63,1,1,1
64,0,0,0
65,1,1,1
66,1,1,1
67,0,0,0
68,1,1,1
69,1,1,1
70,1,1,1
71,1,1,1
72,1,0,0
73,0,0,0
74,0,0,0
75,1,1,1
76,0,0,0
77,1,1,1
78,0,0,0
79,0,0,0
80,0,0,0
81,1,1,1
82,1,1,1
83,1,1,0
84,1,1,1
85,1,1,1
86,1,1,1
87,0,0,0
88,1,1,1
89,1,0,0
90,1,1,1
91,0,0,0
92,0,0,0
93,0,0,0
94,1,1,1
95,0,0,0
96,1,1,1
97,0,0,0
98,0,0,0
99,0,0,0
100,1,0,0
101,1,1,1
102,0,0,0
103,1,1,1
104,0,0,0
105,1,1,1
106,0,0,0
107,0,0,0
108,1,1,1
109,0,0,0
110,0,0,0
111,0,0,0
112,1,1,1
113,0,1,1
114,0,0,0
115,1,1,1
116,0,0,0
117,0,0,0
118,0,0,0
119,0,0,0
120,0,0,0
121,1,1,1
122,1,1,1
123,1,1,1
124,1,1,1
125,0,1,1
126,0,0,0
127,1,1,1
128,0,0,0
129,1,1,1
130,0,0,0
131,1,1,1
132,1,1,1
133,1,1,1
134,0,0,0
135,0,0,0
136,1,1,0
137,0,0,0
138,0,0,0
139,1,1,1
140,1,1,1
141,0,0,0
142,1,1,1
143,1,1,1
144,0,0,0
145,0,0,0
146,0,1,1
147,0,0,0
148,0,0,0
149,1,1,1
150,0,0,0
151,1,1,1
152,0,0,0
153,0,0,0
154,0,0,0
155,1,1,1
156,1,1,1
157,1,1,1
158,1,1,1
159,0,0,0
160,1,1,1
161,1,1,1
162,1,1,1
163,0,0,0
164,1,1,1
165,1,1,1
166,0,0,0
167,0,0,0
168,1,1,1
169,1,1,1
170,1,1,1
171,0,0,0
172,0,0,0
173,1,1,1
174,1,1,1
175,0,0,0
176,0,0,0
177,0,0,0
178,0,0,0
179,0,0,0
180,0,0,0
181,0,0,0
182,0,0,0
183,0,0,0
184,0,0,0
185,1,1,1
186,0,0,0
187,1,1,1
188,1,1,1
189,1,1,1
190,0,0,0
191,0,0,0
192,0,0,0
193,1,1,1
194,1,1,1
195,1,1,1
196,1,1,1
197,1,1,1
198,0,0,0
199,0,0,0
200,1,1,1
201,0,0,0
202,1,1,1
203,1,1,1
204,0,0,0
205,0,0,0
206,0,0,0
207,0,0,0
208,0,0,0
209,1,1,1
210,1,1,1
211,1,1,1
212,1,1,1
213,0,0,0
214,0,0,0
215,1,1,1
216,1,1,1
217,1,1,1
218,1,1,1
219,1,1,1
220,0,0,0
221,1,1,1
222,0,0,0
223,1,1,1
224,1,1,1
225,0,0,0
226,1,1,1
227,0,0,0
228,1,1,1
229,1,1,1
230,1,1,1
231,0,0,0
232,0,0,0
233,1,1,1
234,0,0,0
235,1,1,1
236,1,1,1
237,0,0,0
238,0,0,0
239,0,0,0
240,0,0,0
241,0,0,0
242,0,0,0
243,1,1,1
244,1,1,1
245,0,0,0
246,1,1,1
247,1,1,1
248,0,0,0
249,1,1,1
250,1,1,1
251,1,0,0
252,0,1,1
253,1,1,1
254,0,0,0
255,1,1,1
256,0,0,0
257,0,0,0
258,1,1,1
259,0,0,0
260,0,0,0
261,1,1,1
262,1,1,1
263,1,1,1
264,1,1,1
265,1,1,1
266,0,0,0
267,0,0,0
268,1,1,1
269,0,0,0
270,1,1,1
271,1,1,1
272,0,0,0
273,0,0,0
274,1,1,1
275,1,1,1
276,0,0,0
277,0,0,0
278,0,0,0
279,1,1,1
280,0,0,0
281,1,1,1
282,1,1,1
283,1,0,1
284,1,1,1
285,0,0,0
286,1,1,1
287,1,1,1
288,1,1,1
289,0,0,0
290,1,1,1
291,1,1,1
292,0,1,1
293,1,1,1
294,1,1,1
295,0,0,0
296,1,1,1
297,0,1,1
298,0,0,0
299,1,1,1
300,0,0,0
301,0,0,0
302,0,0,1
303,0,0,0
304,0,0,0
305,0,0,0
306,0,0,0
307,0,0,0
308,0,0,0
309,1,1,1
310,0,0,0
311,0,0,0
312,0,0,0
313,0,0,0
314,0,0,0
315,1,1,1
316,1,1,1
317,1,1,1
318,1,1,1
319,1,1,1
320,1,1,1
321,0,0,0
322,0,0,0
323,1,1,1
324,0,0,0
325,0,0,0
326,1,1,1
327,0,0,0
328,0,0,0
329,1,1,1
330,1,1,1
331,0,0,0
332,1,1,1
333,0,0,0
334,0,0,0
335,0,0,0
336,0,0,0
337,1,1,1
338,0,0,0
339,0,0,0
340,1,1,1
341,1,1,1
342,0,0,0
343,0,0,0
344,0,0,0
345,1,1,1
346,0,0,0
347,1,1,1
348,0,0,0
349,1,1,1
350,1,1,1
351,1,1,1
352,1,1,1
353,0,0,0
354,0,0,0
355,1,1,1
356,0,0,0
357,1,0,0
358,1,1,1
359,0,0,0
360,1,1,1
361,1,1,1
362,0,0,0
363,1,1,1
364,0,0,0
365,1,1,1
366,0,0,0
367,1,1,1
368,0,0,0
369,0,0,0
370,0,0,0
371,0,0,0
372,1,1,1
373,1,1,1
374,0,1,1
375,0,0,0
376,0,0,0
377,1,1,1
378,1,1,1
379,0,0,0
380,1,1,1
381,0,0,0
382,1,1,1
383,1,1,1
384,1,1,1
385,1,1,1
386,1,0,0
387,1,1,1
388,1,1,1
389,1,1,1
390,0,0,0
391,1,1,1
392,1,1,1
393,1,1,1
394,1,1,1
395,0,0,0
396,1,1,1
397,0,0,0
398,1,1,1
399,0,0,0
400,1,1,1
401,0,0,0
402,0,0,0
403,1,1,1
404,1,1,1
405,0,0,0
406,1,1,1
407,1,1,1
408,0,0,0
409,1,1,1
410,0,0,0
411,1,1,1
412,0,0,0
413,0,0,0
414,0,0,0
415,1,1,1
416,1,1,1
417,0,1,1
418,1,1,1
419,0,0,0
420,1,1,1
421,0,0,0
422,0,0,0
423,0,0,0
424,0,0,0
425,1,1,1
426,1,1,1
427,0,0,0
428,0,0,0
429,0,0,0
430,0,0,0
431,1,1,1
432,0,0,0
433,0,0,0
434,1,1,1
435,1,1,1
436,1,1,1
437,0,0,0
438,0,0,0
439,1,1,1
440,0,0,0
441,0,0,0
442,0,0,0
443,1,1,1
444,0,0,0
445,1,1,1
446,1,1,1
447,1,1,1
448,1,1,1
449,1,1,1
450,0,0,0
451,0,0,0
452,0,0,0
453,0,0,0
454,0,0,0
455,1,1,1
456,0,0,0
457,0,0,0
458,1,1,1
459,1,1,1
460,0,0,0
461,0,0,0
462,0,0,0
463,1,1,1
464,1,1,1
465,0,0,0
466,1,1,1
467,0,0,0
468,1,1,1
469,1,1,0
470,0,0,0
471,0,0,0
472,0,0,0
473,1,1,1
474,0,0,0
475,0,0,0
476,0,1,1
477,1,1,1
478,0,0,0
479,0,0,0
480,0,0,0
481,0,0,0
482,1,1,1
483,0,0,0
484,0,1,1
485,1,1,1
486,0,0,0
487,0,0,0
488,1,1,1
489,1,1,1
490,1,1,1
491,0,0,0
492,1,1,1
493,0,0,0
494,0,0,0
495,0,0,0
496,1,1,1
497,0,0,0
498,1,1,1
499,0,0,0
500,0,0,0
501,1,1,1
502,0,0,0
503,0,0,0
504,1,1,1
505,0,0,0
506,1,1,1
507,0,0,0
508,0,0,0
509,0,0,0
510,0,0,0
511,0,0,0
512,0,0,0
513,1,1,1
514,0,0,0
515,0,0,0
516,1,1,1
517,1,1,1
518,1,1,1
519,0,0,0
520,0,0,0
521,1,1,1
522,0,0,0
523,0,0,0
524,0,0,0
525,1,1,1
526,0,0,0
527,0,0,0
528,0,0,0
529,0,0,0
530,1,1,1
531,1,1,1
532,0,0,0
533,0,0,0
534,1,1,1
535,1,0,0
536,1,1,1
537,0,0,0
538,1,1,1
539,1,1,1
540,1,1,1
541,0,0,0
542,1,1,1
543,0,0,0
544,1,1,1
545,1,1,1
546,1,1,1
547,1,1,1
548,0,0,0
549,0,0,0
550,1,0,0
551,0,0,0
552,1,1,1
553,0,0,0
554,1,1,1
555,0,0,0
556,0,0,0
557,0,0,0
558,0,0,0
559,1,1,1
560,1,1,1
561,1,1,1
562,1,1,1
563,1,1,1
564,0,0,0
565,0,0,0
566,1,1,1
567,1,1,1
568,0,0,0
569,1,1,1
570,1,1,1
571,0,0,0
572,1,1,1
573,0,0,0
574,0,0,0
575,0,0,0
576,0,0,0
577,0,0,0
578,0,0,0
579,0,0,0
580,0,0,0
581,0,0,0
582,1,1,1
583,1,1,1
584,0,0,0
585,1,1,1
586,0,0,0
587,1,1,1
588,1,1,1
589,0,0,0
590,0,0,0
591,0,0,0
592,0,0,0
593,1,1,1
594,1,1,1
595,0,0,0
596,0,0,0
597,0,0,0
598,1,1,1
599,0,0,0
600,1,1,1
601,0,0,0
602,1,1,1
603,1,1,1
604,0,0,0
605,1,1,1
606,1,1,1
607,1,1,1
608,1,1,1
609,0,0,0
610,0,0,0
611,0,0,0
612,1,1,1
613,0,0,0
614,0,0,0
615,0,0,0
616,0,0,0
617,1,1,1
618,0,0,0
619,1,1,1
620,1,1,1
621,0,0,0
622,0,0,0
623,1,1,1
624,0,0,0
625,0,0,0
626,1,1,1
627,1,1,1
628,1,1,1
629,0,0,0
630,0,0,0
631,1,1,1
632,1,1,1
633,1,1,1
634,1,1,1
635,1,1,1
636,0,0,0
637,1,1,1
638,0,1,1
639,0,0,0
640,1,1,1
641,0,0,0
642,1,1,1
643,1,1,1
644,0,0,0
645,0,0,0
646,1,1,1
647,0,0,0
648,0,0,0
649,0,0,0
650,0,0,0
651,0,0,0
652,1,1,1
653,1,1,1
654,1,1,1
655,1,1,1
656,0,0,0
657,0,0,0
658,0,0,0
659,1,1,1
660,1,1,1
661,0,0,0
662,1,1,1
663,1,1,1
664,1,1,1
665,0,0,0
666,1,1,1
667,0,0,0
668,0,0,0
669,0,0,0
670,0,0,0
671,0,0,0
672,1,1,1
673,1,1,1
674,0,0,0
675,1,1,1
676,1,1,1
677,1,1,1
678,1,1,1
679,0,0,0
680,0,0,0
681,0,0,0
682,1,1,1
683,1,0,0
684,0,0,0
685,0,0,0
686,1,1,1
687,1,1,1
688,0,0,0
689,0,0,0
690,0,0,0
691,1,1,1
692,1,1,1
693,0,0,0
694,0,0,0
695,1,1,1
696,0,0,0
697,1,1,1
698,1,1,1
699,1,1,1
700,0,0,0
701,1,1,1
702,1,1,1
703,0,0,0
704,0,0,0
705,0,0,0
706,1,0,0
707,1,1,1
708,0,0,0
709,0,0,0
710,1,1,1
711,1,1,1
712,0,0,0
713,1,1,1
714,0,0,0
715,0,0,0
716,1,1,1
717,0,0,0
718,1,1,1
719,1,1,1
720,1,1,1
721,1,1,1
722,1,1,1
723,1,1,1
724,1,1,1
725,0,0,0
726,1,1,1
727,1,1,1
728,0,0,0
729,0,0,0
730,1,1,1
731,1,1,1
732,0,0,0
733,1,1,1
734,0,0,0
735,1,1,0
736,0,0,0
737,1,1,1
738,1,1,1
739,0,0,0
740,1,1,1
741,0,0,0
742,1,1,1
743,0,0,0
744,0,0,0
745,1,1,1
746,1,1,1
747,0,0,0
748,0,0,0
749,0,0,0
750,1,1,1
751,0,0,0
752,0,0,0
753,1,1,1
754,0,0,0
755,0,1,1
756,0,0,0
757,0,0,0
758,1,1,1
759,1,0,0
760,0,0,0
761,1,1,1
762,0,1,1
763,0,0,0
764,1,1,1
765,0,0,0
766,0,0,0
767,0,0,0
768,1,1,1
769,1,1,1
770,1,1,1
771,0,0,0
772,0,0,0
773,0,0,0
774,1,1,1
775,0,0,0
776,0,1,1
777,1,1,1
778,1,1,1
779,1,1,1
780,1,1,1
781,0,0,0
782,0,0,0
783,0,0,0
784,0,0,0
785,0,0,0
786,0,0,0
787,0,0,0
788,1,1,1
789,1,1,1
790,0,0,0
791,1,1,1
792,1,1,1
793,0,0,0
794,1,1,1
795,1,1,1
796,0,0,0
797,1,1,1
798,0,0,0
799,1,0,0
800,1,1,1
801,1,1,1
802,0,0,0
803,0,0,0
804,0,0,0
805,0,0,0
806,1,1,1
807,0,0,0
808,0,0,0
809,1,1,1
810,0,0,0
811,0,0,0
812,0,1,1
813,0,0,0
814,1,1,1
815,0,0,0
816,1,1,1
817,1,1,1
818,0,0,0
819,0,0,0
820,0,0,0
821,0,0,0
822,0,0,0
823,0,0,0
824,0,0,0
825,1,1,1
826,1,1,1
827,0,0,0
828,0,0,0
829,0,0,0
830,1,1,1
831,0,0,0
832,1,1,1
833,0,0,0
834,0,0,0
835,0,0,0
836,0,0,0
837,1,1,1
838,0,0,0
839,1,1,1
840,0,0,0
841,1,1,1
842,1,1,1
843,0,0,0
844,1,1,1
845,0,0,0
846,1,1,1
847,1,1,1
848,0,0,0
849,0,0,0
850,0,0,0
851,0,0,0
852,0,0,0
853,0,1,1
854,0,0,0
855,1,1,1
856,0,0,0
857,1,1,1
858,1,1,1
859,1,1,1
860,0,0,0
861,1,1,1
862,1,1,1
863,0,0,0
864,0,0,0
865,0,0,0
866,1,1,1
867,1,1,1
868,0,0,0
869,1,1,1
870,0,0,0
871,1,1,1
872,1,0,0
873,0,0,0
874,1,1,1
875,1,1,1
876,0,0,0
877,0,0,0
878,0,0,0
879,1,1,1
880,0,0,0
881,1,1,1
882,1,1,1
883,1,1,1
884,1,1,1
885,0,0,0
886,1,1,1
887,1,1,1
888,0,0,0
889,0,0,0
890,1,1,1
891,1,1,1
892,0,0,0
893,0,0,0
894,1,1,1
895,0,0,0
896,1,1,1
897,1,1,1
898,1,1,1
899,1,1,1
900,0,0,0
901,1,1,1
902,0,0,0
903,1,1,1
904,1,1,1
905,1,1,1
906,1,1,1
907,0,0,0
908,0,0,0
909,1,1,1
910,0,0,0
911,1,1,1
912,0,0,0
913,1,1,1
914,1,1,1
915,0,0,0
916,0,0,0
917,1,1,1
918,0,0,0
919,0,0,0
920,0,0,0
921,1,1,1
922,0,0,0
923,1,1,1
924,0,0,0
925,1,1,1
926,1,0,0
927,1,1,1
928,0,0,0
929,1,1,1
930,0,0,0
931,1,1,1
932,0,0,0
933,0,0,0
934,1,1,1
935,0,0,0
936,1,1,1
937,0,0,0
938,1,1,1
939,1,1,1
940,1,1,1
941,1,0,0
942,1,1,1
943,0,0,0
944,0,0,0
945,1,1,1
946,1,1,1
947,0,0,0
948,1,1,1
949,1,1,1
950,0,0,0
951,0,0,0
952,1,1,1
953,1,0,0
954,1,1,1
955,0,0,0
956,0,0,0
957,1,1,1
958,0,0,0
959,1,1,1
960,1,1,1
961,0,0,0
962,1,1,1
963,1,1,1
964,1,1,1
965,0,0,0
966,0,1,1
967,1,1,1
968,1,1,1
969,1,1,1
970,1,1,1
971,0,0,0
972,1,0,0
973,0,0,0
974,1,1,1
975,0,0,1
976,0,0,0
977,0,0,0
978,1,1,1
979,1,1,1
980,1,1,1
981,0,0,0
982,1,1,1
983,1,1,1
984,1,1,1
985,1,1,1
986,0,0,0
987,1,1,1
988,1,1,1
989,0,0,0
990,0,0,0
991,0,0,0
992,1,1,1
993,1,1,1
994,1,1,1
995,0,0,0
996,0,0,0
997,1,1,1
998,1,1,1
999,1,1,1
1000,1,0,0
1001,1,1,1
1002,0,0,0
1003,1,1,1
1004,1,1,1
1005,0,0,0
1006,0,0,0
1007,0,0,0
1008,1,1,1
1009,1,1,1
1010,0,0,0
1011,1,1,1
1012,1,1,1
1013,0,0,0
1014,1,1,1
1015,1,1,1
1016,0,0,0
1017,1,1,1
1018,1,1,1
1019,0,0,0
1020,0,0,0
1021,0,0,0
1022,1,1,1
1023,0,0,0
1024,1,1,1
1025,0,0,0
1026,1,1,1
1027,1,1,1
1028,1,1,1
