split,sample_id,HI_spec,HI_var,label
train,0,0.086216,2.2472,4
train,1,0.094278,3.0883,1
train,2,0.037436,2.3017,3
train,3,0.062513,2.9604,4
train,4,0.121309,1.405,2
train,5,0.079977,2.2917,4
train,6,0.033302,3.8019,2
train,7,0.067384,1.0418,3
train,8,0.074243,2.5642,4
train,9,0.060467,3.3349,1
train,10,0.046673,2.8542,2
train,11,0.020509,2.1674,4
train,12,0.004568,2.8241,4
train,13,0.009037,1.8703,4
train,14,0.024613,3.1704,1
train,15,0.029885,2.4336,4
train,16,0.035951,11.0431,0
train,17,0.091574,2.1687,0
train,18,0.046603,3.9162,1
train,19,0.062563,3.7533,1
train,20,0.038234,2.0016,1
train,21,0.038308,5.0715,1
train,22,0.160734,2.2518,0
train,23,0.036277,1.8136,2
train,24,0.076496,1.6486,4
train,25,0.02022,2.167,2
train,26,0.114132,2.0535,2
train,27,0.113903,1.9653,2
train,28,0.045546,2.926,3
train,29,0.035833,1.6667,4
train,30,0.100639,1.7517,0
train,31,0.013264,3.8412,3
train,32,0.108827,3.9654,2
train,33,0.161799,1.5328,4
train,34,0.006542,2.802,2
train,35,0.01997,2.855,3
train,36,0.017538,3.9605,2
train,37,0.125352,3.5264,1
train,38,0.058154,3.0871,1
train,39,0.063456,3.2031,3
train,40,0.006578,3.6108,1
train,41,0.047633,3.0517,2
train,42,0.01008,1.5803,0
train,43,0.102017,3.1296,3
train,44,0.063651,2.5234,2
train,45,0.052646,1.8577,4
train,46,0.09273,1.7003,4
train,47,0.06948,2.4834,3
train,48,0.054844,2.0391,2
train,49,0.06688,2.9664,4
train,50,0.036491,3.5034,4
train,51,0.056254,2.2522,3
train,52,0.022455,2.5443,4
train,53,0.022348,2.6804,3
train,54,0.058922,2.4042,1
train,55,0.023286,3.6966,1
train,56,0.006398,4.0998,2
train,57,0.10845,4.2487,3
train,58,0.021332,3.8623,1
train,59,0.037325,1.5583,4
train,60,0.088635,3.6347,2
train,61,0.011331,4.8508,1
train,62,0.061072,2.5175,3
train,63,0.026141,1.6302,2
train,64,0.087925,3.5151,2
train,65,0.074675,3.3652,3
train,66,0.036958,3.3274,3
train,67,0.062224,2.7236,2
train,68,0.027933,2.546,4
train,69,0.065106,4.6401,0
train,70,0.088938,4.7839,4
train,71,0.024238,2.8207,1
train,72,0.010233,1.9216,4
train,73,0.076127,3.5758,3
train,74,0.010185,3.6374,0
train,75,0.08075,3.9734,4
train,76,0.032178,3.2193,1
train,77,0.0485,2.2748,1
train,78,0.07452,1.9625,3
train,79,0.031335,1.8799,1
train,80,0.026958,1.7088,2
train,81,0.046145,1.4259,0
train,82,0.06159,3.111,4
train,83,0.057239,3.0853,3
train,84,0.082586,4.0309,2
train,85,0.104785,3.5136,1
train,86,0.016213,3.1648,2
train,87,0.079061,4.4146,1
train,88,0.003619,3.6669,3
train,89,0.09475,3.5137,3
train,90,0.039195,3.4999,2
train,91,0.003613,2.8321,3
train,92,0.011261,3.8693,1
train,93,0.080671,4.2201,1
train,94,0.03722,2.4603,3
train,95,0.133368,3.4346,3
train,96,0.078902,2.939,2
train,97,0.073733,2.6793,4
train,98,0.032257,5.3172,0
train,99,0.080393,4.2761,0
train,100,0.069015,3.1913,2
train,101,0.070843,2.5159,1
train,102,0.060851,2.4542,4
train,103,0.119146,1.5583,0
train,104,0.005975,3.6136,3
train,105,0.078306,2.9074,4
train,106,0.067546,3.4731,4
train,107,0.056934,2.0903,3
train,108,0.112803,3.7645,2
train,109,0.038716,2.4895,2
train,110,0.017384,3.6779,1
train,111,0.025883,2.9897,3
train,112,0.085761,3.0747,1
train,113,0.024704,1.9369,4
train,114,0.028948,2.8688,3
train,115,0.065061,3.9528,2
train,116,0.065114,2.7721,3
train,117,0.059147,2.2405,1
train,118,0.054574,3.6618,2
train,119,0.007543,2.3461,4
train,120,0.046961,3.6777,3
train,121,0.091094,2.471,3
train,122,0.050894,2.9001,0
train,123,0.129096,3.4556,1
train,124,0.012496,3.6377,3
train,125,0.087716,2.1732,3
train,126,0.117926,5.2883,1
train,127,0.155657,3.3644,2
train,128,0.017454,2.864,0
train,129,0.101204,3.1722,0
train,130,0.070618,2.0312,1
train,131,0.075342,4.5137,0
val,0,0.109513,1.4205,2
val,1,0.048948,3.4225,3
val,2,0.054035,2.3025,0
val,3,0.053782,3.0007,4
val,4,0.029748,3.7147,3
val,5,0.020542,3.8992,2
val,6,0.013861,2.304,0
val,7,0.020151,2.6582,3
val,8,0.010086,5.3894,3
val,9,0.078282,2.2035,4
val,10,0.01172,3.1488,1
val,11,0.02782,3.3752,1
val,12,0.043186,2.996,1
val,13,0.078552,1.9476,4
val,14,0.057175,2.6575,4
val,15,0.020542,2.6534,1
val,16,0.01296,2.8309,0
val,17,0.096937,3.9478,2
val,18,0.082287,3.5654,2
val,19,0.006019,2.8679,3
val,20,0.014727,2.8616,1
val,21,0.01245,2.165,4
val,22,0.009507,3.5698,2
test,0,0.124406,3.8558,2
test,1,0.108283,3.3133,3
test,2,0.036774,3.0534,0
test,3,0.149321,2.505,0
test,4,0.036232,3.6027,3
test,5,0.007572,2.9421,3
test,6,0.021885,3.7897,0
test,7,0.174734,4.9745,0
test,8,0.025193,4.1391,1
test,9,0.004694,1.4116,3
test,10,0.070915,2.2065,0
test,11,0.019893,3.6064,1
test,12,0.010297,2.0102,3
test,13,0.071857,3.9967,3
test,14,0.092214,3.9712,3
test,15,0.015406,2.2234,0
test,16,0.127558,3.867,2
test,17,0.007128,4.8187,2
test,18,0.016776,3.6752,1
test,19,0.064145,2.2271,0
test,20,0.078618,2.755,3
test,21,0.046647,3.3478,3
test,22,0.120474,3.2217,3
test,23,0.054435,2.6937,2
test,24,0.023104,8.189,2
test,25,0.134941,2.9151,0
test,26,0.021145,3.5702,2
test,27,0.072684,3.6078,3
test,28,0.034869,2.0701,4
test,29,0.039434,2.0358,1
test,30,0.146514,2.4897,1
test,31,0.00822,1.6185,4
test,32,0.040327,3.6007,1
test,33,0.003055,3.7891,4
test,34,0.032917,2.667,4
test,35,0.062107,3.3743,1
test,36,0.025412,2.0209,1
test,37,0.043235,1.6237,0
test,38,0.092893,2.2516,0
test,39,0.046161,2.369,3
test,40,0.072565,3.2199,1
test,41,0.006347,2.1239,4
test,42,0.011725,5.9051,0
test,43,0.061238,3.4802,0
test,44,0.148272,3.2611,4
test,45,0.110394,2.8718,2
test,46,0.108133,2.9328,1
test,47,0.019967,4.3754,1
test,48,0.071821,3.7736,1
test,49,0.081899,2.9617,2
test,50,0.015122,2.4746,3
test,51,0.125951,2.5502,0
test,52,0.203075,5.5887,0
test,53,0.0874,2.1819,2
test,54,0.010157,2.1572,4
test,55,0.049727,3.0953,4
test,56,0.013219,2.2604,1
test,57,0.032513,5.0572,0
test,58,0.070592,1.9833,4
test,59,0.073389,2.3396,1
test,60,0.043296,2.7405,3
test,61,0.067551,3.7656,4
test,62,0.117015,2.7465,3
test,63,0.067815,1.0267,4
test,64,0.063392,4.5454,0
test,65,0.02652,2.1455,0
test,66,0.004703,2.0703,4
test,67,0.08231,5.0547,2
test,68,0.064356,2.7163,4
test,69,0.139943,3.6077,3
test,70,0.0804,2.7906,3
test,71,0.152953,3.5242,1
test,72,0.100299,3.5276,0
test,73,0.053962,2.3881,0
test,74,0.02573,4.9781,1
test,75,0.025817,3.0379,2
test,76,0.01285,2.0221,4
test,77,0.006493,2.8354,2
test,78,0.014264,1.9608,4
test,79,0.121817,1.559,2
test,80,0.033716,2.169,2
test,81,0.045625,2.619,2
test,82,0.016639,4.5151,2
test,83,0.0892,2.7855,4
test,84,0.089364,2.5936,0
test,85,0.078106,3.0416,1
test,86,0.017584,2.0756,0
test,87,0.138033,4.317,3
test,88,0.015782,2.6344,3
test,89,0.102341,5.3696,4
test,90,0.088173,3.5721,2
test,91,0.068069,3.5859,2
test,92,0.04374,4.0998,1
test,93,0.058362,3.8656,3
test,94,0.113522,3.8326,3
test,95,0.09504,2.4816,2
test,96,0.168249,0.0804,0
test,97,0.009593,6.1676,2
test,98,0.056784,5.0243,3
test,99,0.110513,1.4646,4
test,100,0.151327,2.8541,4
test,101,0.035418,2.8347,4
test,102,0.024528,4.2555,1
test,103,0.054215,2.8954,3
test,104,0.012187,4.6235,3
test,105,0.015222,3.2643,1
test,106,0.067741,2.4972,4
test,107,0.055971,3.9531,2
test,108,0.051298,2.4496,3
test,109,0.102483,1.9824,1
test,110,0.018075,2.2045,2
test,111,0.11476,4.5539,4
test,112,0.116754,4.0299,1
test,113,0.022227,2.1282,3
test,114,0.116095,5.412,2
test,115,0.064776,2.4043,3
test,116,0.040055,4.6163,3
test,117,0.016957,3.4926,2
test,118,0.00926,2.5768,2
test,119,0.071804,3.258,3
test,120,0.048826,1.5703,4
test,121,0.108747,3.1178,1
test,122,0.065298,4.5863,2
test,123,0.012955,2.8986,3
test,124,0.113755,4.0056,2
test,125,0.038899,3.691,3
test,126,0.05512,2.4387,2
test,127,0.013722,3.3786,4
test,128,0.01017,2.1417,2
test,129,0.013879,3.6893,0
test,130,0.10709,3.2341,3
test,131,0.091436,5.3364,4
test,132,0.004691,2.0994,4
test,133,0.057399,5.1121,3
test,134,0.014144,2.6994,2
test,135,0.023101,1.6709,0
test,136,0.01582,2.7475,3
test,137,0.133264,3.2019,1
test,138,0.061919,2.8319,0
test,139,0.112962,2.147,2
test,140,0.086455,2.3259,4
test,141,0.045224,3.143,3
test,142,0.025113,3.1643,4
test,143,0.072735,2.772,4
test,144,0.003805,2.2184,0
test,145,0.08825,4.0221,1
test,146,0.002717,3.4094,2
test,147,0.002003,2.7337,1
test,148,0.072507,3.1722,3
test,149,0.060304,3.0919,0
test,150,0.039235,3.58,2
test,151,0.027688,3.7188,3
test,152,0.08435,2.3374,4
test,153,0.050988,2.6427,3
test,154,0.062708,7.0536,3
test,155,0.082504,4.9931,2
test,156,0.090147,2.6833,3
test,157,0.043655,1.6451,4
test,158,0.079384,2.4809,0
test,159,0.067049,2.6493,4
test,160,0.023,1.6237,4
test,161,0.022947,3.2698,2
test,162,0.096183,3.1233,1
test,163,0.007694,3.0374,4
test,164,0.043943,2.2197,2
test,165,0.03289,3.0602,3
test,166,0.004764,3.8842,1
test,167,0.038112,2.6966,4
test,168,0.114516,1.707,0
test,169,0.129596,2.6429,2
test,170,0.079648,3.6537,1
test,171,0.027526,2.6608,4
test,172,0.019348,3.2039,1
test,173,0.092301,2.5433,3
test,174,0.079267,2.52,0
test,175,0.032021,3.1751,1
test,176,0.041976,1.9756,2
test,177,0.018107,3.518,1
test,178,0.046824,2.3561,2
test,179,0.02557,1.757,3
test,180,0.106517,2.2254,0
test,181,0.025456,2.5621,4
test,182,0.055049,2.6523,3
test,183,0.039499,5.9524,4
test,184,0.112386,2.0451,4
test,185,0.039299,2.3886,3
test,186,0.060519,2.5579,0
test,187,0.058893,3.25,1
test,188,0.069266,1.5304,3
test,189,0.042632,2.1819,2
test,190,0.11528,1.9074,0
test,191,0.025166,2.0248,0
test,192,0.014156,3.5091,1
test,193,0.083454,4.9972,1
test,194,0.014116,3.5132,2
test,195,0.014339,2.8908,4
test,196,0.017947,2.9139,2
test,197,0.036718,2.358,1
test,198,0.012374,3.0627,2
test,199,0.083079,2.5534,3
test,200,0.01762,1.9805,0
test,201,0.078148,2.0369,4
test,202,0.09331,1.5563,4
test,203,0.007248,3.9328,2
test,204,0.109881,3.6319,0
test,205,0.108177,2.5266,4
test,206,0.006653,3.5538,3
test,207,0.111452,3.7138,3
test,208,0.020693,2.1362,0
test,209,0.064457,3.345,1
test,210,0.074546,3.7107,1
test,211,0.018742,2.3129,0
test,212,0.037913,1.7263,4
test,213,0.054214,2.6225,4
test,214,0.090894,3.6115,2
test,215,0.055683,2.3639,4
test,216,0.017345,2.5842,0
test,217,0.041569,3.1087,4
test,218,0.011098,3.5557,3
test,219,0.072284,5.6515,1
test,220,0.009081,1.6191,3
test,221,0.028224,2.6137,4
test,222,0.021392,1.9852,3
test,223,0.038417,5.043,1
test,224,0.013658,2.5996,1
test,225,0.05172,5.0598,0
test,226,0.06668,1.6879,2
test,227,0.089051,3.9329,1
test,228,0.020611,3.5415,2
test,229,0.058543,3.2988,3
test,230,0.03676,2.236,0
test,231,0.013002,2.1668,1
test,232,0.031118,2.1623,3
test,233,0.007764,2.3795,0
test,234,0.003943,2.3573,3
test,235,0.098748,4.9868,0
test,236,0.087898,2.652,2
test,237,0.054018,1.6617,2
test,238,0.084305,4.3779,2
test,239,0.056327,1.6433,2
test,240,0.035663,2.418,4
test,241,0.050697,2.2267,1
test,242,0.081989,4.0301,1
test,243,0.005203,4.4956,1
test,244,0.186016,2.9158,1
test,245,0.059913,3.1853,1
test,246,0.074881,4.1869,1
test,247,0.057561,2.2832,2
test,248,0.022283,3.665,4
test,249,0.054525,3.3825,1
test,250,0.043167,2.7011,0
test,251,0.097442,2.721,2
test,252,0.056123,2.2358,2
test,253,0.12529,5.2996,0
test,254,0.143419,6.159,3
test,255,0.067248,2.6964,4
test,256,0.073683,6.9993,0
test,257,0.131157,0.7289,0
test,258,0.157354,2.2688,4
test,259,0.05125,2.0469,4
test,260,0.005586,5.0401,4
test,261,0.04093,1.8845,2
test,262,0.07792,2.0059,4
test,263,0.035369,3.7107,1
test,264,0.016578,2.4507,4
test,265,0.003089,2.5099,4
test,266,0.044596,2.6181,0
test,267,0.092606,2.7297,1
test,268,0.018371,3.3118,2
test,269,0.059363,2.2769,3
test,270,0.043414,2.5373,3
test,271,0.090519,2.6055,1
test,272,0.035072,2.2749,1
test,273,0.017575,2.0535,0
test,274,0.105894,3.4169,2
test,275,0.105505,2.5119,1
test,276,0.024045,1.6337,0
test,277,0.128226,2.701,4
test,278,0.015044,3.4067,4
test,279,0.032834,3.0707,4
test,280,0.099304,3.859,3
test,281,0.114412,2.2421,0
test,282,0.07232,3.1354,3
test,283,0.129405,2.5139,4
test,284,0.124699,2.3095,4
test,285,0.02752,2.7992,0
test,286,0.071373,3.5128,3
test,287,0.015872,2.3002,1
test,288,0.076057,2.1309,4
test,289,0.143508,3.9074,3
test,290,0.0161,1.549,0
test,291,0.123787,2.973,1
test,292,0.026536,1.3697,0
test,293,0.004779,4.2148,4
test,294,0.015482,2.3787,0
test,295,0.032916,3.9847,0
test,296,0.012261,5.368,4
test,297,0.030529,2.6781,4
test,298,0.004363,2.4378,0
test,299,0.103293,4.8935,0
test,300,0.032753,2.3016,4
test,301,0.011304,3.1167,0
test,302,0.09353,2.8735,3
test,303,0.029067,3.7048,2
test,304,0.08257,2.749,3
test,305,0.124637,1.679,0
test,306,0.003957,2.1685,1
test,307,0.067042,3.2254,2
