epoch,train_loss,val_macro_f1,val_accuracy,theta,w,w_norm,lr
0,7.820210897341007,0.6144319152557878,0.6695557963163596,-1.8242404460906982,0.13892583549022675,16.297746658325195,0.01
1,1.1523883350011779,0.7452281622634337,0.8049837486457205,-1.3874071836471558,0.19982200860977173,21.184946060180664,0.01
2,0.6789611298136595,0.576318154512916,0.6901408450704225,-0.9736614227294922,0.2741513252258301,23.604507446289062,0.01
3,0.614086760253441,0.7198401468572756,0.8060671722643553,-0.523254930973053,0.3720914423465729,26.132652282714844,0.01
4,0.5963921576011472,0.7152301636215731,0.8244853737811484,-0.08065199106931686,0.4798479676246643,28.519567489624023,0.01
5,0.6589699191291157,0.8191469232978325,0.866738894907909,0.3577360212802887,0.5884922742843628,30.88528823852539,0.01
6,0.5004130810862635,0.8245446589826754,0.8710725893824486,0.6483393907546997,0.656636118888855,31.287921905517578,0.01
7,0.4452682869826875,0.5801123801803938,0.7161430119176598,0.8781986832618713,0.7064488530158997,30.908300399780273,0.01
8,0.7254558316454655,0.8553136196487717,0.8829902491874323,1.2516051530838013,0.7775775790214539,34.54121780395508,0.01
9,0.5415420441365824,0.864352807923901,0.8981581798483207,1.4964489936828613,0.8170442581176758,35.76596450805664,0.01
10,0.432871735859208,0.7483244339366426,0.8223185265438786,1.6236923933029175,0.8353037238121033,34.28730010986328,0.01
11,0.5225485685031589,0.8048865644583506,0.8537378114842904,1.8346916437149048,0.8623197078704834,35.63648223876953,0.01
12,0.4943008255667803,0.8939933961060025,0.914409534127844,1.9778718948364258,0.8784541487693787,35.351436614990234,0.01
13,0.944149783653457,0.5101120905900872,0.6338028169014085,2.2436137199401855,0.9040982723236084,39.27119827270508,0.01
14,0.6541892980656973,0.8896654716558027,0.9133261105092091,2.3864948749542236,0.9157916903495789,39.72335433959961,0.01
15,0.39318658902150827,0.7339707799260775,0.8169014084507042,2.414921522140503,0.91795814037323,37.37516784667969,0.01
16,0.5444611532659065,0.871216407686503,0.9003250270855905,2.5155673027038574,0.9252259135246277,37.617191314697266,0.01
17,0.8953613767900118,0.7840356020068282,0.8407367280606717,2.7066469192504883,0.9374176859855652,41.228214263916016,0.01
18,0.4773776596639214,0.8929229103101134,0.9176598049837487,2.747241973876953,0.9397574067115784,39.62265396118164,0.01
19,0.4862689016068854,0.8035260501902272,0.8591549295774648,2.787386178970337,0.9419903755187988,38.5619010925293,0.01
20,0.491672293987216,0.8464209729221122,0.8808234019501625,2.8321709632873535,0.9443897604942322,38.05735778808594,0.01
21,0.4361154159031263,0.7938659818369697,0.8320693391115926,2.8724958896636963,0.9464699625968933,37.57585906982422,0.01
22,0.4151632962066953,0.8472646422830792,0.886240520043337,2.89357852935791,0.947528064250946,36.667144775390625,0.01
23,0.4336710092498035,0.8996679658025322,0.9198266522210184,2.921889066696167,0.9489179253578186,36.241294860839844,0.01
24,0.45624680889815816,0.8805676916211466,0.9089924160346695,2.9588325023651123,0.9506793022155762,36.3173942565918,0.01
25,0.703693036262582,0.7081619496291791,0.7486457204767064,3.0767040252685547,0.9559215307235718,39.23916244506836,0.01
26,0.6680891999020809,0.836103073733188,0.8624052004333694,3.159274101257324,0.9592726230621338,40.414710998535156,0.01
27,0.5251945922287499,0.7620224998829871,0.8309859154929577,3.1644952297210693,0.9594760537147522,39.51503372192383,0.01
28,0.7573150950597554,0.8119133753780696,0.8656554712892741,3.237802743911743,0.9622323513031006,40.83967590332031,0.01
29,0.9528166996996578,0.8166272522134366,0.8494041170097508,3.3401939868927,0.9657822847366333,43.02782440185547,0.01
30,0.7296998351812363,0.6388589955345949,0.7573131094257854,3.3699052333831787,0.9667506217956543,42.828426361083984,0.01
31,0.6792450412744429,0.7280831445323565,0.8039003250270856,3.3891756534576416,0.9673645496368408,43.13639831542969,0.01
32,0.80183995133493,0.8266912500046113,0.8645720476706392,3.4494102001190186,0.9692135453224182,44.490230560302734,0.01
33,0.5346282039110254,0.8694639957855695,0.8927410617551462,3.4128007888793945,0.9681022763252258,42.95267868041992,0.01
34,0.6425764448032146,0.8846075795963813,0.9100758396533044,3.397214651107788,0.967617392539978,42.25823211669922,0.01
35,0.8346910514846081,0.8660623992005702,0.8981581798483207,3.507765054702759,0.9709078669548035,45.372676849365234,0.01
36,0.7404584395812779,0.6653118301380214,0.6923076923076923,3.5358941555023193,0.9716919660568237,45.62934875488281,0.01
37,0.5517939056565122,0.7784897340337591,0.8342361863488624,3.501354694366455,0.9707263112068176,44.42790222167969,0.01
38,0.9289553441652437,0.788049822925565,0.8504875406283857,3.562918186187744,0.9724259376525879,45.750160217285156,0.01
39,0.7504837578389703,0.7604751789170056,0.8049837486457205,3.5664117336273193,0.9725195169448853,45.635589599609375,0.01
40,0.6912017773564268,0.868264957913909,0.9003250270855905,3.58172345161438,0.9729256629943848,46.157466888427734,0.01
41,0.5238797459297064,0.8815244668466162,0.9035752979414952,3.5113372802734375,0.9710086584091187,44.56342697143555,0.01
42,0.38942745909458254,0.9082216197766879,0.9284940411700975,3.384476661682129,0.9672158360481262,42.217864990234375,0.01
43,0.36980024470788675,0.7587462767688673,0.7952329360780065,3.2804994583129883,0.9637537598609924,40.44926452636719,0.01
44,0.5118984903504209,0.7303273148573796,0.7659804983748646,3.3135180473327637,0.964889645576477,40.800228118896484,0.01
45,0.7812815970037041,0.8017860775293773,0.856988082340195,3.4126951694488525,0.9680988788604736,42.46088790893555,0.01
46,0.7021736717078744,0.8643115821356224,0.8927410617551462,3.4845807552337646,0.970245897769928,43.75609588623047,0.01
47,0.6196019355116821,0.8005051210359031,0.8645720476706392,3.462505578994751,0.9696019291877747,43.199920654296875,0.01
48,0.7051499346044006,0.9113481284524683,0.9284940411700975,3.495232343673706,0.9705517888069153,44.20950698852539,0.01
49,0.4700047562762005,0.8868201694670106,0.9133261105092091,3.3843905925750732,0.9672130942344666,42.56345748901367,0.01
50,0.847516115663982,0.7934471517873574,0.8537378114842904,3.533796548843384,0.9716342091560364,44.89216232299805,0.01
51,0.5957407186307558,0.8142603599437492,0.8656554712892741,3.4849236011505127,0.9702557325363159,44.336910247802734,0.01
52,0.813732859383269,0.8581518071546947,0.8927410617551462,3.5255396366119385,0.9714058041572571,44.90501022338867,0.01
53,0.45922798899615686,0.7396851698915581,0.8234019501625135,3.396453380584717,0.9675934910774231,43.379695892333984,0.01
54,0.837455746967618,0.8418227440634318,0.8656554712892741,3.4565646648406982,0.9694263339042664,44.0626220703125,0.01
55,0.4864511787891388,0.8825048246680065,0.9122426868905742,3.3323543071746826,0.9655222296714783,42.56528091430664,0.01
56,0.4094842939478595,0.8740040443659888,0.90465872156013,3.1779847145080566,0.959997296333313,40.90110397338867,0.01
57,0.4912996686449865,0.8597636159436046,0.8905742145178764,3.192713737487793,0.9605591297149658,40.66160202026367,0.01
58,1.2260163989735813,0.7776874663917498,0.7930660888407367,3.5215084552764893,0.971293568611145,44.63143539428711,0.01
59,0.5074017280485572,0.9011021359268161,0.9230769230769231,3.4346275329589844,0.968769371509552,43.62066650390625,0.01
60,0.533703702433807,0.899014116228828,0.9209100758396533,3.3794541358947754,0.9670562148094177,43.26432418823242,0.01
61,1.009169199844686,0.5849301895428407,0.6576381365113759,3.441226005554199,0.9689684510231018,44.1883544921875,0.01
62,1.5683505600545464,0.8723643300713831,0.8992416034669556,3.7801482677459717,0.977689802646637,49.59919738769531,0.01
63,0.5474473212550326,0.9049504502829937,0.9263271939328277,3.6164002418518066,0.9738242626190186,47.450531005859375,0.01
64,0.41264827186014597,0.8007465196229653,0.8656554712892741,3.413203001022339,0.9681146740913391,44.997596740722656,0.01
65,0.7030886651539221,0.8799438481991008,0.9079089924160346,3.4250974655151367,0.9684796929359436,44.866668701171875,0.01
66,0.4369900117560131,0.884652716038126,0.914409534127844,3.287341833114624,0.9639919996261597,43.405818939208984,0.01
67,0.4952010039876147,0.8946080831629674,0.9219934994582882,3.257387161254883,0.9629376530647278,42.78860855102539,0.01
68,0.5385969497445153,0.8312288380459616,0.8732394366197183,3.2877326011657715,0.9640055894851685,42.8758544921875,0.01
69,0.8008324120466302,0.9053558767639226,0.9252437703141928,3.4579403400421143,0.9694669842720032,44.639278411865234,0.01
70,1.173656776183989,0.43225153282059453,0.3553629469122427,3.5442934036254883,0.9719220995903015,46.220542907714844,0.01
71,1.4371823719361934,0.8211676901455371,0.8721560130010835,3.8733232021331787,0.9796342253684998,51.596656799316406,0.01
72,0.6413535835539422,0.8767864453465248,0.9068255687973997,3.6607706546783447,0.9749318361282349,48.94462585449219,0.01
73,0.7316179606245785,0.7825280216232728,0.8374864572047671,3.5568430423736572,0.9722626209259033,47.9122428894043,0.01
74,0.7581639944053278,0.878598701654336,0.8992416034669556,3.595545530319214,0.9732874631881714,48.50601577758789,0.01
75,0.5475710379641231,0.8963561944311877,0.9154929577464789,3.473531484603882,0.9699252247810364,47.18217849731445,0.01
76,0.40720237646161056,0.904275210179174,0.9274106175514626,3.281135320663452,0.9637758731842041,45.06096267700195,0.01
77,0.3999466667088067,0.8496591211480305,0.875406283856988,3.12814998626709,0.9580390453338623,43.34950637817383,0.01
78,0.39216813517779836,0.9129357148021668,0.9317443120260022,3.049616575241089,0.9547659754753113,42.168060302734375,0.01
79,0.5119868255243069,0.8865441345211134,0.9024918743228603,3.1120059490203857,0.9573853015899658,42.02637481689453,0.01
80,0.6241840038721155,0.7383801670442571,0.771397616468039,3.2283716201782227,0.9618881344795227,42.59493637084961,0.01
81,0.9672547378918019,0.872566800864319,0.9014084507042254,3.5506391525268555,0.9720947742462158,46.220420837402344,0.01
82,0.5075776351661216,0.6351688865103087,0.6717226435536294,3.420292377471924,0.9683327078819275,44.98223114013672,0.01
83,1.109684135492255,0.897207498536693,0.9209100758396533,3.6776442527770996,0.9753409624099731,48.384254455566406,0.01
84,0.5491161375510983,0.8940686848659537,0.9154929577464789,3.5031769275665283,0.9707779884338379,46.65723419189453,0.01
85,0.8023588152193442,0.7052721419565583,0.789815817984832,3.4565110206604004,0.9694247841835022,46.42267608642578,0.01
86,1.5979671440109975,0.7895200031802891,0.838569880823402,3.8395233154296875,0.9789488911628723,51.146697998046875,0.01
87,0.846681502534122,0.8212156682849201,0.8689057421451788,3.7632977962493896,0.9773193001747131,50.87550735473633,0.01
88,0.6094905755868772,0.8399552621366215,0.856988082340195,3.538095712661743,0.9717525243759155,48.77999496459961,0.01
89,0.46526797333868536,0.9242899655353227,0.9382448537378115,3.3282947540283203,0.9653868079185486,46.80006790161133,0.01
90,0.5267631347949912,0.8882053488487678,0.9133261105092091,3.2471351623535156,0.9625700116157532,45.75661849975586,0.01
91,0.5243315053422276,0.90795802493572,0.9252437703141928,3.189565658569336,0.9604396820068359,44.83716583251953,0.01
92,1.6889407005978794,0.5276759374334097,0.6110509209100758,3.6240110397338867,0.9740176200866699,49.142337799072266,0.01
93,1.3556386417732007,0.8418708175595423,0.8808234019501625,3.839287281036377,0.978943943977356,52.41653060913086,0.01
94,0.4954587402867108,0.8538160685077407,0.875406283856988,3.6008238792419434,0.9734243750572205,49.77621078491211,0.01
95,0.5644615685067526,0.9208000612559788,0.9360780065005417,3.428886890411377,0.9685952067375183,47.9091911315918,0.01
96,0.9524008911557313,0.8824632117693401,0.9035752979414952,3.4490718841552734,0.9692034721374512,48.21931076049805,0.01
97,0.48033907936840525,0.8956408060193775,0.914409534127844,3.3081886768341064,0.964708685874939,46.564144134521484,0.01
98,0.4738804587140316,0.8755359676331416,0.894907908992416,3.1912641525268555,0.9605042338371277,45.31326675415039,0.01
99,0.8122290378300155,0.7095069663033138,0.8201516793066089,3.3238019943237305,0.9652364253997803,46.183319091796875,0.01
100,0.6521934543440981,0.9106912835277943,0.9295774647887324,3.3717756271362305,0.9668107628822327,46.748863220214844,0.01
101,0.46537729807016326,0.7477088261839251,0.7887323943661971,3.244483232498169,0.9624743461608887,45.355186462402344,0.01
102,0.5108467676654095,0.9044455069403237,0.9209100758396533,3.1792314052581787,0.9600452184677124,44.374412536621094,0.01
103,0.46550731578978094,0.8934729672564277,0.9176598049837487,3.120124578475952,0.9577152729034424,43.5692138671875,0.01
104,0.7639570528777634,0.9096970042697878,0.9295774647887324,3.259647846221924,0.9630182385444641,44.49391555786133,0.01
105,0.530882918434899,0.8369673807491205,0.8797399783315276,3.1934359073638916,0.9605864882469177,43.689979553222656,0.01
106,0.5518182610593191,0.6773923308107516,0.7388949079089924,3.1779301166534424,0.9599952101707458,43.2185173034668,0.01
107,0.8030341038616692,0.8878782991542135,0.9079089924160346,3.3169546127319336,0.9650058746337891,44.30220031738281,0.01
108,0.4891251142068607,0.8849501171842615,0.90465872156013,3.2054941654205322,0.9610404968261719,43.34681701660156,0.01
109,0.4094655949894975,0.9052714442221802,0.9284940411700975,3.0980923175811768,0.9568139314651489,42.33430862426758,0.01
110,0.4864450609538613,0.7961660251859412,0.8450704225352113,3.074967861175537,0.9558483362197876,41.98176956176758,0.01
111,0.591681610883736,0.8754091426403671,0.9089924160346695,3.165891170501709,0.9595303535461426,42.97000503540039,0.01
112,0.7100513257631441,0.788007625163876,0.8255687973997833,3.267216205596924,0.963286817073822,43.45688247680664,0.01
113,0.4093805682368395,0.8808122551062484,0.9089924160346695,3.1616146564483643,0.9593639373779297,42.60944366455078,0.01
114,1.9524102051083634,0.7596636895850668,0.8331527627302275,3.7656548023223877,0.9773714542388916,50.60435104370117,0.01
115,0.7186303262303515,0.8118923724471501,0.8656554712892741,3.6325700283050537,0.9742333292961121,49.26922607421875,0.01
116,0.6502906171286978,0.8990423609198634,0.9209100758396533,3.5196585655212402,0.9712419509887695,48.104774475097656,0.01
117,0.52763060207774,0.8704291724592222,0.90465872156013,3.366744041442871,0.9666488766670227,46.56423568725586,0.01
118,0.4896627282950936,0.8672259360545909,0.8938244853737811,3.236010789871216,0.9621671438217163,45.15184020996094,0.01
119,0.5443917020428471,0.7438383438008787,0.8060671722643553,3.2590372562408447,0.9629965424537659,45.19478988647461,0.01
120,0.527876020931616,0.87792865473858,0.8992416034669556,3.247763156890869,0.9625926613807678,45.10564422607422,0.01
121,0.6275947873548764,0.838178729566146,0.8786565547128927,3.207043170928955,0.9610984921455383,44.303409576416016,0.01
122,0.4718428366794819,0.815991659596565,0.8439869989165764,3.1222076416015625,0.9577996134757996,43.603759765625,0.01
123,0.3990045120803321,0.7933631405791306,0.8212351029252438,3.017717123031616,0.9533681273460388,42.40448760986328,0.01
124,0.7687954997144094,0.8776731714358569,0.9111592632719393,3.2561428546905518,0.9628931879997253,43.684391021728516,0.01
125,0.700985118565036,0.9118409833994443,0.9306608884073673,3.3835766315460205,0.9671872854232788,45.00893783569336,0.01
126,0.88646027918269,0.4947441671192781,0.4452871072589382,3.461118221282959,0.9695610404014587,45.968379974365234,0.01
127,1.5143731897924004,0.8482738560015036,0.8851570964247021,3.6314735412597656,0.9742058515548706,49.213924407958984,0.01
128,0.6345042717166063,0.8132975654327707,0.838569880823402,3.4806747436523438,0.9701328873634338,47.848628997802734,0.01
129,0.5306741904194762,0.8909283302994255,0.9176598049837487,3.3236632347106934,0.965231716632843,46.44672393798828,0.01
130,0.5823103600158924,0.8804151334510459,0.9003250270855905,3.266958713531494,0.9632777571678162,45.819454193115234,0.01
131,1.144854828897046,0.8590664934453835,0.8808234019501625,3.527730703353882,0.9714665412902832,48.72391891479492,0.01
132,0.6092806749227571,0.8916563604589942,0.9089924160346695,3.412968873977661,0.9681074023246765,47.87456512451172,0.01
133,0.5895907355517875,0.9106870704547612,0.9263271939328277,3.3380019664764404,0.9657097458839417,47.16749572753906,0.01
134,0.449068150142344,0.871484566482885,0.8884073672806068,3.191128730773926,0.9604990482330322,45.700279235839844,0.01
135,0.7580971736006621,0.7607092804822205,0.8136511375947996,3.199031352996826,0.9607977867126465,45.304874420166016,0.01
136,1.1232517147209586,0.864846567572443,0.8938244853737811,3.5630033016204834,0.9724282026290894,48.95185852050781,0.01
137,0.5916880503660296,0.9045021645021645,0.9241603466955579,3.462042808532715,0.9695882797241211,48.11449432373047,0.01
138,0.40641549920163506,0.8591690793038959,0.9014084507042254,3.246181011199951,0.9625356793403625,46.064453125,0.01
139,0.6614681202463988,0.7541754678067576,0.8299024918743229,3.3277692794799805,0.9653692841529846,46.47610855102539,0.01
140,0.7537877799534216,0.7011829505947031,0.8049837486457205,3.365656614303589,0.96661376953125,46.79740905761719,0.01
141,0.962300594260053,0.9039790958639304,0.9252437703141928,3.4329440593719482,0.9687183499336243,47.61237335205078,0.01
142,0.953215063890306,0.6890798195998908,0.7659804983748646,3.508408308029175,0.97092604637146,48.868431091308594,0.01
143,0.7909226726468016,0.8180075033419529,0.8721560130010835,3.515916585922241,0.971137285232544,49.456539154052734,0.01
144,0.6728645032498894,0.8102232808043173,0.8602383531960996,3.4311044216156006,0.968662679195404,48.482688903808594,0.01
145,0.7217197167437251,0.880201885997085,0.9133261105092091,3.3567299842834473,0.966324508190155,47.65388488769531,0.01
146,0.8949438707857598,0.8746692327893131,0.894907908992416,3.3514158725738525,0.966151237487793,47.662353515625,0.01
147,0.5866829723846622,0.7349460360717539,0.8494041170097508,3.2984464168548584,0.9643755555152893,46.99030685424805,0.01
148,0.503667546845064,0.8304613698528371,0.8819068255687974,3.1587252616882324,0.9592511057853699,45.72806930541992,0.01
149,1.5977376317832528,0.8513700764540125,0.8721560130010835,3.5795960426330566,0.9728695750236511,49.96118927001953,0.01
150,0.49107553101167445,0.8489894603103814,0.8732394366197183,3.372617483139038,0.9668377041816711,48.21821212768555,0.01
151,0.47474466173387153,0.85075714317121,0.8959913326110509,3.2108821868896484,0.9612417817115784,46.616329193115234,0.01
152,0.9914182955172004,0.6705844564523177,0.8169014084507042,3.322619676589966,0.9651967287063599,47.587013244628906,0.01
153,1.677391305565834,0.9173530731154844,0.9328277356446371,3.6534531116485596,0.9747523665428162,52.02088928222656,0.01
154,0.5071149337582472,0.8607910760632451,0.8797399783315276,3.4540529251098633,0.9693517088890076,49.833740234375,0.01
155,0.6226443008678716,0.9077236405327531,0.9284940411700975,3.353395462036133,0.9662159085273743,48.6435661315918,0.01
156,0.8172046204165715,0.8711924116902046,0.9068255687973997,3.3772246837615967,0.9669851660728455,48.53992462158203,0.01
157,0.5164420288510438,0.8628782307587691,0.9035752979414952,3.2347640991210938,0.9621217846870422,47.04164505004883,0.01
158,0.5716840097816979,0.8482153519147447,0.8905742145178764,3.164402723312378,0.9594725370407104,46.06747055053711,0.01
159,0.702771775606202,0.8198438197541893,0.8634886240520043,3.30059552192688,0.9644492864608765,47.21783447265625,0.01
160,0.6111187556894814,0.7159772787793606,0.8071505958829902,3.2874972820281982,0.9639974236488342,47.01842498779297,0.01
161,0.5530362292760755,0.9053442900511754,0.9274106175514626,3.2269484996795654,0.9618359804153442,46.35459899902344,0.01
162,0.6052397511354307,0.6560880292951159,0.7822318526543879,3.287175416946411,0.9639862179756165,46.96156692504883,0.01
163,0.715501887042348,0.7271245987025822,0.7692307692307693,3.310096025466919,0.9647735953330994,47.02640151977539,0.01
164,0.4752383059481295,0.9135117146265873,0.9306608884073673,3.183283805847168,0.9602003693580627,45.8564453125,0.01
165,0.8574738229920225,0.8921457491025029,0.9100758396533044,3.33732533454895,0.9656873345375061,47.06493377685547,0.01
166,1.080306300666274,0.902617475222069,0.9219934994582882,3.6428580284118652,0.9744903445243835,51.0535774230957,0.01
167,0.5495755527077651,0.8937157730234014,0.9111592632719393,3.4459569454193115,0.9691103100776672,49.149192810058594,0.01
168,0.5108099536197942,0.7809139031611516,0.8364030335861322,3.301600694656372,0.9644836187362671,47.669830322265625,0.01
169,0.45571559267800027,0.8820315635536293,0.8981581798483207,3.189213514328003,0.960426390171051,46.55352783203125,0.01
170,0.38303351729381374,0.9116103270355079,0.9306608884073673,3.0336551666259766,0.9540716409683228,44.97164535522461,0.01
171,0.3993498650265903,0.9174448247096558,0.9360780065005417,2.9687180519104004,0.9511407613754272,43.984596252441406,0.01
172,0.495287274078625,0.8394848179391257,0.8613217768147345,2.9498555660247803,0.9502566456794739,43.23656463623047,0.01
173,1.7880764937982327,0.7911899435627634,0.8602383531960996,3.5903584957122803,0.973152220249176,48.883609771728516,0.01
174,1.1385498501178695,0.8389740547471174,0.8732394366197183,3.7035703659057617,0.9759568572044373,51.313968658447266,0.01
175,0.9415588069979738,0.8502566892501774,0.8829902491874323,3.6299004554748535,0.9741662740707397,50.96784591674805,0.01
176,0.6259806101642004,0.8028609102152432,0.8591549295774648,3.4098763465881348,0.9680117964744568,49.15278625488281,0.01
177,1.1484029994505207,0.8009126619450629,0.8396533044420368,3.6370084285736084,0.9743446111679077,51.94965744018555,0.01
178,0.4970604155848666,0.8960554573279593,0.9187432286023836,3.3928534984588623,0.967480480670929,49.77212142944336,0.01
179,0.4616195706696045,0.9022049071693848,0.9187432286023836,3.2013773918151855,0.9608860015869141,47.84564971923828,0.01
180,0.49998517952314236,0.878656623125566,0.9014084507042254,3.0846359729766846,0.9562545418739319,46.64879608154297,0.01
181,0.5044355719554715,0.8103482447194861,0.8580715059588299,3.05419659614563,0.9549633264541626,45.97782516479492,0.01
182,0.5518546605982432,0.8043162907352734,0.7919826652221018,3.100001573562622,0.956892728805542,45.93022537231445,0.01
183,0.43278179208679896,0.9025536085319749,0.9241603466955579,3.0742526054382324,0.9558181762695312,45.406219482421875,0.01
184,0.7788615759189536,0.8738543502451088,0.90465872156013,3.3202006816864014,0.9651153683662415,47.169246673583984,0.01
185,0.5900290550255194,0.8255168737126872,0.8580715059588299,3.252800941467285,0.9627736210823059,46.44215393066406,0.01
186,0.6256284306689006,0.7459925386647003,0.8309859154929577,3.2473502159118652,0.962577760219574,46.36268997192383,0.01
187,0.5683075705679451,0.8990219935912809,0.9187432286023836,3.2025279998779297,0.960929274559021,45.8595085144043,0.01
188,0.3829770168153251,0.9101818667087567,0.9317443120260022,3.0101168155670166,0.9530290961265564,44.28780746459961,0.01
189,0.81561720698345,0.6701496607188644,0.8039003250270856,3.2743561267852783,0.9635385274887085,46.47218704223633,0.01
190,1.1616846323013306,0.8680634915749197,0.9003250270855905,3.4848110675811768,0.970252513885498,49.103050231933594,0.01
191,0.5573929748157176,0.902921064555841,0.9198266522210184,3.349799394607544,0.9660982489585876,48.00105667114258,0.01
192,0.46196413094677574,0.8069949071374001,0.8483206933911159,3.1781766414642334,0.9600047469139099,46.44801712036133,0.01
193,0.642307484658753,0.8401174175221016,0.8602383531960996,3.192178964614868,0.9605388641357422,46.34728240966797,0.01
194,0.43486563661476463,0.8979023693501661,0.9198266522210184,3.11751389503479,0.9576094746589661,45.596805572509766,0.01
195,0.33477318686683005,0.7953613765990563,0.8613217768147345,2.9113283157348633,0.9484035968780518,43.88373565673828,0.01
196,0.4382663434598504,0.9277079305721448,0.9414951245937161,2.9121382236480713,0.9484432935714722,43.37583923339844,0.01
197,0.4653846089069436,0.8377588539309038,0.8775731310942578,2.9363701343536377,0.9496152997016907,43.072425842285156,0.01
198,0.5772165187248369,0.9137803430039408,0.9317443120260022,3.1124141216278076,0.9574018716812134,44.24380111694336,0.01
199,0.7013270902197536,0.9020630231156547,0.9176598049837487,3.2067625522613525,0.9610879421234131,44.65263748168945,0.01
200,0.67796993964329,0.5835313355629592,0.6543878656554712,3.271408796310425,0.9634348750114441,45.56186294555664,0.01
201,0.7456461492835021,0.9064889153185213,0.9263271939328277,3.435279607772827,0.9687891006469727,47.601932525634766,0.01
202,0.4768152149712167,0.6125052331250648,0.7659804983748646,3.228713035583496,0.9619005918502808,45.70792007446289,0.01
203,0.6936196492212575,0.8341871682207229,0.8797399783315276,3.268315315246582,0.9633256793022156,46.179805755615234,0.01
204,1.8841615490070203,0.627995126856485,0.7258938244853738,3.894335985183716,0.9800492525100708,54.417945861816406,0.01
205,0.6887344994196077,0.8749667982302215,0.90465872156013,3.673501491546631,0.9752411842346191,52.13227844238281,0.01
206,0.6070378379123967,0.9048027819300417,0.9209100758396533,3.468963861465454,0.9697917103767395,50.319801330566406,0.01
207,0.8707675675793392,0.8283601429980185,0.8764897074756229,3.5307533740997314,0.9715502858161926,51.07255172729492,0.01
208,1.1535166963571455,0.8634588730862814,0.8808234019501625,3.572981834411621,0.9726945161819458,51.78656005859375,0.01
209,0.5451002855126451,0.9035605759909909,0.9198266522210184,3.3958840370178223,0.9675756692886353,50.35129928588867,0.01
210,0.5376345722413645,0.9247254553082055,0.9414951245937161,3.2555713653564453,0.9628727436065674,48.903846740722656,0.01
211,1.345482901465602,0.7897090247169032,0.847237269772481,3.5888705253601074,0.9731133580207825,51.96299362182617,0.01
212,0.5677740086869496,0.7592724461419691,0.8407367280606717,3.4137885570526123,0.9681326746940613,50.35429000854492,0.01
213,0.45443315077118757,0.8420381211345871,0.8884073672806068,3.212637186050415,0.9613071084022522,48.460567474365234,0.01
214,0.5146499376108007,0.8888828019130923,0.9165763813651138,3.1185250282287598,0.9576504230499268,47.32202911376953,0.01
215,0.8974584795352889,0.689892752355439,0.819068255687974,3.4061267375946045,0.9678955078125,49.77532958984375,0.01
216,0.6484324056200865,0.9205938899084746,0.9360780065005417,3.3476502895355225,0.9660278558731079,49.27539825439453,0.01
217,0.3765331215974761,0.8978935842784764,0.9219934994582882,3.1183717250823975,0.9576442241668701,47.03495407104492,0.01
218,0.9111524009849967,0.9103302439468562,0.9274106175514626,3.350290536880493,0.9661144018173218,48.95628356933594,0.01
219,0.4702588290703006,0.8630010877640627,0.8905742145178764,3.205831527709961,0.9610531330108643,47.56504440307617,0.01
220,0.5056127891307924,0.6690857073873187,0.7291440953412784,3.133537530899048,0.9582551717758179,46.671817779541016,0.01
221,0.7524712076637803,0.8288078530313499,0.8689057421451788,3.2137415409088135,0.9613480567932129,47.05635070800781,0.01
222,0.47176817659197784,0.9263755912340755,0.9393282773564464,3.067817211151123,0.9555455446243286,45.84790802001953,0.01
223,0.6529631847288551,0.8577411208302379,0.8743228602383532,3.19647216796875,0.9607012271881104,46.76087951660156,0.01
224,0.5906440742859026,0.8757426599577902,0.90465872156013,3.2076292037963867,0.9611204266548157,46.67503356933594,0.01
225,0.622101629652628,0.7137814550218318,0.7973997833152763,3.1916286945343018,0.9605180025100708,46.47178268432617,0.01
226,1.3252647806231568,0.8253516044460554,0.8732394366197183,3.46136212348938,0.9695681929588318,49.660987854003906,0.01
227,0.52012078682097,0.761646542953258,0.7670639219934995,3.3077657222747803,0.9646942615509033,48.196475982666016,0.01
228,0.5451378368022965,0.8876808371530416,0.9035752979414952,3.2548434734344482,0.9628467559814453,47.66508483886719,0.01
229,0.5658486510922269,0.865642289753113,0.8981581798483207,3.2157697677612305,0.9614234566688538,47.05943298339844,0.01
230,0.3914915065212948,0.9296019850576892,0.9447453954496208,3.0365149974823,0.9541967511177063,45.51838302612305,0.01
231,0.3838864181463311,0.8666290674985921,0.9014084507042254,2.9242849349975586,0.9490339756011963,44.322147369384766,0.01
232,0.34970034331810185,0.8491696995784951,0.8732394366197183,2.8322834968566895,0.9443956017494202,43.210018157958984,0.01
233,0.40801439997626515,0.9224178054148986,0.9371614301191766,2.8419854640960693,0.9449028968811035,42.69953155517578,0.01
234,0.3276916286203919,0.8899952155152899,0.9079089924160346,2.744539499282837,0.9396042227745056,41.628135681152344,0.01
235,2.6642764992103345,0.7032169472832765,0.6977248104008668,3.495079517364502,0.9705473780632019,51.5948600769043,0.01
236,0.9375624714828119,0.8113545461751656,0.8407367280606717,3.4797475337982178,0.9701059460639954,51.014404296875,0.01
237,0.7938631038840224,0.6224163434264137,0.7551462621885157,3.4356791973114014,0.9688011407852173,49.98909378051758,0.01
238,0.8386185078359232,0.7457014056812852,0.8071505958829902,3.401845932006836,0.9677621722221375,49.79814910888672,0.01
239,0.4307818787127006,0.8308801189255393,0.8775731310942578,3.2559235095977783,0.962885320186615,48.057464599609375,0.01
240,0.5258622518399867,0.8865971796228846,0.9111592632719393,3.1828696727752686,0.9601845145225525,47.1574821472168,0.01
241,0.39543616462771486,0.8005010531782611,0.8277356446370531,3.0655131340026855,0.9554475545883179,45.71129608154297,0.01
242,0.5934226124024973,0.9081070594647367,0.9274106175514626,3.1220083236694336,0.9577915072441101,45.843040466308594,0.01
243,0.5340960071217723,0.8676012030314141,0.9024918743228603,3.0886149406433105,0.9564206600189209,45.36026382446289,0.01
244,0.6364462459232749,0.8535649414617937,0.8905742145178764,3.1195220947265625,0.9576908946037292,45.52946472167969,0.01
245,0.7324268290909325,0.8092913305355115,0.838569880823402,3.2023043632507324,0.9609209299087524,46.302284240722656,0.01
246,0.6889443779137077,0.8663600275273987,0.90465872156013,3.2287886142730713,0.9619033336639404,46.61981964111328,0.01
247,0.5477543800342374,0.8576176566092564,0.9003250270855905,3.198303699493408,0.9607703685760498,46.46452331542969,0.01
248,0.4597546917999663,0.8774180667502074,0.9122426868905742,3.1072568893432617,0.9571910500526428,45.544559478759766,0.01
249,1.4196285165664626,0.8479150659475202,0.886240520043337,3.454155206680298,0.9693548679351807,49.36687088012695,0.01
250,0.4968641113217284,0.8308508116182406,0.8559046587215602,3.3117263317108154,0.9648288488388062,48.14579391479492,0.01
251,0.3874816013182082,0.9124937747994644,0.9284940411700975,3.1135294437408447,0.957447350025177,46.231956481933594,0.01
252,0.47745773141703957,0.8676019919304478,0.8905742145178764,3.0427660942077637,0.9544691443443298,45.46229553222656,0.01
253,0.4328192743222888,0.896978635475542,0.9154929577464789,2.995661497116089,0.9523777365684509,44.76889419555664,0.01
254,0.5006903504453054,0.5302761025291648,0.7161430119176598,2.919579267501831,0.9488058686256409,43.857940673828125,0.01
255,2.7799724503988172,0.6975619777901735,0.7497291440953413,3.4988198280334473,0.9706541895866394,51.8194694519043,0.01
256,0.6814092648465458,0.8740219981452952,0.8981581798483207,3.447288751602173,0.9691501259803772,50.768959045410156,0.01
257,0.6319568680553902,0.7903637884804986,0.8494041170097508,3.3252980709075928,0.9652866125106812,49.100608825683594,0.01
258,0.5214673720481919,0.908126401230331,0.9263271939328277,3.2236859798431396,0.9617159962654114,47.903846740722656,0.01
259,0.4351199703609071,0.8512778546670556,0.8894907908992417,3.114415407180786,0.9574834108352661,46.74412155151367,0.01
260,0.456039412174283,0.8810969357991775,0.9089924160346695,3.0571908950805664,0.9550919532775879,45.97614288330078,0.01
261,0.8448272058513107,0.8920224434274374,0.9165763813651138,3.1863083839416504,0.9603157639503479,46.84733963012695,0.01
262,0.49688121458379236,0.863864142021904,0.8829902491874323,3.114142894744873,0.9574723839759827,46.069862365722656,0.01
263,0.5560732414809669,0.8814814773223347,0.9111592632719393,3.0709331035614014,0.9556776881217957,45.46609115600586,0.01
264,0.5111149598549052,0.8444562284060171,0.8884073672806068,3.025265693664551,0.9537026286125183,44.77199935913086,0.01
265,0.5092229058102864,0.9102834316384925,0.9317443120260022,2.9936203956604004,0.95228511095047,44.2638053894043,0.01
266,0.7480763247827205,0.9091213313855896,0.9263271939328277,3.179471492767334,0.9600543975830078,46.24137496948242,0.01
267,0.46189794380490373,0.6625340127792192,0.7887323943661971,3.0727267265319824,0.9557536840438843,45.196327209472656,0.01
268,1.3407174872189034,0.8478302131389581,0.886240520043337,3.4412941932678223,0.9689704775810242,49.68540573120117,0.01
269,0.6287085890043073,0.9147209589933075,0.9328277356446371,3.3274857997894287,0.9653598070144653,48.34020233154297,0.01
270,0.4964922037793369,0.9085380642159994,0.9284940411700975,3.2007570266723633,0.9608628153800964,47.127384185791016,0.01
271,0.4233663063950655,0.7322093459425417,0.8418201516793066,3.0524237155914307,0.9548870325088501,45.616451263427734,0.01
272,0.46973019856505277,0.8435929333090071,0.8905742145178764,2.985826015472412,0.9519296884536743,44.76443862915039,0.01
273,0.40018307653869073,0.8820984410467954,0.8992416034669556,2.933082103729248,0.9494578242301941,44.00920104980469,0.01
274,1.298781708609767,0.519897252442215,0.49837486457204766,3.2172489166259766,0.9614782333374023,46.6104850769043,0.01
275,2.01533010311243,0.8036561569899676,0.8450704225352113,3.779207944869995,0.9776692986488342,54.67030715942383,0.01
276,0.5524528480884505,0.8423599259121574,0.8819068255687974,3.564347743988037,0.9724642634391785,51.862281799316406,0.01
277,0.5002905686454076,0.9006067867119636,0.9198266522210184,3.3867099285125732,0.9672865867614746,49.975929260253906,0.01
278,0.4681353187415658,0.8293754395607646,0.886240520043337,3.237863302230835,0.9622345566749573,48.350669860839844,0.01
279,0.5340358004337404,0.9108160367382478,0.9274106175514626,3.1508209705352783,0.9589410424232483,47.3367919921875,0.01
280,0.7595633849865053,0.9186894897571287,0.9349945828819068,3.159524917602539,0.959282398223877,47.414180755615234,0.01
281,0.36070658884397366,0.9215147662716003,0.9382448537378115,2.9839725494384766,0.9518447518348694,45.76433563232422,0.01
282,0.5641208163848738,0.9050152970782694,0.9198266522210184,3.089358329772949,0.9564516544342041,46.39765930175781,0.01
283,0.6316210667534572,0.8448819008667832,0.875406283856988,3.153974771499634,0.9590650200843811,46.76707077026367,0.01
284,0.5486689646069597,0.9074685407643376,0.9209100758396533,3.164829730987549,0.959489107131958,46.629520416259766,0.01
285,0.9411918108419675,0.8777851007149815,0.9014084507042254,3.292393445968628,0.9641669392585754,47.63996505737305,0.01
286,0.6077573477495007,0.8185041962304288,0.8602383531960996,3.285918951034546,0.9639425873756409,47.810707092285156,0.01
287,0.432295725839894,0.9248397232059589,0.9393282773564464,3.1127798557281494,0.9574168920516968,46.28986740112305,0.01
288,0.723816895085137,0.8812210623897455,0.9003250270855905,3.162795066833496,0.9594098925590515,46.44281005859375,0.01
289,0.6679950280160438,0.7067853114459968,0.7540628385698809,3.154728889465332,0.9590946435928345,46.39754104614258,0.01
290,0.5572916574594451,0.6660161660987793,0.7410617551462622,3.1601264476776123,0.9593058824539185,46.46669387817383,0.01
291,0.982435083607348,0.7451694784547417,0.8125677139761647,3.4390056133270264,0.968901515007019,49.52543258666992,0.01
292,1.0243595914869774,0.8345402460225628,0.8851570964247021,3.557854652404785,0.9722899198532104,51.38232421875,0.01
293,0.633358268112671,0.8647745612824886,0.8970747562296858,3.4364113807678223,0.9688233137130737,50.18589782714844,0.01
294,0.9329540962126197,0.7606556090234567,0.7778981581798483,3.5303142070770264,0.9715381264686584,51.096378326416016,0.01
295,0.7163782330547891,0.864634011833395,0.8938244853737811,3.4130818843841553,0.9681108593940735,50.14591598510742,0.01
296,0.6550191477304552,0.657006206083618,0.6186348862405201,3.3369438648223877,0.965674638748169,49.64623260498047,0.01
297,0.6330017505622492,0.8422756020630908,0.886240520043337,3.318373441696167,0.9650537371635437,49.542381286621094,0.01
298,0.4203258480240659,0.8884843983146327,0.9176598049837487,3.106163740158081,0.9571462869644165,47.825706481933594,0.01
299,0.47377866034100696,0.9167267241927831,0.9328277356446371,2.986379384994507,0.9519549608230591,46.49481964111328,0.01
300,0.5289453927700113,0.900179300952151,0.9219934994582882,3.0426297187805176,0.9544633030891418,46.415184020996094,0.01
301,0.46129436227606563,0.7476862027317164,0.8331527627302275,2.94340443611145,0.9499508142471313,45.32065200805664,0.01
302,1.5193004041183285,0.6307892656292461,0.7573131094257854,3.553839683532715,0.972181499004364,51.87572479248047,0.01
303,0.8726766156714137,0.8088668706445261,0.8559046587215602,3.576486110687256,0.9727874398231506,52.28067398071289,0.01
304,0.883729569432212,0.9023400516263933,0.9209100758396533,3.490629196166992,0.9704199433326721,51.253929138183594,0.01
305,0.49779316455852696,0.9134839782745537,0.9295774647887324,3.2993574142456055,0.9644067883491516,49.56099319458008,0.01
306,0.4175957117865725,0.8643047519949354,0.8938244853737811,3.11448335647583,0.9574862718582153,47.860416412353516,0.01
307,0.4509062483543303,0.9081506254917011,0.9241603466955579,3.0248870849609375,0.9536858201026917,46.87295913696289,0.01
308,0.7097001341057987,0.8891221815497247,0.9111592632719393,3.1603689193725586,0.959315299987793,47.307044982910156,0.01
309,0.5063808356843343,0.8395323804642117,0.8819068255687974,3.118527412414551,0.9576505422592163,47.0487060546875,0.01
310,0.8134437704958567,0.8024648667180523,0.8548212351029253,3.241868019104004,0.9623798727989197,48.18744659423828,0.01
311,0.7901449312524098,0.9141664095687,0.9317443120260022,3.317288398742676,0.9650171995162964,48.99875259399414,0.01
312,0.6180066255534568,0.83778516075459,0.886240520043337,3.2675323486328125,0.9632980227470398,48.445396423339844,0.01
313,1.2708549096090038,0.8312849215590449,0.8721560130010835,3.487269401550293,0.9703234434127808,50.8016242980957,0.01
314,0.6037781431180674,0.8466461538227168,0.8905742145178764,3.335503101348877,0.9656268358230591,49.641273498535156,0.01
315,0.5426903192589922,0.7025386498240885,0.8201516793066089,3.1890265941619873,0.960419237613678,48.51408004760742,0.01
316,0.4213352090701824,0.9112179107578579,0.9328277356446371,3.041633129119873,0.9544199705123901,47.358734130859375,0.01
317,0.36731826223251296,0.7434321782453811,0.7973997833152763,2.8751041889190674,0.9466018676757812,45.83087158203125,0.01
318,2.4157958492273237,0.7441996046730228,0.7432286023835319,3.3960225582122803,0.9675800204277039,51.22481918334961,0.01
319,0.6771529058857662,0.7846762543437401,0.8234019501625135,3.3118162155151367,0.9648319482803345,50.196842193603516,0.01
320,0.5627346573079505,0.8584974256480649,0.8840736728060672,3.2278947830200195,0.9618706107139587,49.208194732666016,0.01
321,0.45662589225827194,0.9217550988884952,0.9382448537378115,3.0861473083496094,0.9563177824020386,47.72086715698242,0.01
322,0.506195563368681,0.9120844077913108,0.9328277356446371,3.10310959815979,0.9570208191871643,47.65802001953125,0.01
323,0.41621100466425826,0.851037764832831,0.8959913326110509,3.025613307952881,0.9537178874015808,46.640594482421875,0.01
324,0.7167324271143937,0.8853233819193195,0.9111592632719393,3.111039638519287,0.9573458433151245,46.80459213256836,0.01
325,0.5056293268756169,0.6961224670897426,0.7833152762730228,3.061697244644165,0.9552847743034363,46.222084045410156,0.01
326,1.017477908875884,0.8765206701283301,0.905742145178765,3.4256725311279297,0.9684972763061523,50.056671142578125,0.01
327,0.5406747216858515,0.8851955954193944,0.914409534127844,3.2964558601379395,0.9643070101737976,48.65764236450195,0.01
328,0.472339507646677,0.8635913922151831,0.8981581798483207,3.1404898166656494,0.9585323333740234,47.22980880737305,0.01
329,0.6257349259969665,0.8814598718482373,0.9079089924160346,3.1451234817504883,0.9587161540985107,47.13823318481445,0.01
330,0.4973810969329462,0.8139185236577748,0.8775731310942578,3.0817365646362305,0.9561331272125244,46.53277587890625,0.01
331,2.342340564945849,0.7296843765959071,0.8049837486457205,3.744246244430542,0.9768930673599243,54.535255432128906,0.01
332,0.8468323982343441,0.897840965906223,0.9209100758396533,3.6389880180358887,0.974393904209137,53.58151626586914,0.01
333,0.5086396354727629,0.9219588156061176,0.9382448537378115,3.408172607421875,0.967958927154541,51.076541900634766,0.01
334,0.38980526567959206,0.9175754219132127,0.9317443120260022,3.1690168380737305,0.9596515893936157,48.787330627441406,0.01
335,0.9294915537281734,0.6830904830649046,0.7681473456121344,3.220156669616699,0.9615857601165771,49.00986099243164,0.01
336,1.4375342050703561,0.8842077317167337,0.9035752979414952,3.577481985092163,0.9728137254714966,52.96844482421875,0.01
337,0.8712581912191902,0.8318475980183544,0.8613217768147345,3.5372273921966553,0.9717286825180054,52.606048583984375,0.01
338,0.8632548167938139,0.8735165237538067,0.8959913326110509,3.533560276031494,0.9716277122497559,52.960262298583984,0.01
339,0.4898301315743749,0.8631604875867642,0.9024918743228603,3.3185715675354004,0.9650605320930481,50.95484161376953,0.01
340,0.48284221531414406,0.8620415905361473,0.894907908992416,3.171603202819824,0.9597516059875488,49.55059814453125,0.01
341,0.7790556201120702,0.9100911465693432,0.9306608884073673,3.2901618480682373,0.9640898108482361,50.29864501953125,0.01
342,0.5651084700735604,0.8873359235898397,0.9165763813651138,3.216557025909424,0.9614526629447937,49.42428970336914,0.01
343,0.5049191826000446,0.9240288236983754,0.9371614301191766,3.074300765991211,0.9558200836181641,48.22909164428711,0.01
344,0.6184011512413258,0.8433773152308597,0.8873239436619719,3.103311061859131,0.9570291042327881,47.991695404052734,0.01
345,0.7229512668237453,0.816291909362115,0.8656554712892741,3.2180516719818115,0.9615079760551453,48.595672607421875,0.01
346,1.1210626788982532,0.8270573949235243,0.8656554712892741,3.5409960746765137,0.9718319773674011,52.164485931396484,0.01
347,0.5789942323434644,0.6519222625204731,0.7118093174431203,3.3974459171295166,0.9676246643066406,50.73130798339844,0.01
348,0.6676558259783721,0.8553407177222339,0.8981581798483207,3.303600311279297,0.9645521640777588,49.88041305541992,0.01
349,0.5144111833921293,0.92265547958214,0.9393282773564464,3.180943012237549,0.9601107835769653,48.84111404418945,0.01
350,0.5107327808694142,0.9145689557192538,0.933911159263272,3.1023082733154297,0.9569878578186035,47.85301208496094,0.01
351,0.5678767481955086,0.8130914028273786,0.866738894907909,3.0585100650787354,0.9551485180854797,47.424381256103516,0.01
352,0.46981996043426233,0.7318104864193283,0.8407367280606717,3.0139265060424805,0.9531993269920349,46.79612350463867,0.01
353,0.5372313330086266,0.9014298570903077,0.9252437703141928,2.9904730319976807,0.9521418809890747,46.40285873413086,0.01
354,0.5574143607078529,0.7511203141305745,0.8244853737811484,3.0117883682250977,0.9531038403511047,46.332786560058594,0.01
355,1.3504728158799613,0.7907528374385302,0.8548212351029253,3.4710774421691895,0.9698535799980164,50.91133499145508,0.01
356,0.5147567783913961,0.9197051764135363,0.9371614301191766,3.3011906147003174,0.9644696712493896,49.326568603515625,0.01
357,0.8026028707986925,0.7422172723148424,0.7822318526543879,3.360492467880249,0.9664467573165894,49.73808288574219,0.01
358,0.6860213312433987,0.881285244857553,0.9089924160346695,3.3229763507843018,0.9652086496353149,49.66136932373047,0.01
359,0.5266265632902704,0.8614998991084933,0.8959913326110509,3.1997592449188232,0.9608252644538879,48.456825256347656,0.01
360,0.7217614414488397,0.9045109822210339,0.9274106175514626,3.26625657081604,0.9632528424263,49.05735778808594,0.01
361,1.20887535737782,0.8049950523050672,0.8721560130010835,3.400890827178955,0.9677323698997498,50.417625427246094,0.01
362,0.5792151144364985,0.7423320393429569,0.8244853737811484,3.26353120803833,0.9631563425064087,49.26385498046875,0.01
363,0.8001390259440352,0.9046372622887773,0.9241603466955579,3.2815263271331787,0.9637896418571472,49.740936279296875,0.01
364,0.5244450496464241,0.9154405814597837,0.9328277356446371,3.2131335735321045,0.9613255262374878,49.059993743896484,0.01
365,0.5423111871975225,0.900428718540638,0.9176598049837487,3.0703001022338867,0.9556509256362915,47.81314468383789,0.01
366,0.670734084597448,0.8407108917530286,0.8851570964247021,3.1286420822143555,0.9580588340759277,47.994930267333984,0.01
367,0.378439489479472,0.8989169524396352,0.9209100758396533,2.9434211254119873,0.9499516487121582,46.53815460205078,0.01
368,0.44074885528988955,0.7998636531576342,0.838569880823402,2.915008068084717,0.9485833644866943,45.95526885986328,0.01
369,1.0728391790535392,0.8778450033871582,0.9003250270855905,3.351982593536377,0.9661697149276733,49.4245719909668,0.01
370,0.5061633870369051,0.8882008452729,0.9133261105092091,3.2069475650787354,0.961094856262207,48.005672454833984,0.01
371,1.338639093608391,0.8940425614258964,0.9187432286023836,3.5058398246765137,0.9708534479141235,51.847904205322266,0.01
372,0.5458278954029083,0.8611804506390118,0.8819068255687974,3.3515405654907227,0.9661552309989929,50.3179817199707,0.01
373,0.49069459845380087,0.9192399926918984,0.9360780065005417,3.1876726150512695,0.9603677988052368,48.7772331237793,0.01
374,0.4453515802941671,0.8794212591641006,0.8970747562296858,3.0711286067962646,0.9556859731674194,47.60236740112305,0.01
375,0.9079559060131631,0.9228186433856574,0.9393282773564464,3.3347299098968506,0.9656011462211609,50.034942626953125,0.01
376,0.4738168647376502,0.9080475704270651,0.9241603466955579,3.2301218509674072,0.9619522094726562,48.88047790527344,0.01
377,0.38576483980911536,0.8994439422007636,0.9198266522210184,3.0461652278900146,0.9546166658401489,47.153385162353516,0.01
378,0.47245542523337575,0.9213948715766727,0.9360780065005417,3.0128982067108154,0.9531534314155579,46.55813217163086,0.01
379,1.5358737483620644,0.4723077286798375,0.7107258938244854,3.295903205871582,0.9642879366874695,49.3763313293457,0.01
380,2.3752627917906133,0.9138590125908423,0.9306608884073673,3.7896382808685303,0.9778958559036255,57.68472671508789,0.01
