dataset,seed,file,n_predictions,expected,finite,unique_classes,min_label,max_label,pass
Wafer,42,final_predictions.npy,6164,6164,True,2,0,1,True
Wafer,42,heramba_raw_predictions.npy,6164,6164,True,2,0,1,True
Wafer,42,mr_predictions.npy,6164,6164,True,2,0,1,True
Wafer,43,final_predictions.npy,6164,6164,True,2,0,1,True
Wafer,43,heramba_raw_predictions.npy,6164,6164,True,2,0,1,True
Wafer,43,mr_predictions.npy,6164,6164,True,2,0,1,True
Wafer,44,final_predictions.npy,6164,6164,True,2,0,1,True
Wafer,44,heramba_raw_predictions.npy,6164,6164,True,2,0,1,True
Wafer,44,mr_predictions.npy,6164,6164,True,2,0,1,True
ECG5000_UNBAL,42,final_predictions.npy,1000,1000,True,4,0,3,True
ECG5000_UNBAL,42,heramba_raw_predictions.npy,1000,1000,True,4,0,3,True
ECG5000_UNBAL,42,mr_predictions.npy,1000,1000,True,4,0,3,True
ECG5000_UNBAL,43,final_predictions.npy,1000,1000,True,4,0,3,True
ECG5000_UNBAL,43,heramba_raw_predictions.npy,1000,1000,True,4,0,3,True
ECG5000_UNBAL,43,mr_predictions.npy,1000,1000,True,4,0,3,True
ECG5000_UNBAL,44,final_predictions.npy,1000,1000,True,4,0,3,True
ECG5000_UNBAL,44,heramba_raw_predictions.npy,1000,1000,True,4,0,3,True
ECG5000_UNBAL,44,mr_predictions.npy,1000,1000,True,4,0,3,True
ItalyPowerDemand,42,final_predictions.npy,1029,1029,True,2,0,1,True
ItalyPowerDemand,42,heramba_raw_predictions.npy,1029,1029,True,2,0,1,True
ItalyPowerDemand,42,mr_predictions.npy,1029,1029,True,2,0,1,True
ItalyPowerDemand,43,final_predictions.npy,1029,1029,True,2,0,1,True
ItalyPowerDemand,43,heramba_raw_predictions.npy,1029,1029,True,2,0,1,True
ItalyPowerDemand,43,mr_predictions.npy,1029,1029,True,2,0,1,True
ItalyPowerDemand,44,final_predictions.npy,1029,1029,True,2,0,1,True
ItalyPowerDemand,44,heramba_raw_predictions.npy,1029,1029,True,2,0,1,True
ItalyPowerDemand,44,mr_predictions.npy,1029,1029,True,2,0,1,True
