dataset,error_rate,kind,level,macro_f1,mean_conf,route_switch,routing_entropy
ECG5000_UNBAL,0.8675,gaussian_noise,0.05,0.0866,0.9606,0.0,0.9619
ECG5000_UNBAL,0.8925,gaussian_noise,0.1,0.078,0.9578,0.0,0.9619
ECG5000_UNBAL,0.9,gaussian_noise,0.2,0.0746,0.9663,0.0,0.9619
ECG5000_UNBAL,0.8675,gaussian_noise,0.4,0.11,0.9453,0.0,0.9619
ECG5000_UNBAL,0.775,gaussian_noise,0.8,0.1394,0.9458,0.0,0.9617
ECG5000_UNBAL,0.9075,amplitude_scale,0.6,0.0555,0.9208,0.0,0.974
ECG5000_UNBAL,0.915,amplitude_scale,0.8,0.0706,0.9388,0.0,0.9672
ECG5000_UNBAL,0.8775,amplitude_scale,1.2,0.0889,0.9689,0.0,0.9575
ECG5000_UNBAL,0.735,baseline_shift,0.2,0.169,0.9637,0.0,0.9572
ECG5000_UNBAL,0.635,baseline_shift,0.4,0.1459,0.9775,0.0,0.9533
ECG5000_UNBAL,0.6325,baseline_shift,0.8,0.1079,0.9979,0.0,0.9433
ECG5000_UNBAL,0.7525,temporal_jitter,2.0,0.157,0.9768,0.0,0.9616
ECG5000_UNBAL,0.89,temporal_jitter,8.0,0.0878,0.9695,0.0,0.9598
ECG5000_UNBAL,0.7075,temporal_jitter,16.0,0.1332,0.9804,0.0,0.9572
ECG5000_UNBAL,0.9975,localized_mask,0.05,0.001,1.0,0.0,1.3531
ECG5000_UNBAL,0.9975,localized_mask,0.15,0.001,1.0,0.0,1.3531
ECG5000_UNBAL,0.9975,localized_mask,0.3,0.001,1.0,0.0,1.3531
ECG5000_BAL,0.9275,gaussian_noise,0.05,0.0619,0.7944,0.0,0.9619
ECG5000_BAL,0.885,gaussian_noise,0.1,0.0801,0.798,0.0,0.9619
ECG5000_BAL,0.9175,gaussian_noise,0.2,0.065,0.8061,0.0,0.9619
ECG5000_BAL,0.92,gaussian_noise,0.4,0.0577,0.8194,0.0,0.9619
ECG5000_BAL,0.92,gaussian_noise,0.8,0.0602,0.8345,0.0,0.9617
ECG5000_BAL,0.855,amplitude_scale,0.6,0.0693,0.8365,0.0,0.974
ECG5000_BAL,0.8375,amplitude_scale,0.8,0.0934,0.7881,0.0,0.9672
ECG5000_BAL,0.8225,amplitude_scale,1.2,0.0947,0.819,0.0,0.9575
ECG5000_BAL,0.8825,baseline_shift,0.2,0.0571,0.8351,0.0,0.9572
ECG5000_BAL,0.585,baseline_shift,0.4,0.1613,0.9309,0.0,0.9533
ECG5000_BAL,0.7775,baseline_shift,0.8,0.1379,0.8902,0.0,0.9433
ECG5000_BAL,0.8175,temporal_jitter,2.0,0.1192,0.8039,0.0,0.9616
ECG5000_BAL,0.83,temporal_jitter,8.0,0.0886,0.8287,0.0,0.9598
ECG5000_BAL,0.86,temporal_jitter,16.0,0.0689,0.8818,0.0,0.9572
ECG5000_BAL,0.975,localized_mask,0.05,0.0098,1.0,0.0,1.3635
ECG5000_BAL,0.975,localized_mask,0.15,0.0098,1.0,0.0,1.3635
ECG5000_BAL,0.975,localized_mask,0.3,0.0098,1.0,0.0,1.3635
CWRU_UNBAL,0.7167,gaussian_noise,0.05,0.2756,0.9281,0.0,0.9713
CWRU_UNBAL,0.7167,gaussian_noise,0.1,0.2786,0.9234,0.0,0.9711
CWRU_UNBAL,0.6958,gaussian_noise,0.2,0.2888,0.9274,0.0,0.9708
CWRU_UNBAL,0.7292,gaussian_noise,0.4,0.2682,0.9128,0.0,0.9697
CWRU_UNBAL,0.7042,gaussian_noise,0.8,0.2698,0.9307,0.0,0.9671
CWRU_UNBAL,0.725,amplitude_scale,0.6,0.2656,0.9185,0.0,0.9834
CWRU_UNBAL,0.7167,amplitude_scale,0.8,0.2761,0.9195,0.0,0.9766
CWRU_UNBAL,0.7125,amplitude_scale,1.2,0.2808,0.9235,0.0,0.967
CWRU_UNBAL,0.75,baseline_shift,0.2,0.1,1.0,0.0,0.9686
CWRU_UNBAL,0.75,baseline_shift,0.4,0.1826,0.9675,0.0,0.9612
CWRU_UNBAL,0.75,baseline_shift,0.8,0.1,1.0,0.0,0.9472
CWRU_UNBAL,0.725,temporal_jitter,2.0,0.2671,0.9188,0.0,0.9713
CWRU_UNBAL,0.7333,temporal_jitter,8.0,0.2576,0.9143,0.0,0.9713
CWRU_UNBAL,0.7417,temporal_jitter,16.0,0.2433,0.9227,0.0,0.9713
CWRU_UNBAL,0.75,localized_mask,0.05,0.1,1.0,0.0,1.3703
CWRU_UNBAL,0.75,localized_mask,0.15,0.1,1.0,0.0,1.3703
CWRU_UNBAL,0.75,localized_mask,0.3,0.1,1.0,0.0,1.3703
CWRU_BAL,0.745,gaussian_noise,0.05,0.1258,1.0,0.0,0.9717
CWRU_BAL,0.74,gaussian_noise,0.1,0.132,0.9989,0.0,0.9716
CWRU_BAL,0.7475,gaussian_noise,0.2,0.1265,0.9992,0.0,0.9713
CWRU_BAL,0.75,gaussian_noise,0.4,0.1503,0.9999,0.0,0.9702
CWRU_BAL,0.735,gaussian_noise,0.8,0.1767,0.9997,0.0,0.9673
CWRU_BAL,0.7525,amplitude_scale,0.6,0.1035,1.0,0.0,0.9839
CWRU_BAL,0.75,amplitude_scale,0.8,0.1087,1.0,0.0,0.977
CWRU_BAL,0.7425,amplitude_scale,1.2,0.1357,1.0,0.0,0.9674
CWRU_BAL,0.74,baseline_shift,0.2,0.1032,1.0,0.0,0.9688
CWRU_BAL,0.7425,baseline_shift,0.4,0.17,1.0,0.0,0.9612
CWRU_BAL,0.74,baseline_shift,0.8,0.1234,1.0,0.0,0.9472
CWRU_BAL,0.75,temporal_jitter,2.0,0.1195,0.999,0.0,0.9717
CWRU_BAL,0.7475,temporal_jitter,8.0,0.1177,0.9998,0.0,0.9717
CWRU_BAL,0.755,temporal_jitter,16.0,0.1118,1.0,0.0,0.9717
CWRU_BAL,0.775,localized_mask,0.05,0.1272,0.9999,0.0,1.3711
CWRU_BAL,0.7825,localized_mask,0.15,0.1173,0.9999,0.0,1.3711
CWRU_BAL,0.755,localized_mask,0.3,0.1848,0.9999,0.0,1.3711
