acc_ci_hi,acc_ci_lo,acc_diff,cohens_d,comparison,dataset,mcnemar_p,mf1_a3,mf1_delta,mf1_other,n_test,nll_delta,nll_perm_p,q_bh,significant_q<0.05
0.557,0.495,0.526,1.0207,A3_vs_A0,ECG5000_UNBAL,0.0,0.506,0.2609,0.2451,1000,-0.810759,0.0005,0.0,True
0.361,0.302,0.332,0.6561,A3_vs_A1,ECG5000_UNBAL,0.0,0.506,0.1832,0.3228,1000,-6.366501,0.0005,0.0,True
0.0,-0.003,-0.001,-0.0316,A3_vs_A2,ECG5000_UNBAL,1.0,0.506,-0.0144,0.5204,1000,0.000566,0.001,1.0,False
0.003,-0.007,-0.002,-0.0258,A3_vs_A4,ECG5000_UNBAL,0.683091,0.506,-0.0358,0.5418,1000,-0.143474,0.0005,0.993587,False
0.004,-0.007,-0.001,-0.0119,A3_vs_A6,ECG5000_UNBAL,1.0,0.506,-0.0197,0.5257,1000,-0.106455,0.0005,1.0,False
0.004,-0.004,0.0,0.0,A3_vs_A7,ECG5000_UNBAL,0.617075,0.506,-0.0132,0.5191,1000,-0.001775,0.145427,0.993587,False
-0.001,-0.019,-0.01,-0.0675,A3_vs_A8,ECG5000_UNBAL,0.055009,0.506,-0.1504,0.6564,1000,-0.12486,0.0005,0.117353,False
0.002,-0.004,-0.001,-0.0183,A3_vs_A9,ECG5000_UNBAL,1.0,0.506,-0.0212,0.5272,1000,0.00027,0.826587,1.0,False
0.704,0.643,0.674,1.3759,A3_vs_A0,ECG5000_BAL,0.0,0.5668,0.4003,0.1665,1000,-4.28318,0.0005,0.0,True
0.233,0.18,0.205,0.4816,A3_vs_A1,ECG5000_BAL,0.0,0.5668,0.1528,0.4141,1000,-0.224927,0.005997,0.0,True
0.005,-0.005,0.0,0.0,A3_vs_A2,ECG5000_BAL,0.683091,0.5668,-0.0056,0.5725,1000,0.002208,0.0005,0.993587,False
0.006,-0.013,-0.003,-0.0198,A3_vs_A4,ECG5000_BAL,0.676657,0.5668,0.0171,0.5497,1000,0.003495,0.105947,0.993587,False
0.007,-0.01,-0.001,-0.0073,A3_vs_A6,ECG5000_BAL,1.0,0.5668,0.0072,0.5596,1000,-0.015711,0.0005,1.0,False
0.011,-0.007,0.002,0.0135,A3_vs_A7,ECG5000_BAL,0.83117,0.5668,0.0143,0.5526,1000,-0.002203,0.251374,1.0,False
-0.022,-0.051,-0.036,-0.1538,A3_vs_A8,ECG5000_BAL,3e-06,0.5668,-0.091,0.6579,1000,0.079576,0.0005,1.1e-05,True
0.005,-0.009,-0.002,-0.0183,A3_vs_A9,ECG5000_BAL,0.77283,0.5668,0.0013,0.5655,1000,0.002553,0.166417,1.0,False
0.6542,0.5125,0.5833,1.046,A3_vs_A0,CWRU_UNBAL,0.0,0.9079,0.5865,0.3215,240,-0.655741,0.0005,0.0,True
0.5917,0.4582,0.525,0.9853,A3_vs_A1,CWRU_UNBAL,0.0,0.9079,0.5299,0.378,240,-3.494724,0.0005,0.0,True
0.0,0.0,0.0,,A3_vs_A2,CWRU_UNBAL,1.0,0.9079,0.0,0.9079,240,-1.4e-05,0.809595,1.0,False
0.0167,-0.0333,-0.0083,-0.0456,A3_vs_A4,CWRU_UNBAL,0.723674,0.9079,-0.0082,0.9161,240,-0.001396,0.761119,1.0,False
0.0417,-0.0167,0.0125,0.0537,A3_vs_A6,CWRU_UNBAL,0.5791,0.9079,0.013,0.8949,240,-0.016518,0.005997,0.993587,False
0.0292,-0.0292,0.0,0.0,A3_vs_A7,CWRU_UNBAL,0.789268,0.9079,0.0007,0.9072,240,-0.022522,0.0005,1.0,False
-0.025,-0.0958,-0.0583,-0.2059,A3_vs_A8,CWRU_UNBAL,0.00365,0.9079,-0.0587,0.9667,240,0.053961,0.0005,0.010618,True
0.0417,-0.0042,0.0167,0.0915,A3_vs_A9,CWRU_UNBAL,0.288844,0.9079,0.0176,0.8904,240,-0.013094,0.024988,0.577688,False
0.7249,0.6402,0.6825,1.3049,A3_vs_A0,CWRU_BAL,0.0,0.9435,0.6947,0.2487,567,-1.054013,0.0005,0.0,True
0.7513,0.6755,0.7143,1.5531,A3_vs_A1,CWRU_BAL,0.0,0.9435,0.6916,0.2519,567,-11.409861,0.0005,0.0,True
0.0,0.0,0.0,,A3_vs_A2,CWRU_BAL,1.0,0.9435,0.0,0.9435,567,0.0,1.0,1.0,False
0.0406,0.0071,0.0229,0.1145,A3_vs_A4,CWRU_BAL,0.012343,0.9435,0.0231,0.9204,567,-0.012355,0.0005,0.028213,True
0.0406,0.0088,0.0247,0.1208,A3_vs_A6,CWRU_BAL,0.007963,0.9435,0.0249,0.9185,567,-0.019675,0.0005,0.019601,True
0.0441,0.0106,0.0265,0.1269,A3_vs_A7,CWRU_BAL,0.00511,0.9435,0.0266,0.9168,567,-0.017736,0.0005,0.013627,True
-0.0229,-0.06,-0.0406,-0.1822,A3_vs_A8,CWRU_BAL,4.4e-05,0.9435,-0.0407,0.9842,567,0.072467,0.0005,0.000141,True
0.0229,-0.0106,0.0071,0.0343,A3_vs_A9,CWRU_BAL,0.540291,0.9435,0.007,0.9364,567,-0.005113,0.103448,0.993587,False
