dataset,elapsed_s,feature_dim,keys,lam,test_acc,test_mf1,val_mf1,variant
ECG5000_UNBAL,6.0,8192,raw,100.0,0.923,0.4919,0.5165,A0
ECG5000_UNBAL,4.6,8192,G1_standard,10.0,0.894,0.4573,0.4775,A1
ECG5000_UNBAL,4.9,8192,G2_tail,10.0,0.891,0.4558,0.4534,A2
ECG5000_UNBAL,4.7,8192,G3_fine,10.0,0.893,0.4467,0.477,A3
ECG5000_UNBAL,5.0,8192,G4_multilag,10.0,0.83,0.3829,0.3588,A4
ECG5000_UNBAL,7.3,16384,G1_standard;G2_tail,10.0,0.903,0.462,0.4877,A5
ECG5000_UNBAL,9.9,24576,G1_standard;G2_tail;G3_fine,10.0,0.759,0.3712,0.4954,A6
ECG5000_UNBAL,13.0,32768,G1_standard;G2_tail;G3_fine;G4_multilag,100.0,0.93,0.5372,0.5504,A7
ECG5000_UNBAL,18.9,32768,G1_standard;G2_tail;G3_fine;G4_multilag,100.0,0.299,0.1559,0.1748,A8
ECG5000_UNBAL,6.9,16384,G1_standard;G2_tail;G3_fine;G4_multilag,10.0,0.925,0.5365,0.5497,A9
ECG5000_UNBAL,23.4,65536,G1_standard;G2_tail;G3_fine;G4_multilag,100.0,0.928,0.5344,0.5529,A10
ECG5000_BAL,10.1,8192,raw,1000.0,0.853,0.4839,0.6568,A0
ECG5000_BAL,9.2,8192,G1_standard,1000.0,0.859,0.4766,0.5211,A1
ECG5000_BAL,9.3,8192,G2_tail,1000.0,0.856,0.4756,0.5206,A2
ECG5000_BAL,9.4,8192,G3_fine,1000.0,0.862,0.482,0.5179,A3
ECG5000_BAL,9.6,8192,G4_multilag,1000.0,0.848,0.4266,0.3948,A4
ECG5000_BAL,16.0,16384,G1_standard;G2_tail,100.0,0.883,0.4954,0.5749,A5
ECG5000_BAL,22.6,24576,G1_standard;G2_tail;G3_fine,100.0,0.879,0.4817,0.57,A6
ECG5000_BAL,29.1,32768,G1_standard;G2_tail;G3_fine;G4_multilag,1000.0,0.9,0.5342,0.6625,A7
ECG5000_BAL,47.8,32768,G1_standard;G2_tail;G3_fine;G4_multilag,1000.0,0.214,0.144,0.2072,A8
ECG5000_BAL,21.0,16384,G1_standard;G2_tail;G3_fine;G4_multilag,100.0,0.901,0.5359,0.6634,A9
ECG5000_BAL,86.2,65536,G1_standard;G2_tail;G3_fine;G4_multilag,1000.0,0.899,0.5324,0.6584,A10
CWRU_UNBAL,1.9,8192,raw,1.0,0.7042,0.6999,0.7701,A0
CWRU_UNBAL,1.6,8192,G1_standard,10.0,0.575,0.5749,0.5605,A1
CWRU_UNBAL,1.7,8192,G2_tail,10.0,0.5958,0.5881,0.5465,A2
CWRU_UNBAL,1.7,8192,G3_fine,10.0,0.5667,0.5663,0.5838,A3
CWRU_UNBAL,1.6,8192,G4_multilag,1000.0,0.5417,0.5183,0.5554,A4
CWRU_UNBAL,3.0,16384,G1_standard;G2_tail,1.0,0.7,0.6962,0.6891,A5
CWRU_UNBAL,4.6,24576,G1_standard;G2_tail;G3_fine,10.0,0.7375,0.7357,0.7357,A6
CWRU_UNBAL,5.5,32768,G1_standard;G2_tail;G3_fine;G4_multilag,100.0,0.7292,0.7233,0.7491,A7
CWRU_UNBAL,10.4,32768,G1_standard;G2_tail;G3_fine;G4_multilag,10.0,0.2292,0.15,0.2239,A8
CWRU_UNBAL,4.3,16384,G1_standard;G2_tail;G3_fine;G4_multilag,100.0,0.7125,0.7066,0.7419,A9
CWRU_UNBAL,17.6,65536,G1_standard;G2_tail;G3_fine;G4_multilag,1000.0,0.7208,0.7137,0.7324,A10
CWRU_BAL,4.6,8192,raw,100.0,0.7372,0.732,0.7282,A0
CWRU_BAL,4.4,8192,G1_standard,100.0,0.5661,0.5664,0.5455,A1
CWRU_BAL,4.3,8192,G2_tail,100.0,0.6243,0.6199,0.5519,A2
CWRU_BAL,4.4,8192,G3_fine,10.0,0.5908,0.5924,0.5416,A3
CWRU_BAL,4.3,8192,G4_multilag,1000.0,0.6085,0.585,0.5409,A4
CWRU_BAL,7.3,16384,G1_standard;G2_tail,100.0,0.716,0.711,0.6624,A5
CWRU_BAL,10.4,24576,G1_standard;G2_tail;G3_fine,100.0,0.7284,0.7247,0.6902,A6
CWRU_BAL,13.2,32768,G1_standard;G2_tail;G3_fine;G4_multilag,1000.0,0.7725,0.7692,0.6969,A7
CWRU_BAL,15.8,32768,G1_standard;G2_tail;G3_fine;G4_multilag,1.0,0.2363,0.204,0.2298,A8
CWRU_BAL,6.2,16384,G1_standard;G2_tail;G3_fine;G4_multilag,10.0,0.7637,0.7616,0.7022,A9
CWRU_BAL,30.7,65536,G1_standard;G2_tail;G3_fine;G4_multilag,1000.0,0.7654,0.7621,0.7078,A10
