dataset,geometry,logit_norm_correct,logit_norm_mean,logit_norm_median,logit_norm_wrong
ECG5000_UNBAL,G1_standard,5.6922,5.6498,5.2362,5.0865
ECG5000_UNBAL,G2_tail,1.318,1.3182,1.2626,1.3214
ECG5000_UNBAL,G3_fine,4.3312,4.314,3.8749,4.0855
ECG5000_UNBAL,G4_multilag,0.1557,0.1609,0.1497,0.2301
ECG5000_BAL,G1_standard,2.1022,2.078,1.9606,1.8604
ECG5000_BAL,G2_tail,1.2214,1.2364,1.1547,1.3712
ECG5000_BAL,G3_fine,1.2382,1.2496,1.0997,1.3529
ECG5000_BAL,G4_multilag,0.3111,0.3102,0.2886,0.3022
CWRU_UNBAL,G1_standard,1.0812,1.1371,0.8372,1.2877
CWRU_UNBAL,G2_tail,1.705,1.7542,1.4322,1.8863
CWRU_UNBAL,G3_fine,1.0998,1.1456,0.8727,1.2688
CWRU_UNBAL,G4_multilag,0.4476,0.4366,0.3817,0.4071
CWRU_BAL,G1_standard,0.7097,0.7147,0.5736,0.7316
CWRU_BAL,G2_tail,1.8438,1.8218,1.4992,1.747
CWRU_BAL,G3_fine,1.1935,1.2098,0.9627,1.2655
CWRU_BAL,G4_multilag,0.4635,0.4444,0.406,0.3799
