adaptive_ece,brier,dataset,ece,nll,variant
0.6321,0.6441,ECG5000_UNBAL,0.6321,1.2649,A0
0.6146,0.6651,ECG5000_UNBAL,0.6146,1.3113,A1
0.6131,0.6679,ECG5000_UNBAL,0.6131,1.3169,A2
0.6148,0.6672,ECG5000_UNBAL,0.6148,1.3158,A3
0.5598,0.6902,ECG5000_UNBAL,0.5598,1.3671,A4
0.6375,0.6409,ECG5000_UNBAL,0.6375,1.2588,A7
0.5607,0.6478,ECG5000_BAL,0.5607,1.2757,A0
0.5668,0.6442,ECG5000_BAL,0.5668,1.2725,A1
0.5676,0.6507,ECG5000_BAL,0.5676,1.2849,A2
0.5706,0.6458,ECG5000_BAL,0.5706,1.2759,A3
0.558,0.6503,ECG5000_BAL,0.558,1.2894,A4
0.5783,0.5931,ECG5000_BAL,0.5783,1.1753,A7
0.3592,0.5774,CWRU_UNBAL,0.3485,1.0782,A0
0.2796,0.6813,CWRU_UNBAL,0.2632,1.2591,A1
0.2855,0.671,CWRU_UNBAL,0.2944,1.2404,A2
0.2813,0.6825,CWRU_UNBAL,0.2545,1.2602,A3
0.2555,0.6839,CWRU_UNBAL,0.2331,1.2617,A4
0.3834,0.6022,CWRU_UNBAL,0.3774,1.1222,A7
0.3664,0.5644,CWRU_BAL,0.3664,1.0579,A0
0.2617,0.6857,CWRU_BAL,0.2617,1.2665,A1
0.3158,0.6791,CWRU_BAL,0.3158,1.2555,A2
0.285,0.6865,CWRU_BAL,0.2872,1.2663,A3
0.296,0.6739,CWRU_BAL,0.297,1.2416,A4
0.4193,0.5945,CWRU_BAL,0.4206,1.1078,A7
