ci95,dataset,diff,flip_rate_random,flip_rate_targeted,geometry,n_selected,p_perm,random_drop,target_drop,window
"[-0.519, -0.4449]",ECG5000_UNBAL,-0.487,0.1667,0.9944,G1_standard,180,0.002,-0.0616,-0.5486,14
"[-0.4794, -0.4374]",ECG5000_UNBAL,-0.4583,0.0389,0.1111,G2_tail,180,0.002,-0.0231,-0.4814,14
"[-0.5718, -0.5181]",ECG5000_UNBAL,-0.5445,0.0944,0.0444,G3_fine,180,0.002,-0.0529,-0.5974,14
"[-0.0418, -0.0215]",ECG5000_UNBAL,-0.0309,0.0667,0.5111,G4_multilag,180,0.002,0.0003,-0.0306,14
"[-0.3551, -0.2496]",ECG5000_BAL,-0.2984,0.1,0.9111,G1_standard,180,0.002,-0.0223,-0.3207,14
"[-0.3303, -0.2842]",ECG5000_BAL,-0.3072,0.1056,0.6333,G2_tail,180,0.002,-0.0158,-0.323,14
"[-0.3841, -0.3069]",ECG5000_BAL,-0.3438,0.0611,0.4722,G3_fine,180,0.002,-0.0291,-0.3728,14
"[0.0516, 0.0746]",ECG5000_BAL,0.0633,0.0833,0.1778,G4_multilag,180,0.002,0.0103,0.0736,14
"[-0.3179, -0.1955]",CWRU_UNBAL,-0.2574,0.0278,0.2917,G1_standard,72,0.002,-0.0215,-0.2789,102
"[-0.3769, -0.2368]",CWRU_UNBAL,-0.3077,0.0694,0.7778,G2_tail,72,0.002,-0.0253,-0.333,102
"[-0.1952, -0.1195]",CWRU_UNBAL,-0.1564,0.0278,0.5278,G3_fine,72,0.002,0.0002,-0.1562,102
"[-0.2248, -0.1854]",CWRU_UNBAL,-0.2046,0.0,0.7639,G4_multilag,72,0.002,0.0008,-0.2038,102
"[-0.178, -0.1171]",CWRU_BAL,-0.1495,0.0294,0.1588,G1_standard,170,0.002,-0.0165,-0.166,102
"[-0.3252, -0.2439]",CWRU_BAL,-0.2828,0.1,0.7235,G2_tail,170,0.002,-0.0399,-0.3226,102
"[-0.1221, -0.0872]",CWRU_BAL,-0.1035,0.0353,0.4118,G3_fine,170,0.002,-0.0058,-0.1093,102
"[-0.2164, -0.1936]",CWRU_BAL,-0.2053,0.0176,0.7765,G4_multilag,170,0.002,-0.0013,-0.2066,102
