dataset,elapsed_s,feature_dim,fixed_feature_dim,trainable_params,variant
ECG5000_UNBAL,6.0,8192,8192,0,A0
ECG5000_UNBAL,4.6,8192,8192,0,A1
ECG5000_UNBAL,4.9,8192,8192,0,A2
ECG5000_UNBAL,4.7,8192,8192,0,A3
ECG5000_UNBAL,5.0,8192,8192,0,A4
ECG5000_UNBAL,7.3,16384,16384,0,A5
ECG5000_UNBAL,9.9,24576,24576,0,A6
ECG5000_UNBAL,13.0,32768,32768,0,A7
ECG5000_UNBAL,18.9,32768,32768,0,A8
ECG5000_UNBAL,6.9,16384,16384,0,A9
ECG5000_UNBAL,23.4,65536,65536,0,A10
ECG5000_BAL,10.1,8192,8192,0,A0
ECG5000_BAL,9.2,8192,8192,0,A1
ECG5000_BAL,9.3,8192,8192,0,A2
ECG5000_BAL,9.4,8192,8192,0,A3
ECG5000_BAL,9.6,8192,8192,0,A4
ECG5000_BAL,16.0,16384,16384,0,A5
ECG5000_BAL,22.6,24576,24576,0,A6
ECG5000_BAL,29.1,32768,32768,0,A7
ECG5000_BAL,47.8,32768,32768,0,A8
ECG5000_BAL,21.0,16384,16384,0,A9
ECG5000_BAL,86.2,65536,65536,0,A10
CWRU_UNBAL,1.9,8192,8192,0,A0
CWRU_UNBAL,1.6,8192,8192,0,A1
CWRU_UNBAL,1.7,8192,8192,0,A2
CWRU_UNBAL,1.7,8192,8192,0,A3
CWRU_UNBAL,1.6,8192,8192,0,A4
CWRU_UNBAL,3.0,16384,16384,0,A5
CWRU_UNBAL,4.6,24576,24576,0,A6
CWRU_UNBAL,5.5,32768,32768,0,A7
CWRU_UNBAL,10.4,32768,32768,0,A8
CWRU_UNBAL,4.3,16384,16384,0,A9
CWRU_UNBAL,17.6,65536,65536,0,A10
CWRU_BAL,4.6,8192,8192,0,A0
CWRU_BAL,4.4,8192,8192,0,A1
CWRU_BAL,4.3,8192,8192,0,A2
CWRU_BAL,4.4,8192,8192,0,A3
CWRU_BAL,4.3,8192,8192,0,A4
CWRU_BAL,7.3,16384,16384,0,A5
CWRU_BAL,10.4,24576,24576,0,A6
CWRU_BAL,13.2,32768,32768,0,A7
CWRU_BAL,15.8,32768,32768,0,A8
CWRU_BAL,6.2,16384,16384,0,A9
CWRU_BAL,30.7,65536,65536,0,A10
