perm,null_K2,null_K4,null_K8,null_K16
0,2475.15522616,4349.66712445,5509.62705102,7124.33918051
1,2532.57058015,4358.23724811,5377.76139251,7143.31882820
2,2455.52849776,4372.79853622,5443.34671001,7071.56322765
3,2493.52770725,4382.08430357,5403.89911209,7222.91151173
4,2499.74572686,4391.22072317,5403.23315395,7235.16099785
5,2520.12914866,4402.11785900,5405.72594999,7235.72015156
6,2451.21819630,4351.34597547,5393.84970486,7271.19835757
7,2541.37592806,4385.91453179,5492.43001463,7261.34526238
8,2500.24225606,4383.90138528,5355.99204275,7204.56281601
9,2490.09017111,4373.64770920,5518.05717066,7151.53999172
10,2417.41401356,4427.70675226,5389.34890911,7203.98780756
11,2491.43891426,4462.72207498,5464.81863084,7218.64770680
12,2526.01997221,4347.50275030,5479.66341469,7098.88169696
13,2456.94141273,4272.76923768,5379.12443769,7261.34108084
14,2411.35893963,4382.79371314,5348.18952301,7239.46609293
15,2465.84917589,4351.29546304,5347.40940344,7107.76778548
16,2492.35368767,4342.49455508,5426.02293093,7121.34612449
17,2417.37185505,4307.34645265,5454.13795246,7210.78919716
18,2434.86375531,4340.49031515,5377.69845065,7178.58235438
19,2421.95573454,4423.90561710,5369.62478362,7314.43301278
20,2503.89373891,4391.43508649,5468.50009371,7317.89614025
21,2428.71267683,4309.06861054,5429.07255721,7133.36776693
22,2503.33598494,4366.03177413,5470.68451250,7079.28557272
23,2499.17276269,4305.55550833,5396.24040330,7076.20501782
24,2501.68844576,4393.18175288,5412.81556767,7236.66392889
25,2423.69870570,4328.35426613,5374.86969343,7143.48960053
26,2439.54831357,4446.41235347,5415.46035827,7244.87568374
27,2499.02242111,4327.92297477,5454.13246716,7068.58231461
28,2441.71942996,4318.49453631,5514.78163662,7276.42041260
29,2440.03176883,4407.23227990,5359.06835101,7095.80700891
30,2606.61630012,4315.01420449,5432.77512666,7285.42635171
31,2498.47285002,4399.78990176,5286.41178325,7183.96460420
32,2470.26385948,4383.74292561,5533.13250535,7186.67224959
33,2465.51809203,4378.95486208,5336.49134877,7246.97035681
34,2407.74766161,4386.42352207,5318.55476680,7226.72840813
35,2474.71880780,4443.91290139,5419.52252855,7226.30328463
36,2471.31351971,4406.19182663,5474.61330679,7264.30691883
37,2476.34241387,4325.04072193,5472.71936079,7252.53090484
38,2474.52418335,4353.10322273,5327.82464362,7304.22775371
39,2496.79662436,4251.22858093,5423.72956183,7234.53043302
40,2515.69890003,4301.06400299,5443.43344870,7192.62554458
41,2443.83121100,4384.31632502,5478.15144406,7061.74656534
42,2417.56814898,4396.69774510,5344.57982670,7261.51622839
43,2479.97010659,4390.29373573,5493.47965370,7225.89140494
44,2502.87692921,4389.98253516,5359.55913241,7179.62935605
45,2493.66311132,4317.59567113,5541.89967201,7204.53673375
46,2431.28337184,4339.01266437,5464.79629716,7196.92995985
47,2494.40579704,4364.04955682,5471.97844657,7129.34067083
48,2520.88897972,4437.89152752,5544.88825408,7268.10450614
49,2496.97133706,4430.95616293,5439.89721896,7197.53885229
50,2480.41811148,4490.68461215,5438.76554136,7091.75418413
51,2484.24115945,4477.05147141,5515.72769117,7145.53067948
52,2411.32393314,4471.91151763,5466.30059110,7292.14280780
53,2451.01648866,4384.21618134,5378.03196719,7291.55598543
54,2446.12198799,4388.46490748,5454.20046447,7131.93085595
55,2510.56351802,4346.07099911,5472.36848421,7198.21713548
56,2463.49721033,4304.94763053,5446.13891633,7116.36003646
57,2460.52562696,4386.34335003,5421.05889901,7211.39283716
58,2559.62541879,4390.72325737,5399.98156775,7123.36918685
59,2485.67732355,4393.46082412,5448.74909742,7125.54110290
60,2413.80380151,4328.68553191,5422.02024121,7258.86906913
61,2460.60072868,4471.90572519,5393.64215547,7157.22191945
62,2485.19740163,4351.95204550,5537.25453162,7161.95551405
63,2526.72616849,4323.36698920,5505.15148078,7270.10831939
64,2475.25820278,4385.95696081,5464.59013967,7205.39462525
65,2507.44989352,4285.64869244,5454.67761600,7229.29057554
66,2457.93095231,4320.30818077,5468.96573749,7223.83493431
67,2496.67378939,4342.54699310,5449.09724531,7137.09379226
68,2464.08217745,4415.69850716,5422.75193346,7074.63928465
69,2446.10106017,4318.96078856,5401.97413743,7260.25120731
70,2447.73687840,4330.47035854,5323.91283921,7124.51099569
71,2593.40432835,4401.60193492,5398.77848258,7167.68029707
72,2481.55502608,4320.54610015,5458.77961163,7208.15632141
73,2445.74553495,4363.06455888,5472.53667510,7136.22863103
74,2534.91678364,4352.77935396,5382.53266117,7084.16422365
75,2459.39223882,4307.24533523,5419.57504579,7096.73781893
76,2456.12711989,4296.88551461,5375.23500149,7112.47684483
77,2509.74587284,4376.15199612,5502.52277083,7269.44637394
78,2416.19202430,4338.85904711,5451.09757067,7303.84145895
79,2478.06330791,4334.55968370,5524.76089988,7119.09449077
80,2496.64640072,4424.31439592,5537.05714627,7258.23419537
81,2469.78426096,4371.74737217,5443.67075348,7245.87396102
82,2474.92486493,4380.95021442,5444.42535033,7260.11394164
83,2495.85490310,4429.54852584,5362.25409267,7281.66130642
84,2489.79523850,4446.67873583,5528.99728459,7177.09300614
85,2478.91791028,4344.56205831,5434.07832928,7158.72147157
86,2427.71257218,4329.93827378,5377.29024429,7116.92925980
87,2437.75420356,4345.41807051,5506.40034120,7225.69097249
88,2535.02422037,4410.35592363,5450.92655863,7204.23289460
89,2465.05979661,4376.26816005,5426.39230449,7209.08069171
90,2476.46587005,4336.45514373,5468.14634976,7201.18175675
91,2503.44321271,4232.84607897,5463.89709485,7189.72157350
92,2441.17409790,4396.35061981,5435.72207951,7202.69125727
93,2493.60385771,4319.31957928,5399.14231271,7150.76014216
94,2431.58885679,4341.81532940,5314.92797043,7258.71155887
95,2455.39730753,4358.45959557,5422.57781845,7153.14455152
96,2465.61843030,4494.02763852,5411.05152494,7087.38960411
97,2513.61903467,4393.92333231,5555.49512843,7092.42828876
98,2417.88918904,4379.13361428,5418.02732433,7215.91935006
99,2493.50631295,4366.66908625,5543.76923701,7222.78511576
100,2467.03906828,4310.75963733,5541.36797388,7265.39181632
101,2456.29398909,4352.01797107,5447.14619908,7200.54626905
102,2440.67213361,4285.07700500,5417.05801587,7048.60826124
103,2546.85187782,4346.21120979,5392.82298325,7331.64350238
104,2461.34732183,4301.27345910,5455.23952707,7216.54361341
105,2557.75497082,4355.67508869,5428.11848278,7186.25721400
106,2488.38107973,4383.16701591,5569.24158630,7158.06366890
107,2544.96164208,4280.06300036,5531.06894588,7223.86882018
108,2466.71060959,4386.72478559,5547.09935657,7251.17608803
109,2522.73707997,4444.39230478,5493.69376853,7166.13333874
110,2464.20500964,4427.55474348,5434.84257052,7243.23220929
111,2475.26331459,4443.84918883,5427.81377103,7231.78556653
112,2480.65424472,4324.71894942,5493.95888012,7317.50910824
113,2433.36929481,4297.06049289,5471.87260660,7246.68508959
114,2486.89339965,4349.21299589,5550.51925148,7113.64778827
115,2539.98816901,4380.82344370,5386.94468695,7128.64494029
116,2457.87109449,4328.64142661,5426.95727486,7225.47032933
117,2470.96200678,4398.71855651,5513.00256467,7222.29282093
118,2499.76901834,4359.27109885,5456.21168227,7138.72550879
119,2463.78631227,4296.48225799,5445.54772208,7090.06248587
120,2390.88834007,4336.16063209,5467.83110630,7151.39017292
121,2466.71664228,4271.12949906,5537.47762675,7130.73291337
122,2511.99914402,4371.05962086,5399.70407988,7124.15207827
123,2454.68969733,4340.57340662,5489.48591318,7332.48849743
124,2432.90263028,4395.65368084,5453.06319051,7248.40707403
125,2408.05783573,4250.65935680,5316.71655584,7097.47124572
126,2444.01757902,4346.91681239,5476.86259143,7203.53502753
127,2460.57645670,4311.91702553,5525.53357851,7201.84281940
128,2456.87072512,4321.58256528,5465.34482278,7062.70430826
129,2452.12304363,4444.81819320,5449.22712450,7292.65448836
130,2533.47158872,4416.19833861,5518.47402449,7189.34372833
131,2447.98342272,4300.27572147,5433.97830060,7231.09399444
132,2540.94833531,4252.88107889,5399.47678428,7230.38292386
133,2487.32229809,4315.34603199,5459.99386002,7291.85813534
134,2549.65260612,4355.52653089,5401.30152907,7301.72263519
135,2451.80541387,4301.07081340,5470.07122487,7237.12540081
136,2513.72573068,4390.55358815,5449.79454496,7160.16022573
137,2559.52502718,4441.15707764,5533.82553957,7153.35698598
138,2485.84001307,4414.06535020,5445.16976454,7162.99982966
139,2549.29441104,4262.57784536,5363.02545385,7213.50218654
140,2544.34786652,4422.32566830,5424.90662758,7190.48460545
141,2455.02899327,4464.48392147,5498.72477973,7075.62940821
142,2478.63476054,4386.76743981,5480.33924708,7129.92880217
143,2482.00931825,4387.78364497,5327.80898465,7148.44630750
144,2483.14236437,4327.49678966,5460.79812929,7132.74500878
145,2483.09273807,4441.05295337,5358.09509500,7175.47424022
146,2459.76041776,4298.23658138,5495.67075994,7053.67076078
147,2471.00199936,4311.08423367,5297.64591083,7188.52378121
148,2469.21547190,4395.29255849,5402.69126042,7141.05941897
149,2417.65327603,4402.01870074,5377.03192464,7204.18679327
150,2475.93826925,4393.66451471,5387.01025720,7021.27942900
151,2486.12705709,4354.79269781,5425.87546283,7123.26286816
152,2483.90298569,4312.37311430,5444.48088796,7219.42130420
153,2493.39271386,4364.18133976,5340.50006215,7135.34751816
154,2437.59830036,4342.08126043,5370.16237421,7213.84219240
155,2478.89149043,4412.12503222,5428.94143612,7256.43884646
156,2470.18420677,4345.81485526,5343.66426031,7236.13133954
157,2446.98438551,4392.51023329,5523.66662641,7274.30012087
158,2529.63650605,4358.79935646,5478.39760139,7142.87920294
159,2492.13963803,4379.02643335,5421.10446154,7083.54126993
160,2540.43610509,4332.14035056,5474.51776152,7242.43654923
161,2419.41155045,4350.93172826,5506.55652945,7175.24281163
162,2456.69229835,4357.62951367,5540.04314605,7121.51524821
163,2545.62572180,4257.02622181,5447.38361731,7117.71759262
164,2503.14145764,4330.93734880,5487.44939818,7104.45928889
165,2394.95289385,4383.15667550,5455.50537559,7103.19413762
166,2478.64052291,4355.56746811,5392.72233351,7225.83005941
167,2470.65129882,4341.48452177,5388.92199427,7182.18310637
168,2444.69065623,4257.07232282,5532.23625113,7232.04182568
169,2532.78804577,4349.53094683,5365.81449098,7168.09698743
170,2409.98273953,4394.59955048,5529.95788598,7189.14252262
171,2483.09319992,4326.04222552,5524.57582195,7219.56218933
172,2426.13575719,4267.28604170,5436.98929963,7094.04295315
173,2434.03293660,4419.36219842,5423.01988941,7137.63557087
174,2526.60283820,4415.91711815,5451.34386283,7140.22266510
175,2442.11252344,4306.85071383,5402.32877144,7242.57659667
176,2515.45306096,4371.85992690,5420.58013842,7238.53543418
177,2485.45527697,4389.39724908,5554.90176171,7213.30729038
178,2570.53124648,4393.28717653,5337.79732837,7130.44319151
179,2473.48462031,4306.13837750,5523.38031788,7140.87672343
180,2466.14532230,4335.20368541,5426.55599353,7238.55985094
181,2497.64326348,4383.16698495,5519.64540586,7142.46793105
182,2473.10822489,4290.11621979,5437.44386603,7185.59777590
183,2476.21923378,4222.46440701,5467.29247038,7168.90877035
184,2525.97304285,4355.42744253,5500.48322308,7040.81901268
185,2392.81067292,4411.98535633,5523.04423937,7218.46654084
186,2456.29387041,4336.84506532,5438.70277507,7208.49928201
187,2505.38367607,4453.51067157,5427.96676226,7290.70407392
188,2450.61610350,4459.22615149,5385.36347866,7199.72493410
189,2495.15172722,4314.69578791,5474.85173781,7209.67973030
190,2443.89248102,4365.87188398,5432.18570338,7282.43990370
191,2475.70072399,4459.08239634,5383.05645458,7214.89975507
192,2531.75672029,4397.05699573,5517.53065711,7270.77014003
193,2434.56199251,4367.95436788,5458.40681596,7309.72676391
194,2481.42687640,4243.66947702,5445.49343587,7187.40786086
195,2497.23228898,4381.17115533,5388.25271006,7213.64003472
196,2399.95149881,4300.48359189,5523.74970553,7186.14694825
197,2461.82880440,4355.32702568,5350.47787888,7276.71594558
198,2583.64395950,4265.63362057,5435.56470032,7234.00924716
199,2495.75770718,4442.16862637,5472.30034328,7205.83283467
200,2504.69721618,4463.97505691,5391.44904865,7248.31588813
201,2495.97746405,4410.49930971,5603.62253838,7056.54460527
202,2467.50511818,4333.72913978,5517.67792726,7262.16619333
203,2497.17890891,4436.54797228,5493.16243511,7185.50160370
204,2484.61805226,4303.09145270,5453.46671060,7214.58803812
205,2437.21858473,4237.90896908,5353.27486854,7140.74656723
206,2485.11189178,4442.47774360,5455.92301296,7104.96204650
207,2507.66480714,4276.85969900,5330.71083375,7139.09568110
208,2483.75122489,4304.25855722,5410.32528032,7204.24547081
209,2525.21671159,4375.75875978,5559.08952482,7193.84946681
210,2506.08036726,4380.21533677,5598.68842808,7235.84995776
211,2487.58270256,4447.42592444,5517.32563336,7244.15144058
212,2508.14932882,4414.08075063,5425.16900843,7169.12087269
213,2524.13472540,4307.01233423,5532.12281422,7165.39573395
214,2551.93813876,4389.30954277,5452.40241232,7283.80360496
215,2504.37148067,4312.81096290,5483.66257467,7215.35151423
216,2483.11110272,4407.93196436,5409.67503105,7304.07335134
217,2442.73583553,4375.97916105,5464.79843099,7104.80557107
218,2455.64181017,4392.96426092,5554.30301888,7193.48070298
219,2490.83597582,4377.84857103,5503.59257387,7176.38166052
220,2472.26434638,4391.62384174,5521.07082468,7152.56507470
221,2419.93402214,4337.73563435,5473.82595271,7129.14887054
222,2479.63973284,4457.77448833,5458.57301643,7257.88352621
223,2480.85764754,4342.18503971,5414.46477490,7234.62684726
224,2475.63919035,4386.45965179,5426.52835210,7225.21399327
225,2488.39068436,4359.11244566,5451.36075706,7237.05693601
226,2469.71606420,4364.05572449,5347.77218977,7278.30647122
227,2495.37191853,4427.68151523,5490.46244490,7088.30780880
228,2493.93167253,4320.89961472,5476.18082752,7226.73004420
229,2525.03338233,4361.15011470,5364.30720116,7150.21730043
230,2504.60756503,4398.18668693,5457.67636607,7217.23247931
231,2475.69781745,4386.92041853,5439.03732611,7184.34267114
232,2434.36114665,4341.57027546,5412.35098602,7202.38818486
233,2425.77421313,4363.94693128,5449.89947635,7207.06430293
234,2405.44498196,4295.46174755,5485.01677030,7214.38518588
235,2482.02005552,4304.95612259,5490.13319441,7234.10879397
236,2521.40242744,4375.15008196,5396.14008202,7171.14160635
237,2549.82471422,4368.60407466,5381.70261796,7086.98150019
238,2506.95735204,4306.53172669,5516.05085855,7209.49327422
239,2430.30250479,4353.69451554,5447.15645664,7205.86489872
240,2458.71071592,4394.56261432,5385.83795205,7212.59780646
241,2500.08351997,4367.40947540,5483.27718239,7109.89166840
242,2497.94569384,4422.10326726,5387.70958965,7126.08686391
243,2463.41916151,4386.31549241,5402.74741571,7220.15416357
244,2509.18735960,4410.35628334,5359.59050528,7165.43379860
245,2478.83453996,4323.66427309,5585.34959209,7278.16730357
246,2456.23021484,4370.19614011,5470.94650866,7109.86607920
247,2499.64185984,4351.11070953,5501.82764644,7187.44668099
248,2468.00236327,4383.09450424,5432.56772504,7198.42878534
249,2407.65131204,4450.81915754,5490.02766287,7229.76588323
250,2480.45157920,4379.63280187,5470.78328467,7046.75371087
251,2499.10942845,4328.60814824,5412.90616467,7220.01164156
252,2552.31194616,4533.10667503,5460.68359920,7272.87192618
253,2482.11614094,4371.32619963,5408.80894656,7160.02518623
254,2439.23493276,4377.85387262,5464.19748615,7165.11497156
255,2462.20906423,4343.13640474,5447.05639217,7211.76806206
256,2472.70502925,4313.56929461,5417.81243898,7254.31898425
257,2442.49076969,4359.91333791,5425.16690785,7232.03315808
258,2453.21455358,4317.33985535,5305.25004378,7208.12593772
259,2492.32109598,4435.36633741,5401.27477169,7127.71446515
260,2493.03043214,4291.57148895,5610.40025034,7112.20057485
261,2483.63514825,4449.42259657,5502.40085163,7240.30505344
262,2599.44150940,4376.25735034,5458.58796835,7215.71711311
263,2564.30623761,4342.98122920,5468.49658763,7159.77365374
264,2477.86598869,4342.95292587,5523.27915861,7160.56683782
265,2545.26413913,4391.48502641,5439.64471064,7248.90629412
266,2509.25721867,4303.24938455,5453.17508734,7253.80743057
267,2437.01989426,4369.73170687,5432.22740559,7216.32703059
268,2444.14848446,4401.66655331,5466.08273691,7279.91800945
269,2482.41371516,4333.24743221,5464.03112513,7197.21178727
270,2572.89849636,4317.59859059,5434.07194825,7180.18575565
271,2503.00427061,4394.13087479,5543.29757319,7214.12662203
272,2507.22836295,4432.33758915,5319.38176285,7218.81924147
273,2470.65004734,4464.76467305,5420.58566734,7208.60074259
274,2470.56805211,4365.23282748,5415.78963022,7158.23309524
275,2421.31576261,4291.53142247,5396.08659518,7219.14045327
276,2460.55222766,4307.79717311,5366.06554719,7079.51815607
277,2439.93990425,4301.84116613,5463.19869285,7226.81522795
278,2512.70849101,4398.77949201,5541.69837399,7330.69472860
279,2467.18390503,4371.70291385,5427.33767189,7214.47553366
280,2493.73778417,4366.04974773,5405.88311873,7175.76601563
281,2541.60703998,4455.90784764,5439.83077097,7167.83422169
282,2473.04188576,4328.76643292,5441.24636108,7237.07424639
283,2463.67581095,4349.05773861,5443.07528154,7122.59010903
284,2494.08308037,4369.32832232,5434.77217041,7053.48957695
285,2520.60976568,4337.59306385,5487.38230578,7274.19036600
286,2406.09045315,4331.34083659,5309.74311912,7165.39749465
287,2473.62422670,4291.82713737,5442.74144672,7119.80991102
288,2513.99939110,4381.99273745,5393.22548467,7348.65311308
289,2474.06214319,4360.58092093,5433.73288238,7113.81721762
290,2500.86890774,4366.12022080,5438.81610876,7179.63339347
291,2415.94569462,4293.15321801,5468.26275619,7058.67878211
292,2526.34035919,4307.38968995,5467.03322915,7188.53608433
293,2454.12701855,4393.73381196,5416.01209704,7314.15498029
294,2468.42054119,4358.68740734,5490.62189022,7085.21656718
295,2539.69828104,4409.96134518,5409.90866870,7165.20127178
296,2522.76544679,4424.55399008,5412.48758652,7211.20298518
297,2458.07549673,4347.68486419,5390.02522592,7237.81709553
298,2402.94815929,4407.69958245,5436.15650573,7307.61841695
299,2492.06191099,4372.09714732,5529.66981107,7205.94325339
300,2464.09490443,4310.68612688,5492.92023812,7164.45154490
301,2492.06941384,4352.29006377,5378.47512135,7237.74252422
302,2435.29915445,4456.06047919,5502.19269399,7290.42141247
303,2449.58336367,4353.58958684,5331.46063404,7301.73780237
304,2471.98010391,4395.99974553,5458.43302242,7286.34208818
305,2426.15167942,4317.74175264,5420.89541192,7237.23439817
306,2440.31475455,4304.86367705,5503.37321142,7151.54559594
307,2439.21825324,4319.96264822,5336.49514277,7175.20121629
308,2449.17746400,4425.35833223,5377.93887195,7075.38385460
309,2487.46266535,4325.73226915,5382.10716320,7117.55019241
310,2424.04907750,4420.33630918,5384.63642061,7198.68914645
311,2462.74311076,4379.62568472,5407.06771124,7114.66942354
312,2489.30236528,4380.96594508,5440.07555514,7140.83823370
313,2538.08142992,4281.00641031,5410.84177100,7237.08559996
314,2514.66273624,4465.42581092,5421.50585772,6988.68430965
315,2426.99682276,4413.67832272,5398.63345535,7083.13309942
316,2460.25730017,4329.98133620,5517.40416679,7266.78013240
317,2456.74814820,4366.60621038,5481.02411609,7231.14907206
318,2486.46963953,4337.04859960,5511.04697694,7169.49693956
319,2488.14210994,4394.33102096,5488.59186821,7198.98628188
320,2499.94512396,4377.51585686,5348.72666629,7204.67931669
321,2501.07557715,4317.20114434,5467.79393328,7265.80043463
322,2525.94186048,4453.83956235,5494.15036766,7107.91376135
323,2479.74557541,4415.51552278,5453.72990446,7060.76955795
324,2518.93234059,4355.06866463,5558.57666475,7223.74454562
325,2455.82315129,4408.38578568,5499.80083448,7275.99083528
326,2444.22447399,4403.20041587,5462.56633121,7148.23601888
327,2510.43424684,4408.16235261,5391.68187257,7185.56555770
328,2477.91266893,4357.37405057,5559.56606406,7280.83506667
329,2548.47875897,4360.73155633,5453.96603390,7153.43198835
330,2438.75959436,4469.61109928,5540.46038936,7364.53998611
331,2539.87019401,4392.72033162,5390.81004648,7173.12405244
332,2498.12774563,4303.34073143,5426.09191726,7209.93251458
333,2401.93896826,4363.44254836,5533.15777413,7251.72679161
334,2472.37548001,4364.98663197,5569.13193388,7184.06273450
335,2418.64701729,4337.45695905,5435.43523894,7181.33682645
336,2443.19076641,4366.44516128,5396.99776272,7278.54353816
337,2608.96046868,4397.30987806,5395.09349863,7160.82324283
338,2493.12135581,4399.39065311,5448.07436428,7212.24411315
339,2476.07624096,4373.08333905,5454.45599580,7228.55806425
340,2492.82808691,4364.76339208,5541.19719204,7285.40636489
341,2520.27151065,4318.38107656,5352.08313003,7178.63046943
342,2517.96359212,4241.76140666,5546.89999002,7165.59916788
343,2373.42858198,4357.19053051,5379.66046973,7091.27438525
344,2460.61275375,4328.87453972,5474.94562119,7262.97372347
345,2464.51423730,4322.74332643,5331.89411125,7180.91461397
346,2506.51946574,4384.55024284,5470.94108253,7141.13490564
347,2414.07322171,4380.96004769,5477.32098761,7214.31531345
348,2498.24506429,4457.02201881,5441.32839353,7228.92624091
349,2465.40550667,4275.44603588,5470.39955876,7091.22785879
350,2462.95381812,4418.98410181,5421.83522596,7256.62544210
351,2444.97707790,4412.52179886,5403.40115766,7238.55661835
352,2496.42136324,4442.59663229,5459.67514445,7247.93615134
353,2421.57547321,4367.89763635,5385.99961629,7155.35016946
354,2447.06288123,4380.39000948,5542.25068986,7101.05445641
355,2449.51955001,4448.28592389,5508.25979087,7170.45278922
356,2532.31911349,4362.62596052,5362.26361494,7166.83423723
357,2475.74545087,4329.27490611,5435.98714275,7227.51215051
358,2448.15373305,4422.51171251,5492.63002148,7107.41093437
359,2477.45937163,4347.25790029,5359.88826549,7185.50780512
360,2517.66496301,4456.97031583,5498.17022175,7161.86658108
361,2447.16329712,4416.80638767,5329.77706761,7121.96421321
362,2496.55789179,4337.95905955,5427.22195628,7171.82508215
363,2545.05099256,4339.96933415,5399.44737764,7272.50206316
364,2498.98703696,4337.27658405,5317.93758516,7234.41595074
365,2453.76889321,4340.16082231,5395.00320611,7203.85161812
366,2483.68258214,4345.97545421,5462.56148567,7268.11001669
367,2454.65245740,4259.03669008,5516.90708057,7309.23472642
368,2552.95160121,4292.66351843,5333.36051672,7253.88706250
369,2481.70632183,4429.44089175,5402.48769552,7187.90524168
370,2412.94642010,4315.52951287,5464.35045147,7208.53820413
371,2478.77088820,4352.75101646,5408.54524659,7246.83549774
372,2560.89979597,4442.64335680,5438.00005070,7200.90816446
373,2493.43979641,4277.75237459,5386.90708395,7326.97841063
374,2427.25953571,4425.27398652,5433.55521216,7172.56597416
375,2486.94614773,4454.32639249,5384.65847655,7104.35456282
376,2484.79163370,4317.35853366,5456.69940204,7261.16489351
377,2520.61786191,4495.64491520,5498.41701609,7213.70040208
378,2517.94330758,4335.49544155,5412.55879175,7148.82916092
379,2441.20469993,4268.19616445,5396.93481014,7287.71445799
380,2474.11609676,4245.16190802,5551.36945947,7165.61074536
381,2502.30064861,4345.66057911,5402.36841557,7240.48508479
382,2535.57330331,4329.46456418,5400.62972709,7198.70674157
383,2470.14172478,4271.93201757,5434.92580195,7327.76556830
384,2384.22584622,4347.50298393,5384.32334476,7244.39146513
385,2408.03176180,4299.58523116,5589.39172630,7354.63400880
386,2515.32263637,4373.18956320,5385.24571241,7118.41029056
387,2414.60373333,4375.48467959,5363.91370649,7136.34819833
388,2498.51871581,4439.04398931,5411.12678053,7147.06960473
389,2463.12262186,4285.57387167,5475.78761541,7291.35751914
390,2407.10049661,4385.68087738,5452.63054752,7179.19301477
391,2484.34516818,4397.53533474,5423.29117391,7180.53390100
392,2430.64998291,4371.14444501,5433.11039572,7198.82026109
393,2475.64325133,4311.42699299,5499.38491736,7229.58196954
394,2465.37438305,4308.43088303,5398.74153545,7173.61757042
395,2474.50242974,4348.34619079,5480.61604717,7177.87129444
396,2531.48480300,4334.58818085,5399.15623712,7111.56417506
397,2473.64091496,4352.33681083,5496.65306476,7103.46935362
398,2540.71411132,4345.37602287,5572.75500458,7269.11582527
399,2407.97123227,4284.17633220,5461.24519889,7292.70939287
400,2494.18758136,4277.89348707,5351.43842513,7219.92025181
401,2492.88935183,4278.26367093,5351.05991222,7172.71043720
402,2514.11569935,4373.22292645,5375.82456169,7165.73714845
403,2484.29075998,4421.59663271,5320.44025210,7022.55098135
404,2440.88438942,4463.36797072,5413.09140932,7263.60895927
405,2500.44643677,4405.15825353,5489.36760388,7174.35958097
406,2475.34355710,4354.03277659,5480.79501138,7157.28051117
407,2513.18683076,4446.32476640,5468.66094023,7091.15143495
408,2501.37368573,4344.00822421,5519.40712772,7197.85408754
409,2465.57640386,4417.95308770,5392.69109426,7199.70913762
410,2504.63604989,4371.21144803,5439.65749377,7149.24139316
411,2444.39542489,4393.89918752,5480.45504565,7205.49611511
412,2498.91639640,4350.57836157,5570.32047982,7113.16234504
413,2526.98630263,4342.71318250,5421.18676238,7165.74854547
414,2476.96719701,4311.15323523,5453.70853816,7218.29438926
415,2454.36226385,4349.43297516,5363.43580013,7244.81906238
416,2447.94551386,4273.71009682,5445.97570920,7139.65639410
417,2442.40452911,4348.76499350,5458.08299849,7119.20417391
418,2502.88794605,4340.91723056,5398.91641267,7061.37461252
419,2558.14730915,4242.11170250,5390.76835927,7167.79828957
420,2495.04821713,4459.90906606,5428.76405472,7244.31592854
421,2525.09219591,4381.90820078,5444.75787286,7154.43810086
422,2423.63356487,4384.22009416,5525.44714379,7129.18927441
423,2430.70417977,4353.38313408,5474.32185915,7253.67127809
424,2500.14129865,4373.09308509,5446.66197107,7272.77977803
425,2524.24394274,4316.09302592,5420.60095580,7067.99335505
426,2487.35796128,4378.04815594,5453.28855460,7206.05807150
427,2456.10878245,4388.18270055,5470.44038840,7108.67088096
428,2436.41380640,4345.91833110,5423.47116631,7207.57505732
429,2498.25406330,4357.03983493,5433.03868328,7241.99081660
430,2436.97926749,4298.37109343,5381.71448505,7305.15112250
431,2448.56803156,4383.07016929,5410.62825376,7173.54909281
432,2469.15087091,4317.80361294,5513.76867893,7247.41722352
433,2440.69284816,4396.63995669,5428.12110577,7169.98450975
434,2472.42452483,4453.85632920,5351.92120256,7245.64097471
435,2475.59924912,4330.23037055,5471.61101048,7062.15727886
436,2427.44219354,4345.81345001,5341.66003247,7227.54615109
437,2464.22492569,4393.35529571,5429.72958481,7112.36918017
438,2457.80478788,4335.80126431,5459.87122722,7222.00179479
439,2475.61678635,4424.05580935,5492.70401773,7082.69737567
440,2499.77360354,4228.68663468,5285.50150680,7240.05216640
441,2477.43627675,4399.64837682,5466.88817108,7263.27333026
442,2510.88750336,4389.38600626,5469.99102515,7102.72906208
443,2461.96178847,4401.30873588,5335.06299131,7230.16647962
444,2473.87016054,4349.80541063,5386.49875537,7152.55108155
445,2514.85344206,4346.69949024,5396.23039504,7047.49665052
446,2550.73405756,4321.20050150,5479.07580367,7220.05514032
447,2468.16986002,4419.76498221,5460.69792221,7184.06339352
448,2537.79698394,4399.62971985,5314.42244017,7254.16270900
449,2479.93738741,4302.67640431,5509.10622574,7131.02149306
450,2478.48186416,4376.65082444,5390.15788071,7152.48255277
451,2510.41384131,4437.29912363,5493.06056921,7338.00969602
452,2458.73355063,4331.31667230,5388.28819848,7266.86799904
453,2534.40568615,4389.11784239,5447.68366636,7173.12043411
454,2488.37394151,4323.07650238,5456.54149939,7134.28982292
455,2499.08807145,4337.24464983,5496.25440645,7244.35531231
456,2470.98660655,4385.43663376,5466.29459474,7191.74501317
457,2420.85078451,4395.12689284,5410.14962678,7172.49989326
458,2488.74724600,4229.66502814,5330.86959415,7067.55340599
459,2485.71318955,4315.44512253,5466.94409923,7241.99486242
460,2538.59650445,4292.05469127,5422.77993264,7193.67776523
461,2492.43467041,4388.71412507,5564.88637614,7170.86504624
462,2488.59486788,4337.18504597,5417.15400118,7169.53030606
463,2468.71944841,4373.52518881,5513.03879138,7178.51042917
464,2456.42622773,4372.06859488,5530.65696681,7170.61022323
465,2440.45283451,4321.76675689,5463.21402726,7249.12309520
466,2507.38950990,4351.65127795,5521.53000578,7163.18296272
467,2476.94461275,4203.11856585,5458.72869274,7142.97004217
468,2518.48782202,4408.41198177,5406.87887326,7293.44746928
469,2547.48859522,4419.80839025,5387.92751877,7166.40332359
470,2468.68213286,4219.31159439,5451.32874358,7180.89461540
471,2506.63187034,4375.89626443,5405.70260519,7079.56741751
472,2484.50432239,4345.97892982,5526.78663778,7250.10839485
473,2442.19505256,4285.56467523,5424.68981863,7044.59452434
474,2485.09220744,4423.82574123,5326.43693797,7173.96203771
475,2404.34044955,4362.01880124,5490.81687246,7272.85356328
476,2457.10258291,4360.95522213,5593.80429232,7334.34266463
477,2450.64692867,4373.75776561,5464.45676927,7186.08351092
478,2458.25394614,4410.98458722,5409.49711102,7156.25111507
479,2524.62021997,4378.62982574,5378.30559158,7140.00478671
480,2450.35431747,4352.15824705,5428.96305823,7163.10693592
481,2513.94819475,4373.42912070,5390.28973516,7276.43577893
482,2499.04825402,4415.72143238,5287.55839777,7072.57556768
483,2510.92799550,4265.59310845,5405.48575250,7239.16298107
484,2557.96599264,4335.34597356,5404.05440516,7212.43526158
485,2496.27298527,4328.56194828,5309.32170775,7153.01687016
486,2489.61669790,4410.48340737,5464.91237721,7200.76459289
487,2431.37637473,4410.66242276,5469.54312401,7277.08178389
488,2455.04713844,4404.65622540,5513.27487311,7069.47774781
489,2496.33957340,4394.37773143,5502.95013780,7213.41468313
490,2439.84410964,4387.29509094,5436.79899717,7049.53695185
491,2451.33178168,4321.99638322,5496.54472329,7245.52466853
492,2510.85048273,4352.14703469,5369.31375188,7270.37217393
493,2535.17422988,4398.08833650,5463.21932885,7244.82246568
494,2505.16107701,4402.43042090,5378.93097835,7178.98918078
495,2517.72559113,4358.66223224,5527.18460969,7277.75058433
496,2374.03201921,4331.63869959,5462.34321581,7270.79380565
497,2460.44814447,4435.93734591,5383.76821466,7233.08728617
498,2486.99213846,4358.76670026,5424.61791774,7188.34437501
499,2554.51270025,4329.49823704,5519.25359298,7273.20296527
