candidate_index,level,child,parent,kernel_global,kernel_h_slice,f_stat
0,2,0,0,19602,14604,77.9557
1,2,1,0,18428,13430,69.959
2,2,1,0,17056,12058,69.2145
3,2,1,0,18868,13870,69.1244
4,2,1,0,18775,13777,68.2131
5,2,1,0,18229,13231,67.8146
6,2,0,0,18763,13765,67.6335
7,2,0,0,17071,12073,64.5257
8,2,0,0,17585,12587,64.4774
9,2,0,0,19604,14606,63.4736
10,2,0,0,17052,12054,63.1756
11,2,1,0,17653,12655,63.029
12,2,1,0,16472,11474,62.7368
13,2,0,0,18213,13215,61.5365
14,2,0,0,17598,12600,60.9731
15,2,0,0,17590,12592,60.9612
16,2,1,0,19603,14605,60.8735
17,2,0,0,18233,13235,60.2426
18,2,0,0,18228,13230,59.8743
19,2,0,0,18208,13210,59.5732
20,2,0,0,10600,5602,59.3712
21,2,0,0,18827,13829,59.1259
22,2,1,0,18780,13782,59.0125
23,2,1,0,18827,13829,58.5194
24,2,0,0,18224,13226,58.2376
25,2,0,0,18779,13781,58.1877
26,2,0,0,16487,11489,57.9355
27,2,1,0,19409,14411,57.725
28,2,0,0,18776,13778,57.3385
29,2,1,0,17603,12605,57.2069
30,2,0,0,19383,14385,57.1071
31,2,0,0,18867,13869,56.0339
32,2,0,0,17068,12070,55.9092
33,2,0,0,18802,13804,55.7042
34,2,0,0,17604,12606,55.588
35,2,0,0,17649,12651,55.5748
36,2,0,0,19965,14967,55.088
37,2,0,0,19409,14411,55.0766
38,2,0,0,18230,13232,55.0207
39,2,1,0,17647,12649,54.8881
40,2,0,0,18429,13431,54.6215
41,2,1,0,17648,12650,54.5682
42,2,0,0,17084,12086,54.5221
43,2,1,0,18212,13214,54.1133
44,2,0,0,17057,12059,54.0064
45,2,0,0,17652,12654,53.903
46,2,0,0,18869,13871,53.4146
47,2,0,0,17586,12588,53.3297
48,2,1,0,5478,480,53.278
49,2,1,0,5470,472,53.0939
50,2,0,0,17603,12605,52.9009
51,2,1,0,5462,464,52.7111
52,2,0,0,10605,5607,52.6051
53,2,0,0,17647,12649,52.497
54,2,1,0,5483,485,52.4093
55,2,0,0,11948,6950,52.094
56,2,0,0,18426,13428,52.0111
57,2,0,0,17280,12282,51.8121
58,2,0,0,19019,14021,51.7519
59,2,0,0,17599,12601,51.7219
60,2,1,0,18228,13230,51.314
61,2,0,0,16547,11549,51.1625
62,2,1,0,14703,9705,51.1185
63,2,1,0,12860,7862,50.8597
64,2,0,0,18805,13807,50.7852
65,2,0,0,16413,11415,50.6011
66,2,0,0,17848,12850,50.5328
67,2,0,0,16425,11427,50.4712
68,2,1,0,17695,12697,50.4166
69,2,1,0,14054,9056,50.4054
70,2,0,0,18427,13429,49.8603
71,2,1,0,5465,467,49.672
72,2,1,0,15232,10234,49.4487
73,2,1,0,17561,12563,49.4136
74,2,1,0,16104,11106,49.367
75,2,1,0,5763,765,49.2313
76,2,0,0,19034,14036,49.1992
77,2,0,0,18440,13442,49.0616
78,2,1,0,5836,838,49.0035
79,2,0,0,16428,11430,48.9788
80,2,1,0,5776,778,48.886
81,2,1,0,6644,1646,48.7879
82,2,1,0,6636,1638,48.3638
83,2,0,0,18244,13246,48.3525
84,2,0,0,17632,12634,48.3524
85,2,0,0,17601,12603,48.3291
86,2,1,0,6014,1016,48.2447
87,2,0,0,16410,11412,48.2208
88,2,1,0,18777,13779,48.2054
89,2,0,0,17861,12863,48.1312
90,2,1,0,16487,11489,48.0131
91,2,1,0,18828,13830,47.9737
92,2,1,0,5789,791,47.8195
93,2,0,0,16476,11478,47.6786
94,2,1,0,17071,12073,47.5176
95,2,0,0,18424,13426,47.2812
96,2,1,0,13441,8443,47.211
97,2,0,0,18193,13195,47.2079
98,2,1,0,18865,13867,47.1989
99,2,0,0,15890,10892,47.1952
100,2,0,0,19373,14375,47.1434
101,2,0,0,15879,10881,47.0875
102,2,0,0,15369,10371,47.022
103,2,0,0,18195,13197,46.9921
104,2,0,0,17123,12125,46.8754
105,2,0,0,18198,13200,46.7823
106,2,0,0,15876,10878,46.7475
107,2,1,0,14007,9009,46.597
108,2,0,0,18288,13290,46.595
109,2,1,0,15297,10299,46.5472
110,2,1,0,5391,393,46.4938
111,2,0,0,18766,13768,46.4444
112,2,0,0,9822,4824,46.3161
113,2,0,0,15908,10910,46.2795
114,2,0,0,17627,12629,46.2599
115,2,1,0,19606,14608,46.1676
116,2,0,0,13975,8977,46.109
117,2,1,0,5370,372,46.0888
118,2,1,0,5383,385,46.0888
119,2,1,0,5396,398,46.0888
120,2,0,0,10610,5612,46.0645
121,2,0,0,18211,13213,45.9882
122,2,0,0,9809,4811,45.9756
123,2,1,0,19602,14604,45.9276
124,2,1,0,19956,14958,45.9055
125,2,1,0,7862,2864,45.8013
126,2,0,0,17055,12057,45.7353
127,2,1,0,19388,14390,45.6073
128,2,1,0,19385,14387,45.5799
129,2,0,0,12196,7198,45.5368
130,2,0,0,9660,4662,45.5096
131,2,1,0,14643,9645,45.4434
132,2,1,0,5535,537,45.4254
133,2,0,0,16423,11425,45.4078
134,2,0,0,19024,14026,45.3208
135,2,1,0,5823,825,45.3169
136,2,0,0,18456,13458,45.2647
137,2,0,0,16408,11410,45.2202
138,2,1,0,5768,770,45.2114
139,2,0,0,16370,11372,45.1996
140,2,1,0,13522,8524,45.1976
141,2,1,0,5548,550,45.1786
142,2,0,0,11283,6285,45.1546
143,2,0,0,15893,10895,45.1456
144,2,0,0,16529,11531,45.0999
145,2,1,0,5378,380,45.0828
146,2,0,0,18825,13827,45.0321
147,2,1,0,5784,786,44.9025
148,2,1,0,19407,14409,44.8781
149,2,0,0,17046,12048,44.8373
150,2,0,0,9673,4675,44.7547
151,2,0,0,9801,4803,44.6944
152,2,1,0,5486,488,44.6672
153,2,0,0,17113,12115,44.5925
154,2,0,0,8409,3411,44.422
155,2,0,0,11207,6209,44.3838
156,2,1,0,15237,10239,44.3515
157,2,1,0,16410,11412,44.142
158,2,0,0,8401,3403,44.1007
159,2,0,0,19386,14388,44.087
160,2,1,0,7870,2872,44.0708
161,2,0,0,9796,4798,44.0214
162,2,0,0,16386,11388,44.0185
163,2,1,0,17005,12007,43.9322
164,2,0,0,19980,14982,43.9057
165,2,1,0,12737,7739,43.8872
166,2,1,0,7145,2147,43.8091
167,2,1,0,12813,7815,43.6621
168,2,1,0,16475,11477,43.6212
169,2,0,0,13972,8974,43.567
170,2,0,0,15877,10879,43.5532
171,2,1,0,15894,10896,43.5529
172,2,0,0,17694,12696,43.5123
173,2,0,0,8918,3920,43.5117
174,2,1,0,6610,1612,43.5104
175,2,0,0,15882,10884,43.4273
176,2,1,0,12826,7828,43.4267
177,2,1,0,14193,9195,43.3689
178,2,0,0,8406,3408,43.3305
179,2,1,0,15813,10815,43.3095
180,2,0,0,16409,11411,43.2896
181,2,1,0,5849,851,43.1994
182,2,1,0,6807,1809,43.1957
183,2,1,0,17631,12633,43.1658
184,2,1,0,7867,2869,43.164
185,2,1,0,15261,10263,43.1292
186,2,1,0,5522,524,43.1237
187,2,1,0,6001,1003,43.109
188,2,0,0,15881,10883,43.0205
189,2,1,0,7098,2100,42.9642
190,2,1,0,12114,7116,42.8483
191,2,1,0,12182,7184,42.8421
192,2,1,0,15881,10883,42.8234
193,2,1,0,12779,7781,42.754
194,2,1,0,14638,9640,42.7236
195,2,0,0,17054,12056,42.6747
196,2,1,0,6375,1377,42.6651
197,2,1,0,15891,10893,42.6345
198,2,1,0,13973,8975,42.6195
199,2,1,0,13703,8705,42.514
200,2,0,0,19039,14041,42.4609
201,2,1,0,5399,401,42.3968
202,2,1,0,8559,3561,42.3754
203,2,0,0,17588,12590,42.3646
204,2,0,0,13036,8038,42.3253
205,2,1,0,17690,12692,42.3165
206,2,0,0,16412,11414,42.2871
207,2,0,0,17543,12545,42.2791
208,2,1,0,6380,1382,42.2692
209,2,0,0,8414,3416,42.2107
210,2,0,0,8910,3912,42.1682
211,2,1,0,18213,13215,42.1617
212,2,1,0,6388,1390,42.1505
213,2,1,0,18788,13790,42.1307
214,2,0,0,16102,11104,42.1026
215,2,0,0,18285,13287,42.0529
216,2,1,0,18802,13804,41.9497
217,2,0,0,13291,8293,41.9344
218,2,1,0,18825,13827,41.9148
219,2,0,0,14149,9151,41.901
220,2,1,0,12708,7710,41.8941
221,2,1,0,19359,14361,41.8628
222,2,1,0,14067,9069,41.7929
223,2,1,0,7106,2108,41.7866
224,2,0,0,8986,3988,41.7084
225,2,1,0,5111,113,41.6929
226,2,0,0,13701,8703,41.6604
227,2,0,0,12861,7863,41.6441
228,2,1,0,18183,13185,41.5755
229,2,0,0,12626,7628,41.5015
230,2,0,0,17198,12200,41.4697
231,2,1,0,18823,13825,41.3934
232,2,1,0,19383,14385,41.3528
233,2,0,0,8553,3555,41.3513
234,2,0,0,9665,4667,41.341
235,2,0,0,17193,12195,41.2883
236,2,1,0,13370,8372,41.2854
237,2,1,0,7281,2283,41.2825
238,2,0,0,18764,13766,41.2395
239,2,1,0,8580,3582,41.1003
240,2,0,0,9668,4670,41.0996
241,2,1,0,15224,10226,41.0989
242,2,1,0,9941,4943,41.0819
243,2,1,0,6472,1474,41.0748
244,2,0,0,7659,2661,41.0404
245,2,0,0,16994,11996,41.0034
246,2,1,0,13457,8459,40.9889
247,2,1,0,14682,9684,40.9781
248,2,0,0,16513,11515,40.9191
249,2,1,0,8483,3485,40.8907
250,2,1,0,8593,3595,40.866
251,2,0,0,8923,3925,40.7859
252,2,1,0,7292,2294,40.7417
253,2,0,0,10120,5122,40.7178
254,2,1,0,8048,3050,40.7174
255,2,0,0,8404,3406,40.7146
256,2,1,0,18804,13806,40.6821
257,2,0,0,10128,5130,40.6681
258,2,1,0,8585,3587,40.6394
259,2,0,0,18761,13763,40.5637
260,2,1,0,19404,14406,40.5339
261,2,1,0,17067,12069,40.4989
262,2,0,0,16381,11383,40.4791
263,2,1,0,10883,5885,40.4735
264,2,0,0,15895,10897,40.4708
265,2,1,0,6048,1050,40.406
266,2,1,0,17084,12086,40.3477
267,2,1,0,5187,189,40.3473
268,2,1,0,6566,1568,40.3227
269,2,1,0,14926,9928,40.3102
270,2,0,0,19983,14985,40.2602
271,2,1,0,14035,9037,40.2566
272,2,0,0,19954,14956,40.1977
273,2,0,0,19618,14620,40.1192
274,2,1,0,5860,862,40.099
275,2,1,0,6477,1479,40.0971
276,2,1,0,7420,2422,40.0962
277,2,1,0,5166,168,40.0958
278,2,0,0,8908,3910,40.0862
279,2,0,0,11286,6288,40.067
280,2,0,0,15296,10298,40.0339
281,2,1,0,15264,10266,40.029
282,2,1,0,7328,2330,40.0282
283,2,0,0,19399,14401,40.0065
284,2,0,0,18792,13794,39.9295
285,2,0,0,11518,6520,39.9154
286,2,1,0,7323,2325,39.9142
287,2,1,0,14080,9082,39.8749
288,2,1,0,14598,9600,39.8464
289,2,1,0,6482,1484,39.8463
290,2,1,0,5873,875,39.8362
291,2,0,0,16426,11428,39.8199
292,2,1,0,12101,7103,39.8115
293,2,1,0,6093,1095,39.8
294,2,0,0,17561,12563,39.7893
295,2,1,0,5124,126,39.736
296,2,1,0,12046,7048,39.7339
297,2,1,0,15295,10297,39.701
298,2,1,0,11433,6435,39.687
299,2,0,0,12858,7860,39.6843
300,2,1,0,10648,5650,39.6586
301,2,1,0,8475,3477,39.6525
302,2,0,0,7740,2742,39.6523
303,2,0,0,17843,12845,39.6464
304,2,1,0,6192,1194,39.6432
305,2,1,0,13375,8377,39.6221
306,2,1,0,6490,1492,39.6209
307,2,1,0,12135,7137,39.5888
308,2,0,0,17691,12693,39.5864
309,2,1,0,6595,1597,39.5722
310,2,0,0,19772,14774,39.5626
311,2,0,0,19605,14607,39.5566
312,2,1,0,7339,2341,39.5383
313,2,1,0,5116,118,39.5368
314,2,1,0,7158,2160,39.5287
315,2,1,0,8040,3042,39.5226
316,2,1,0,5559,561,39.5169
317,2,1,0,5103,105,39.5029
318,2,1,0,7316,2318,39.4911
319,2,1,0,13991,8993,39.4859
320,2,1,0,7331,2333,39.4459
321,2,1,0,6106,1108,39.4258
322,2,0,0,13970,8972,39.4231
323,2,1,0,5003,5,39.4199
324,2,1,0,17589,12591,39.4027
325,2,1,0,5572,574,39.3861
326,2,1,0,12161,7163,39.3846
327,2,1,0,5551,553,39.3693
328,2,1,0,5567,569,39.3355
329,2,0,0,11513,6515,39.2826
330,2,1,0,13326,8328,39.279
331,2,1,0,10575,5577,39.2503
332,2,0,0,16500,11502,39.2502
333,2,0,0,19406,14408,39.2409
334,2,1,0,15166,10168,39.2349
335,2,1,0,11480,6482,39.2216
336,2,0,0,19754,14756,39.125
337,2,1,0,19966,14968,39.0299
338,2,0,0,14037,9039,39.026
339,2,1,0,7412,2414,39.0224
340,2,0,0,11951,6953,39.0132
341,2,1,0,11512,6514,39.008
342,2,0,0,9804,4806,39.0019
343,2,1,0,8567,3569,38.9619
344,2,1,0,5925,927,38.9475
345,2,1,0,5179,181,38.9246
346,2,1,0,5747,749,38.9028
347,2,1,0,7658,2660,38.9008
348,2,1,0,16424,11426,38.8562
349,2,0,0,8913,3915,38.8361
350,2,1,0,5844,846,38.8174
351,2,1,0,8043,3045,38.7885
352,2,1,0,15855,10857,38.785
353,2,0,0,18442,13444,38.7657
354,2,1,0,13421,8423,38.76
355,2,0,0,15234,10236,38.7369
356,2,1,0,11501,6503,38.7332
357,2,1,0,15876,10878,38.7278
358,2,1,0,5912,914,38.726
359,2,1,0,8604,3606,38.7256
360,2,1,0,6469,1471,38.7097
361,2,0,0,18169,13171,38.7024
362,2,1,0,6605,1607,38.6888
363,2,1,0,12847,7849,38.6875
364,2,1,0,8449,3451,38.6858
365,2,1,0,11517,6519,38.6739
366,2,1,0,17058,12060,38.6497
367,2,1,0,7650,2652,38.635
368,2,1,0,16473,11475,38.614
369,2,0,0,19464,14466,38.5832
370,2,1,0,5632,634,38.5773
371,2,1,0,7326,2328,38.5583
372,2,1,0,6404,1406,38.5379
373,2,1,0,5051,53,38.5333
374,2,1,0,17068,12070,38.5316
375,2,1,0,14122,9124,38.473
376,2,0,0,17267,12269,38.4706
377,2,0,0,8558,3560,38.4598
378,2,1,0,11347,6349,38.4477
379,2,1,0,7428,2430,38.4102
380,2,1,0,13489,8491,38.3955
381,2,1,0,17598,12600,38.3846
382,2,1,0,17072,12074,38.3239
383,2,1,0,6467,1469,38.2704
384,2,0,0,17051,12053,38.2678
385,2,1,0,5064,66,38.2527
386,2,1,0,6396,1398,38.231
387,2,0,0,18167,13169,38.2206
388,2,1,0,5692,694,38.1916
389,2,1,0,6114,1116,38.1621
390,2,0,0,9843,4845,38.1516
391,2,1,0,5771,773,38.1324
392,2,1,0,12711,7713,38.1234
393,2,0,0,18221,13223,38.1069
394,2,1,0,8596,3598,38.0953
395,2,1,0,7865,2867,38.0767
396,2,1,0,5611,613,38.0708
397,2,1,0,6216,1218,38.0696
398,2,0,0,16542,11544,38.0633
399,2,1,0,17618,12620,38.0591
400,2,1,0,17008,12010,38.0433
401,2,0,0,10795,5797,38.0359
402,2,1,0,5671,673,38.0282
403,2,0,0,16516,11518,38.0193
404,2,1,0,5938,940,38.0119
405,2,0,0,18807,13809,37.9973
406,2,1,0,11978,6980,37.9948
407,2,1,0,16442,11444,37.9627
408,2,1,0,5473,475,37.9614
409,2,0,0,10603,5605,37.938
410,2,1,0,14161,9163,37.9266
411,2,0,0,17689,12691,37.9201
412,2,1,0,7846,2848,37.9145
413,2,1,0,6237,1239,37.9082
414,2,1,0,6229,1231,37.9057
415,2,1,0,8051,3053,37.9016
416,2,1,0,6022,1024,37.9006
417,2,1,0,6362,1364,37.8969
418,2,1,0,5619,621,37.8655
419,2,1,0,5933,935,37.863
420,2,0,0,11296,6298,37.8605
421,2,1,0,6631,1633,37.8569
422,2,1,0,6639,1641,37.8569
423,2,1,0,10768,5770,37.8434
424,2,1,0,17114,12116,37.8333
425,2,1,0,6101,1103,37.8217
426,2,1,0,5386,388,37.8008
427,2,0,0,17022,12024,37.7655
428,2,0,0,15398,10400,37.7526
429,2,0,0,17264,12266,37.7494
430,2,0,0,12863,7865,37.6789
431,2,1,0,14716,9718,37.6567
432,2,0,0,10639,5641,37.646
433,2,1,0,7344,2346,37.646
434,2,1,0,13538,8540,37.6285
435,2,1,0,8627,3629,37.6093
436,2,1,0,12041,7043,37.6026
437,2,0,0,8550,3552,37.58
438,2,1,0,8053,3055,37.5573
439,2,1,0,8488,3490,37.5524
440,2,1,0,13240,8242,37.5436
441,2,1,0,5119,121,37.5151
442,2,1,0,14070,9072,37.4999
443,2,1,0,8415,3417,37.4954
444,2,1,0,9011,4013,37.4953
445,2,1,0,12659,7661,37.4783
446,2,1,0,13494,8496,37.4754
447,2,0,0,16991,11993,37.4667
448,2,1,0,9852,4854,37.4648
449,2,1,0,6284,1286,37.4547
450,2,0,0,12692,7694,37.4484
451,2,1,0,9844,4846,37.4285
452,2,1,0,18724,13726,37.3702
453,2,1,0,18244,13246,37.336
454,2,1,0,18299,13301,37.3059
455,2,1,0,7308,2310,37.2931
456,2,1,0,5888,890,37.2896
457,2,1,0,5627,629,37.2561
458,2,0,0,12545,7547,37.1999
459,2,1,0,16518,11520,37.1901
460,2,1,0,10611,5613,37.1813
461,2,0,0,12550,7552,37.1637
462,2,1,0,8588,3590,37.1597
463,2,0,0,14195,9197,37.1525
464,2,0,0,10175,5177,37.1322
465,2,1,0,5909,911,37.0398
466,2,1,0,15551,10553,37.0372
467,2,1,0,7195,2197,37.0276
468,2,0,0,11299,6301,37.0089
469,2,1,0,12072,7074,37.0084
470,2,1,0,12119,7121,36.9986
471,2,1,0,8441,3443,36.9918
472,2,1,0,13321,8323,36.9723
473,2,1,0,12645,7647,36.9127
474,2,1,0,19969,14971,36.904
475,2,0,0,7753,2755,36.9014
476,2,1,0,6456,1458,36.8836
477,2,1,0,5208,210,36.878
478,2,1,0,9849,4851,36.8754
479,2,0,0,8994,3996,36.8636
480,2,1,0,7449,2451,36.8546
481,2,1,0,13446,8448,36.8283
482,2,1,0,6158,1160,36.8122
483,2,0,0,11278,6280,36.8105
484,2,1,0,6383,1385,36.7869
485,2,1,0,5920,922,36.7625
486,2,0,0,19355,14357,36.7622
487,2,1,0,5999,1001,36.7501
488,2,1,0,6427,1429,36.7474
489,2,1,0,15371,10373,36.7413
490,2,1,0,11983,6985,36.7089
491,2,1,0,12130,7132,36.6694
492,2,1,0,6297,1299,36.666
493,2,0,0,11977,6979,36.661
494,2,0,0,14191,9193,36.6568
495,2,0,0,16473,11475,36.6482
496,2,1,0,5294,296,36.6432
497,2,0,0,19342,14344,36.6157
498,2,1,0,8554,3556,36.6134
499,2,1,0,16511,11513,36.6121
500,2,1,0,10557,5559,36.6073
501,2,1,0,6224,1226,36.6039
502,2,1,0,6550,1552,36.6001
503,2,1,0,16368,11370,36.596
504,2,1,0,12640,7642,36.5954
505,2,0,0,9002,4004,36.5865
506,2,1,0,6268,1270,36.586
507,2,0,0,15237,10239,36.5792
508,2,1,0,5896,898,36.5718
509,2,0,0,12808,7810,36.568
510,2,1,0,19601,14603,36.5663
511,2,1,0,10698,5700,36.5634
512,2,1,0,6132,1134,36.5623
513,2,0,0,12811,7813,36.5563
514,2,1,0,11915,6917,36.5556
515,2,1,0,19953,14955,36.5254
516,2,1,0,12642,7644,36.5148
517,2,0,0,16383,11385,36.4656
518,2,1,0,10635,5637,36.4603
519,2,1,0,13572,8574,36.4572
520,2,0,0,7748,2750,36.4465
521,2,1,0,10818,5820,36.4404
522,2,1,0,15933,10935,36.4272
523,2,0,0,15301,10303,36.4229
524,2,1,0,10336,5338,36.4218
525,2,1,0,16439,11441,36.4192
526,2,1,0,6179,1181,36.4182
527,2,1,0,19955,14957,36.4153
528,2,1,0,12792,7794,36.405
529,2,1,0,14085,9087,36.3909
530,2,1,0,5281,283,36.3647
531,2,1,0,5493,495,36.3484
532,2,1,0,5802,804,36.3258
533,2,1,0,11996,6998,36.3135
534,2,1,0,19034,14036,36.3131
535,2,0,0,19389,14391,36.31
536,2,1,0,6307,1309,36.3022
537,2,0,0,14701,9703,36.3012
538,2,0,0,19036,14038,36.2982
539,2,1,0,6069,1071,36.2671
540,2,1,0,14002,9004,36.2495
541,2,1,0,11465,6467,36.2484
542,2,1,0,7645,2647,36.2396
543,2,1,0,9810,4812,36.235
544,2,1,0,15266,10268,36.2312
545,2,1,0,5221,223,36.2169
546,2,0,0,12180,7182,36.2123
547,2,1,0,6558,1560,36.1937
548,2,1,0,11449,6451,36.1884
549,2,1,0,15893,10895,36.1755
550,2,1,0,7613,2615,36.1732
551,2,0,0,15232,10234,36.1487
552,2,1,0,5229,231,36.1398
553,2,1,0,15829,10831,36.1368
554,2,1,0,7663,2665,36.1352
555,2,1,0,7360,2362,36.1305
556,2,0,0,18246,13248,36.1198
557,2,1,0,12677,7679,36.1187
558,2,1,0,8551,3553,36.1052
559,2,0,0,14924,9926,36.0942
560,2,0,0,17859,12861,36.0912
561,2,1,0,11470,6472,36.0848
562,2,1,0,16101,11103,36.0781
563,2,1,0,11334,6336,36.0625
564,2,1,0,8609,3611,36.062
565,2,0,0,17602,12604,36.0593
566,2,1,0,15315,10317,36.0427
567,2,1,0,9818,4820,36.0381
568,2,1,0,5242,244,36.0336
569,2,1,0,9847,4849,36.0179
570,2,1,0,5237,239,36.0148
571,2,0,0,8563,3565,36.0074
572,2,1,0,7386,2388,35.9986
573,2,1,0,9834,4836,35.9978
574,2,1,0,9700,4702,35.9901
575,2,1,0,16514,11516,35.9745
576,2,1,0,11048,6050,35.9743
577,2,0,0,11982,6984,35.9707
578,2,1,0,5679,681,35.9686
579,2,1,0,10669,5671,35.9523
580,2,1,0,6519,1521,35.9465
581,2,1,0,13339,8341,35.9455
582,2,1,0,10174,5176,35.9424
583,2,1,0,12742,7744,35.9378
584,2,0,0,17262,12264,35.9328
585,2,1,0,5978,980,35.9108
586,2,1,0,8721,3723,35.8961
587,2,0,0,16454,11456,35.892
588,2,0,0,8989,3991,35.8868
589,2,0,0,15311,10313,35.8868
590,2,0,0,14703,9705,35.8779
591,2,1,0,13575,8577,35.8585
592,2,1,0,7234,2236,35.8437
593,2,1,0,5543,545,35.8308
594,2,1,0,16517,11519,35.8292
595,2,0,0,11468,6470,35.7758
596,2,1,0,14119,9121,35.7714
597,2,1,0,5648,650,35.7544
598,2,1,0,5247,249,35.7488
599,2,1,0,6077,1079,35.7462
600,2,1,0,12093,7095,35.7447
601,2,1,0,5868,870,35.7355
602,2,0,0,17033,12035,35.7285
603,2,1,0,7436,2438,35.7113
604,2,0,0,15366,10368,35.696
605,2,1,0,7478,2480,35.6871
606,2,1,0,7731,2733,35.655
607,2,0,0,15818,10820,35.6451
608,2,1,0,12690,7692,35.6448
609,2,1,0,12030,7032,35.6414
610,2,1,0,7859,2861,35.6307
611,2,1,0,7854,2856,35.6303
612,2,1,0,12352,7354,35.6255
613,2,0,0,8915,3917,35.6106
614,2,1,0,17282,12284,35.5955
615,2,1,0,13509,8511,35.5753
616,2,1,0,7441,2443,35.5553
617,2,1,0,10687,5689,35.5551
618,2,1,0,14151,9153,35.553
619,2,1,0,7394,2396,35.547
620,2,0,0,16993,11995,35.5443
621,2,0,0,17017,12019,35.5382
622,2,1,0,5967,969,35.4948
623,2,1,0,6367,1369,35.4907
624,2,0,0,14641,9643,35.4771
625,2,1,0,19600,14602,35.4767
626,2,1,0,13478,8480,35.455
627,2,0,0,8997,3999,35.4419
628,2,1,0,5260,262,35.4095
629,2,1,0,17113,12115,35.4045
630,2,1,0,7621,2623,35.3992
631,2,0,0,14642,9644,35.393
632,2,0,0,8435,3437,35.3767
633,2,1,0,8428,3430,35.3747
634,2,1,0,16471,11473,35.372
635,2,1,0,5234,236,35.3701
636,2,0,0,9010,4012,35.3669
637,2,1,0,6996,1998,35.3444
638,2,0,0,11471,6473,35.3439
639,2,0,0,9005,4007,35.3389
640,2,0,0,14048,9050,35.3349
641,2,1,0,5991,993,35.3331
642,2,1,0,18209,13211,35.3217
643,2,1,0,14331,9333,35.3182
644,2,0,0,10634,5636,35.3054
645,2,1,0,6140,1142,35.3045
646,2,1,0,5954,956,35.2993
647,2,1,0,11999,7001,35.297
648,2,1,0,5506,508,35.2917
649,2,0,0,18824,13826,35.2873
650,2,1,0,5514,516,35.2825
651,2,1,0,8423,3425,35.2709
652,2,0,0,16310,11312,35.2651
653,2,0,0,14190,9192,35.2634
654,2,1,0,14528,9530,35.245
655,2,1,0,10755,5757,35.2325
656,2,1,0,10030,5032,35.2186
657,2,1,0,16936,11938,35.209
658,2,1,0,9952,4954,35.208
659,2,0,0,6565,1567,35.2008
660,2,1,0,9692,4694,35.1982
661,2,1,0,12088,7090,35.1901
662,2,1,0,7200,2202,35.1766
663,2,0,0,12629,7631,35.1644
664,2,1,0,7381,2383,35.1546
665,2,1,0,5810,812,35.1415
666,2,1,0,12195,7197,35.1363
667,2,1,0,14816,9818,35.1284
668,2,1,0,18288,13290,35.1268
669,2,1,0,12226,7228,35.113
670,2,1,0,7815,2817,35.1108
671,2,0,0,8443,3445,35.1057
672,2,1,0,9841,4843,35.0834
673,2,0,0,19358,14360,35.0711
674,2,1,0,15878,10880,35.0657
675,2,1,0,11496,6498,35.0484
676,2,1,0,12727,7729,35.0442
677,2,0,0,17846,12848,35.0256
678,2,1,0,8635,3637,35.0168
679,2,1,0,17054,12056,35.0037
680,2,1,0,9124,4126,34.9923
681,2,0,0,18598,13600,34.9915
682,2,1,0,7582,2584,34.98
683,2,1,0,6035,1037,34.9576
684,2,1,0,11897,6899,34.8634
685,2,1,0,14813,9815,34.8623
686,2,1,0,11436,6438,34.8619
687,2,1,0,17617,12619,34.8556
688,2,0,0,19713,14715,34.8431
689,2,1,0,13310,8312,34.8316
690,2,1,0,6896,1898,34.8161
691,2,1,0,6411,1413,34.811
692,2,0,0,10840,5842,34.7965
693,2,1,0,16541,11543,34.7939
694,2,1,0,7891,2893,34.7831
695,2,1,0,17602,12604,34.7716
696,2,0,0,17070,12072,34.7485
697,2,1,0,8690,3692,34.7192
698,2,1,0,14064,9066,34.7113
699,2,1,0,5598,600,34.705
700,2,1,0,8599,3601,34.6919
701,2,1,0,15861,10863,34.6728
702,2,0,0,14637,9639,34.6716
703,2,0,0,13320,8322,34.6683
704,2,1,0,17650,12652,34.6626
705,2,1,0,15860,10862,34.6341
706,2,1,0,7336,2338,34.6257
707,2,1,0,10095,5097,34.6192
708,2,1,0,7221,2223,34.6189
709,2,1,0,8899,3901,34.6048
710,2,0,0,10853,5855,34.5949
711,2,1,0,9854,4856,34.5834
712,2,1,0,12705,7707,34.5648
713,2,1,0,8175,3177,34.5557
714,2,1,0,19970,14972,34.5376
715,2,1,0,8823,3825,34.5374
716,2,0,0,13294,8296,34.4955
717,2,1,0,15342,10344,34.4944
718,2,1,0,17615,12617,34.487
719,2,1,0,8402,3404,34.4819
720,2,1,0,13436,8438,34.4799
721,2,1,0,17007,12009,34.4763
722,2,0,0,11346,6348,34.4697
723,2,1,0,6511,1513,34.4624
724,2,0,0,15365,10367,34.4608
725,2,1,0,6475,1477,34.4566
726,2,0,0,7651,2653,34.4557
727,2,1,0,9664,4666,34.4529
728,2,0,0,7745,2747,34.4494
729,2,0,0,19600,14602,34.4192
730,2,1,0,10855,5857,34.418
731,2,1,0,15337,10339,34.4173
732,2,0,0,15816,10818,34.4088
733,2,0,0,13492,8494,34.4053
734,2,1,0,5554,556,34.3985
735,2,1,0,8729,3731,34.3941
736,2,1,0,5669,671,34.3807
737,2,0,0,13325,8327,34.3787
738,2,1,0,15520,10522,34.3653
739,2,1,0,7676,2678,34.3526
740,2,0,0,12658,7660,34.3492
741,2,1,0,14771,9773,34.342
742,2,1,0,5307,309,34.3415
743,2,1,0,7700,2702,34.334
744,2,1,0,6145,1147,34.3303
745,2,1,0,19950,14952,34.3161
746,2,1,0,9315,4317,34.3115
747,2,1,0,10122,5124,34.3094
748,2,1,0,11515,6517,34.3084
749,2,1,0,13506,8508,34.3068
750,2,0,0,15247,10249,34.301
751,2,1,0,11412,6414,34.2992
752,2,1,0,6325,1327,34.2939
753,2,1,0,8904,3906,34.2809
754,2,1,0,17651,12653,34.2763
755,2,1,0,8896,3898,34.2548
756,2,0,0,12857,7859,34.2472
757,2,1,0,14730,9732,34.2452
758,2,0,0,10529,5531,34.2448
759,2,1,0,6247,1249,34.2432
760,2,0,0,17251,12253,34.2303
761,2,1,0,10244,5246,34.2264
762,2,1,0,6211,1213,34.2235
763,2,1,0,15818,10820,34.2231
764,2,0,0,14640,9642,34.2201
765,2,0,0,13542,8544,34.2019
766,2,1,0,9488,4490,34.1979
767,2,1,0,9006,4008,34.1916
768,2,1,0,17544,12546,34.1895
769,2,1,0,7653,2655,34.1778
770,2,1,0,17057,12059,34.1668
771,2,0,0,15298,10300,34.1526
772,2,1,0,6440,1442,34.1372
773,2,1,0,6964,1966,34.0775
774,2,1,0,13433,8435,34.0587
775,2,1,0,5224,226,34.0476
776,2,1,0,9129,4131,34.0386
777,2,0,0,15340,10342,34.0119
778,2,1,0,9983,4985,34.0013
779,2,0,0,8555,3557,33.9995
780,2,1,0,10614,5616,33.9874
781,2,1,0,12624,7626,33.9807
782,2,0,0,18357,13359,33.9784
783,2,1,0,6527,1529,33.9726
784,2,1,0,8695,3697,33.9688
785,2,0,0,14038,9040,33.968
786,2,1,0,8045,3047,33.9547
787,2,1,0,18245,13247,33.9506
788,2,1,0,17111,12113,33.934
789,2,1,0,18764,13766,33.9306
790,2,1,0,19605,14607,33.9186
791,2,0,0,11691,6693,33.9169
792,2,0,0,8589,3591,33.8975
793,2,1,0,7554,2556,33.8966
794,2,1,0,8575,3577,33.885
795,2,1,0,15910,10912,33.8708
796,2,1,0,6124,1126,33.8653
797,2,0,0,15222,10224,33.8623
798,2,1,0,9695,4697,33.854
799,2,1,0,16488,11490,33.8361
800,2,1,0,5883,885,33.8324
801,2,1,0,7749,2751,33.8257
802,2,1,0,17543,12545,33.8167
803,2,1,0,6857,1859,33.816
804,2,1,0,13418,8420,33.7967
805,2,1,0,8831,3833,33.7896
806,2,0,0,17885,12887,33.7879
807,2,1,0,6419,1421,33.7858
808,2,1,0,10653,5655,33.7771
809,2,1,0,8985,3987,33.7629
810,2,1,0,7256,2258,33.7532
811,2,1,0,9069,4071,33.7288
812,2,1,0,18793,13795,33.7193
813,2,0,0,19049,14051,33.7189
814,2,0,0,12149,7151,33.7083
815,2,1,0,8420,3422,33.7064
816,2,0,0,9007,4009,33.7041
817,2,1,0,8666,3668,33.6851
818,2,1,0,5734,736,33.6846
819,2,1,0,14020,9022,33.6678
820,2,0,0,14774,9776,33.6601
821,2,1,0,9323,4325,33.6501
822,2,1,0,8862,3864,33.6382
823,2,1,0,7828,2830,33.6355
824,2,1,0,9902,4904,33.6331
825,2,1,0,15774,10776,33.6235
826,2,1,0,12355,7357,33.6051
827,2,0,0,7816,2818,33.6035
828,2,1,0,5286,288,33.6016
829,2,1,0,15177,10179,33.5728
830,2,1,0,6474,1476,33.5587
831,2,1,0,5409,411,33.5563
832,2,1,0,18208,13210,33.55
833,2,0,0,15370,10372,33.5408
834,2,1,0,12724,7726,33.5383
835,2,0,0,8999,4001,33.497
836,2,0,0,18196,13198,33.4864
837,2,1,0,14038,9040,33.4809
838,2,0,0,10532,5534,33.4719
839,2,1,0,7697,2699,33.4647
840,2,0,0,15521,10523,33.4581
841,2,1,0,13416,8418,33.4551
842,2,1,0,8883,3885,33.4444
843,2,1,0,7757,2759,33.4428
844,2,1,0,6232,1234,33.4356
845,2,0,0,16471,11473,33.424
846,2,1,0,6422,1424,33.4219
847,2,1,0,10771,5773,33.416
848,2,1,0,13475,8477,33.3987
849,2,1,0,14679,9681,33.3965
850,2,1,0,11363,6365,33.3861
851,2,1,0,11313,6315,33.3791
852,2,0,0,14569,9571,33.3725
853,2,1,0,18807,13809,33.3675
854,2,1,0,17632,12634,33.358
855,2,0,0,8561,3563,33.3511
856,2,1,0,5373,375,33.3428
857,2,1,0,6545,1547,33.3414
858,2,0,0,10222,5224,33.3406
859,2,1,0,6972,1974,33.3406
860,2,1,0,7873,2875,33.3381
861,2,1,0,10912,5914,33.3227
862,2,0,0,8430,3432,33.3158
863,2,1,0,13986,8988,33.3098
864,2,0,0,6557,1559,33.3067
865,2,1,0,12695,7697,33.2984
866,2,1,0,19952,14954,33.2915
867,2,1,0,7705,2707,33.2782
868,2,1,0,19410,14412,33.2571
869,2,0,0,17888,12890,33.2557
870,2,0,0,16544,11546,33.2539
871,2,1,0,16527,11529,33.2536
872,2,1,0,5106,108,33.2477
873,2,0,0,19970,14972,33.2429
874,2,1,0,7695,2697,33.2377
875,2,0,0,19360,14362,33.2322
876,2,1,0,7708,2710,33.2229
877,2,1,0,5585,587,33.201
878,2,0,0,12191,7193,33.2005
879,2,0,0,10180,5182,33.1938
880,2,1,0,5273,275,33.1873
881,2,0,0,14638,9640,33.1858
882,2,0,0,19530,14532,33.1857
883,2,1,0,8250,3252,33.1844
884,2,1,0,19980,14982,33.1726
885,2,1,0,6464,1466,33.1631
886,2,1,0,19343,14345,33.1448
887,2,1,0,12831,7833,33.1337
888,2,1,0,10132,5134,33.1151
889,2,1,0,11546,6548,33.1079
890,2,1,0,17086,12088,33.0993
891,2,1,0,5904,906,33.0773
892,2,0,0,9859,4861,33.0758
893,2,1,0,18185,13187,33.0689
894,2,0,0,13493,8495,33.0305
895,2,1,0,13261,8263,33.0267
896,2,1,0,11551,6553,33.0024
897,2,0,0,19461,14463,32.9764
898,2,1,0,6255,1257,32.971
899,2,1,0,9714,4716,32.953
900,2,1,0,8457,3459,32.9523
901,2,1,0,5941,943,32.9517
902,2,0,0,19357,14359,32.9455
903,2,1,0,18233,13235,32.9351
904,2,1,0,5721,723,32.9246
905,2,1,0,16994,11996,32.8941
906,2,1,0,6587,1589,32.8901
907,2,1,0,6561,1563,32.8854
908,2,1,0,14541,9543,32.8693
909,2,0,0,7803,2805,32.8653
910,2,1,0,6888,1890,32.8643
911,2,1,0,7334,2336,32.864
912,2,1,0,10570,5572,32.8635
913,2,0,0,17058,12060,32.8612
914,2,0,0,15847,10849,32.8563
915,2,0,0,11458,6460,32.8396
916,2,1,0,15777,10779,32.8361
917,2,1,0,11219,6221,32.8309
918,2,1,0,17586,12588,32.8295
919,2,1,0,11483,6485,32.8272
920,2,1,0,7807,2809,32.8133
921,2,1,0,6569,1571,32.8007
922,2,0,0,15327,10329,32.7976
923,2,1,0,5362,364,32.7911
924,2,1,0,5708,710,32.791
925,2,1,0,9879,4881,32.7833
926,2,1,0,7470,2472,32.7694
927,2,1,0,10870,5872,32.7658
928,2,1,0,7823,2825,32.7577
929,2,1,0,8975,3977,32.7552
930,2,0,0,7829,2831,32.754
931,2,0,0,10214,5216,32.7534
932,2,1,0,10004,5006,32.7498
933,2,0,0,18373,13375,32.7321
934,2,0,0,10845,5847,32.7253
935,2,1,0,11415,6417,32.7252
936,2,0,0,18368,13370,32.7167
937,2,1,0,10834,5836,32.7166
938,2,1,0,8748,3750,32.7103
939,2,0,0,15974,10976,32.7009
940,2,1,0,13358,8360,32.6977
941,2,1,0,12797,7799,32.6948
942,2,1,0,5195,197,32.685
943,2,0,0,12356,7358,32.6838
944,2,0,0,9867,4869,32.6736
945,2,0,0,11281,6283,32.6693
946,2,1,0,7229,2231,32.6593
947,2,0,0,18829,13831,32.6524
948,2,0,0,12128,7130,32.6249
949,2,1,0,6406,1408,32.6233
950,2,0,0,13696,8698,32.6211
951,2,0,0,15250,10252,32.6196
952,2,1,0,5928,930,32.6084
953,2,0,0,13698,8700,32.5967
954,2,0,0,14053,9055,32.5886
955,2,0,0,18299,13301,32.5856
956,2,1,0,7025,2027,32.5614
957,2,0,0,10521,5523,32.5601
958,2,1,0,7535,2537,32.5571
959,2,1,0,9823,4825,32.5477
960,2,1,0,9328,4330,32.5423
961,2,1,0,7710,2712,32.5388
962,2,1,0,15219,10221,32.5375
963,2,1,0,12015,7017,32.536
964,2,1,0,6320,1322,32.533
965,2,0,0,14033,9035,32.5317
966,2,1,0,9813,4815,32.5226
967,2,1,0,12077,7079,32.5106
968,2,0,0,19037,14039,32.5087
969,2,0,0,9086,4088,32.5074
970,2,0,0,15924,10926,32.4936
971,2,1,0,19301,14303,32.4851
972,2,0,0,8412,3414,32.4462
973,2,1,0,14218,9220,32.4448
974,2,1,0,7313,2315,32.4412
975,2,0,0,13289,8291,32.4151
976,2,1,0,14760,9762,32.4145
977,2,1,0,16371,11373,32.3988
978,2,1,0,13543,8545,32.3977
979,2,1,0,8658,3660,32.3867
980,2,0,0,15343,10345,32.3831
981,2,1,0,7399,2401,32.3701
982,2,1,0,6773,1775,32.3684
983,2,1,0,10839,5841,32.3571
984,2,1,0,14190,9192,32.3555
985,2,1,0,15182,10184,32.3524
986,2,1,0,7248,2250,32.3524
987,2,1,0,5946,948,32.3386
988,2,1,0,17037,12039,32.3359
989,2,1,0,14653,9655,32.3297
990,2,1,0,7671,2673,32.3293
991,2,1,0,5341,343,32.3252
992,2,0,0,14706,9708,32.3242
993,2,0,0,10209,5211,32.32
994,2,0,0,9070,4072,32.3196
995,2,1,0,9383,4385,32.3183
996,2,1,0,6581,1583,32.3131
997,2,1,0,13527,8529,32.3091
998,2,1,0,18181,13183,32.3054
999,2,1,0,15890,10892,32.3005
1000,2,0,0,16315,11317,32.2814
1001,2,0,0,17035,12037,32.2805
1002,2,1,0,6836,1838,32.2714
1003,2,1,0,12776,7778,32.271
1004,2,1,0,7391,2393,32.2699
1005,2,1,0,11329,6331,32.2621
1006,2,1,0,9970,4972,32.2558
1007,2,0,0,15813,10815,32.2549
1008,2,0,0,13473,8475,32.254
1009,2,0,0,17128,12130,32.2446
1010,2,1,0,6271,1273,32.242
1011,2,1,0,19618,14620,32.2347
1012,2,1,0,13402,8404,32.2328
1013,2,1,0,18440,13442,32.2274
1014,2,0,0,17009,12011,32.2168
1015,2,1,0,6341,1343,32.2132
1016,2,1,0,6831,1833,32.1991
1017,2,0,0,18179,13181,32.1951
1018,2,1,0,16301,11303,32.1891
1019,2,1,0,10852,5854,32.185
1020,2,1,0,8745,3747,32.1821
1021,2,1,0,15368,10370,32.1722
1022,2,1,0,8891,3893,32.172
1023,2,1,0,18871,13873,32.1519
1024,2,1,0,14065,9067,32.1392
1025,2,1,0,13669,8671,32.1302
1026,2,1,0,6731,1733,32.1267
1027,2,0,0,13378,8380,32.126
1028,2,0,0,15747,10749,32.1227
1029,2,1,0,8784,3786,32.1209
1030,2,0,0,10882,5884,32.1131
1031,2,0,0,16106,11108,32.1121
1032,2,1,0,7844,2846,32.104
1033,2,1,0,7415,2417,32.1003
1034,2,1,0,10719,5721,32.0972
1035,2,1,0,15300,10302,32.0964
1036,2,1,0,9003,4005,32.0948
1037,2,1,0,14334,9336,32.0764
1038,2,1,0,8679,3681,32.072
1039,2,1,0,8993,3995,32.0527
1040,2,0,0,19936,14938,32.0493
1041,2,1,0,11318,6320,32.0422
1042,2,1,0,15772,10774,32.0359
1043,2,1,0,5245,247,32.0252
1044,2,1,0,8229,3231,32.02
1045,2,1,0,6556,1558,32.0186
1046,2,0,0,18593,13595,32.0163
1047,2,0,0,12135,7137,32.0094
1048,2,1,0,8360,3362,32.005
1049,2,0,0,17665,12667,32.0009
1050,2,1,0,10881,5883,31.9931
1051,2,1,0,7355,2357,31.9673
1052,2,0,0,14054,9056,31.9652
1053,2,1,0,10682,5684,31.9638
1054,2,1,0,7213,2215,31.9539
1055,2,0,0,13539,8541,31.9488
1056,2,1,0,9706,4708,31.9473
1057,2,1,0,7491,2493,31.9461
1058,2,1,0,11535,6537,31.9297
1059,2,1,0,5252,254,31.9262
1060,2,1,0,18721,13723,31.9173
1061,2,0,0,14746,9748,31.9145
1062,2,0,0,19177,14179,31.907
1063,2,0,0,15235,10237,31.9066
1064,2,1,0,6260,1262,31.9036
1065,2,0,0,17004,12006,31.8952
1066,2,1,0,9750,4752,31.893
1067,2,1,0,8512,3514,31.8864
1068,2,1,0,9962,4964,31.8844
1069,2,0,0,11946,6948,31.879
1070,2,0,0,16980,11982,31.8702
1071,2,1,0,7802,2804,31.8512
1072,2,1,0,8808,3810,31.8511
1073,2,1,0,18774,13776,31.8484
1074,2,0,0,17546,12548,31.8377
1075,2,0,0,16505,11507,31.8363
1076,2,1,0,7988,2990,31.8231
1077,2,1,0,9821,4823,31.801
1078,2,1,0,6137,1139,31.8007
1079,2,0,0,15221,10223,31.786
1080,2,1,0,7904,2906,31.7807
1081,2,1,0,7833,2835,31.7747
1082,2,1,0,10609,5611,31.7689
1083,2,0,0,15382,10384,31.7638
1084,2,1,0,7689,2691,31.7635
1085,2,1,0,6839,1841,31.7497
1086,2,1,0,14601,9603,31.7444
1087,2,0,0,16489,11491,31.7412
1088,2,0,0,16299,11301,31.7258
1089,2,0,0,14036,9038,31.6981
1090,2,0,0,16573,11575,31.6967
1091,2,0,0,15979,10981,31.6836
1092,2,0,0,10631,5633,31.6794
1093,2,1,0,17052,12054,31.6786
1094,2,0,0,12696,7698,31.6709
1095,2,1,0,7517,2519,31.6707
1096,2,1,0,10716,5718,31.6586
1097,2,0,0,18808,13810,31.6512
1098,2,0,0,13990,8992,31.6487
1099,2,0,0,15950,10952,31.6426
1100,2,1,0,8909,3911,31.6188
1101,2,1,0,12132,7134,31.6134
1102,2,1,0,7836,2838,31.6113
1103,2,0,0,9663,4665,31.6081
1104,2,1,0,9996,4998,31.5901
1105,2,0,0,15992,10994,31.5877
1106,2,0,0,6612,1614,31.576
1107,2,0,0,16699,11701,31.5691
1108,2,1,0,12339,7341,31.5675
1109,2,0,0,19384,14386,31.5648
1110,2,1,0,6823,1825,31.5534
1111,2,0,0,12133,7135,31.5497
1112,2,1,0,17036,12038,31.5481
1113,2,0,0,13488,8490,31.5405
1114,2,0,0,12193,7195,31.5315
1115,2,1,0,12706,7708,31.5273
1116,2,1,0,8795,3797,31.5248
1117,2,1,0,18256,13258,31.5217
1118,2,1,0,7637,2639,31.5085
1119,2,1,0,7017,2019,31.5048
1120,2,1,0,17279,12281,31.5037
1121,2,0,0,10609,5611,31.5019
1122,2,1,0,7765,2767,31.4985
1123,2,0,0,10803,5805,31.4933
1124,2,1,0,5614,616,31.489
1125,2,0,0,10629,5631,31.4827
1126,2,1,0,19408,14410,31.4822
1127,2,1,0,5299,301,31.4816
1128,2,1,0,15394,10396,31.4787
1129,2,1,0,8753,3755,31.4686
1130,2,1,0,14124,9126,31.4657
1131,2,1,0,6781,1783,31.4647
1132,2,0,0,17020,12022,31.4642
1133,2,1,0,14748,9750,31.451
1134,2,1,0,14818,9820,31.4306
1135,2,1,0,15787,10789,31.4295
1136,2,1,0,10158,5160,31.4186
1137,2,1,0,9043,4045,31.417
1138,2,1,0,18826,13828,31.4167
1139,2,1,0,6524,1526,31.4116
1140,2,0,0,13888,8890,31.4106
1141,2,0,0,16989,11991,31.3785
1142,2,1,0,8221,3223,31.3779
1143,2,0,0,12848,7850,31.3732
1144,2,1,0,12722,7724,31.3699
1145,2,1,0,10137,5139,31.3675
1146,2,1,0,10171,5173,31.3669
1147,2,0,0,9699,4701,31.3635
1148,2,1,0,12059,7061,31.357
1149,2,1,0,10184,5186,31.3559
1150,2,1,0,8912,3914,31.3366
1151,2,0,0,10614,5616,31.3343
1152,2,1,0,7760,2762,31.327
1153,2,1,0,18232,13234,31.3161
1154,2,1,0,11962,6964,31.3131
1155,2,1,0,5132,134,31.3058
1156,2,0,0,15844,10846,31.3051
1157,2,1,0,5700,702,31.3044
1158,2,1,0,15857,10859,31.3041
1159,2,0,0,17007,12009,31.2981
1160,2,0,0,19420,14422,31.2939
1161,2,1,0,8716,3718,31.2856
1162,2,1,0,17034,12036,31.285
1163,2,1,0,12567,7569,31.2644
1164,2,1,0,5729,731,31.2588
1165,2,0,0,18182,13184,31.2586
1166,2,1,0,14049,9051,31.2364
1167,2,1,0,10206,5208,31.2335
1168,2,1,0,11224,6226,31.2226
1169,2,1,0,7543,2545,31.219
1170,2,1,0,19937,14939,31.2107
1171,2,1,0,19405,14407,31.2071
1172,2,1,0,5962,964,31.2046
1173,2,1,0,9897,4899,31.2032
1174,2,1,0,6219,1221,31.1917
1175,2,1,0,8943,3945,31.191
1176,2,0,0,19759,14761,31.1857
1177,2,1,0,5716,718,31.1725
1178,2,0,0,16518,11520,31.1671
1179,2,1,0,12627,7629,31.1644
1180,2,1,0,6082,1084,31.1628
1181,2,1,0,17600,12602,31.1453
1182,2,1,0,11009,6011,31.1421
1183,2,1,0,19372,14374,31.1307
1184,2,1,0,7831,2833,31.1277
1185,2,0,0,12130,7132,31.1267
1186,2,1,0,16440,11442,31.1117
1187,2,1,0,17705,12707,31.1107
1188,2,1,0,6826,1828,31.1088
1189,2,1,0,6378,1380,31.1041
1190,2,1,0,5101,103,31.103
1191,2,1,0,12857,7859,31.0968
1192,2,1,0,14101,9103,31.0845
1193,2,1,0,7983,2985,31.0791
1194,2,1,0,7872,2874,31.0739
1195,2,0,0,6604,1606,31.0712
1196,2,0,0,19729,14731,31.0699
1197,2,1,0,18242,13244,31.0658
1198,2,1,0,15525,10527,31.0619
1199,2,1,0,17612,12614,31.0547
1200,2,1,0,9480,4482,31.0492
1201,2,1,0,10140,5142,31.0419
1202,2,1,0,6542,1544,31.0357
1203,2,1,0,14051,9053,31.0352
1204,2,1,0,10189,5191,31.0257
1205,2,1,0,14096,9098,31.0147
1206,2,1,0,7457,2459,31.0125
1207,2,1,0,7033,2035,31.0089
1208,2,1,0,15196,10198,31.0042
1209,2,1,0,14221,9223,30.9996
1210,2,0,0,15832,10834,30.9932
1211,2,1,0,5059,61,30.9916
1212,2,1,0,10650,5652,30.991
1213,2,1,0,17033,12035,30.9871
1214,2,0,0,11964,6966,30.9762
1215,2,1,0,10172,5174,30.9599
1216,2,1,0,5114,116,30.9579
1217,2,0,0,19732,14734,30.9559
1218,2,1,0,7768,2770,30.9544
1219,2,1,0,15357,10359,30.9515
1220,2,1,0,11239,6241,30.9477
1221,2,1,0,7812,2814,30.9392
1222,2,1,0,7574,2576,30.939
1223,2,0,0,17290,12292,30.9298
1224,2,0,0,10177,5179,30.9236
1225,2,0,0,17630,12632,30.9231
1226,2,1,0,7980,2982,30.9127
1227,2,1,0,9719,4721,30.909
1228,2,1,0,10106,5108,30.8912
1229,2,0,0,19436,14438,30.8901
1230,2,1,0,19231,14233,30.888
1231,2,1,0,10724,5726,30.8698
1232,2,1,0,12357,7359,30.8686
1233,2,0,0,15393,10395,30.8598
1234,2,1,0,8046,3048,30.8573
1235,2,1,0,5127,129,30.8511
1236,2,0,0,11273,6275,30.8246
1237,2,1,0,7020,2022,30.821
1238,2,0,0,14193,9195,30.8166
1239,2,0,0,10626,5628,30.8164
1240,2,1,0,15397,10399,30.7998
1241,2,1,0,9991,4993,30.7906
1242,2,0,0,15873,10875,30.7878
1243,2,1,0,14758,9760,30.787
1244,2,0,0,17036,12038,30.7868
1245,2,0,0,15932,10934,30.7743
1246,2,1,0,12873,7875,30.7731
1247,2,0,0,19771,14773,30.7709
1248,2,1,0,10846,5848,30.7614
1249,2,1,0,11295,6297,30.7371
1250,2,0,0,17707,12709,30.7081
1251,2,0,0,10785,5787,30.7039
1252,2,1,0,12151,7153,30.7016
1253,2,1,0,10784,5786,30.6973
1254,2,0,0,15337,10339,30.6877
1255,2,0,0,16560,11562,30.6866
1256,2,1,0,7190,2192,30.6838
1257,2,0,0,15857,10859,30.6824
1258,2,1,0,5661,663,30.6821
1259,2,1,0,11561,6563,30.682
1260,2,0,0,7735,2737,30.6663
1261,2,1,0,13004,8006,30.6646
1262,2,1,0,6985,1987,30.6626
1263,2,1,0,13245,8247,30.659
1264,2,1,0,6009,1011,30.6588
1265,2,0,0,12624,7626,30.6476
1266,2,0,0,19727,14729,30.6366
1267,2,1,0,11200,6202,30.6344
1268,2,1,0,6828,1830,30.6322
1269,2,1,0,8732,3734,30.6229
1270,2,1,0,6744,1746,30.5994
1271,2,1,0,12146,7148,30.5991
1272,2,1,0,16413,11415,30.5986
1273,2,0,0,15295,10297,30.5956
1274,2,1,0,7407,2409,30.5906
1275,2,0,0,13526,8528,30.5884
1276,2,0,0,17548,12550,30.5871
1277,2,1,0,19341,14343,30.5721
1278,2,1,0,15298,10300,30.5613
1279,2,1,0,5986,988,30.5585
1280,2,1,0,19964,14966,30.5564
1281,2,1,0,9732,4734,30.5452
1282,2,1,0,16075,11077,30.5447
1283,2,0,0,17589,12591,30.5367
1284,2,1,0,7841,2843,30.5341
1285,2,0,0,13520,8522,30.5171
1286,2,0,0,13984,8986,30.5059
1287,2,1,0,16947,11949,30.5013
1288,2,1,0,6977,1979,30.4997
1289,2,1,0,9892,4894,30.4922
1290,2,0,0,15959,10961,30.4838
1291,2,0,0,11270,6272,30.4829
1292,2,1,0,16991,11993,30.4632
1293,2,0,0,12698,7700,30.454
1294,2,0,0,12036,7038,30.4537
1295,2,1,0,5901,903,30.4466
1296,2,1,0,11308,6310,30.4268
1297,2,1,0,11378,6380,30.4224
1298,2,0,0,19174,14176,30.4139
1299,2,0,0,12701,7703,30.4126
1300,2,0,0,15219,10221,30.4108
1301,2,1,0,10714,5716,30.3825
1302,2,1,0,8050,3052,30.3753
1303,2,1,0,9858,4860,30.3721
1304,2,1,0,19942,14944,30.3687
1305,2,1,0,13342,8344,30.3648
1306,2,0,0,18232,13234,30.3592
1307,2,0,0,19629,14631,30.3523
1308,2,0,0,10211,5213,30.3408
1309,2,1,0,18180,13182,30.335
1310,2,1,0,10054,5056,30.3333
1311,2,0,0,11510,6512,30.3233
1312,2,1,0,9842,4844,30.3195
1313,2,1,0,12224,7226,30.3186
1314,2,0,0,11473,6475,30.3137
1315,2,0,0,17293,12295,30.3082
1316,2,0,0,16397,11399,30.307
1317,2,1,0,8886,3888,30.2992
1318,2,1,0,11284,6286,30.2988
1319,2,0,0,12108,7110,30.2881
1320,2,1,0,17081,12083,30.2876
1321,2,1,0,14371,9373,30.2876
1322,2,0,0,19052,14054,30.2738
1323,2,0,0,10621,5623,30.265
1324,2,0,0,7732,2734,30.2635
1325,2,1,0,9910,4912,30.2629
1326,2,0,0,14600,9602,30.2507
1327,2,1,0,16412,11414,30.2491
1328,2,0,0,15842,10844,30.2415
1329,2,1,0,11532,6534,30.2376
1330,2,0,0,14643,9645,30.2347
1331,2,1,0,13256,8258,30.2298
1332,2,0,0,17295,12297,30.2111
1333,2,0,0,18774,13776,30.2064
1334,2,1,0,15195,10197,30.2056
1335,2,0,0,19978,14980,30.1977
1336,2,1,0,10836,5838,30.1881
1337,2,0,0,12719,7721,30.1808
1338,2,1,0,11726,6728,30.1525
1339,2,1,0,8907,3909,30.144
1340,2,1,0,15523,10525,30.1283
1341,2,0,0,17110,12112,30.1147
1342,2,1,0,18426,13428,30.1057
1343,2,0,0,7727,2729,30.1028
1344,2,1,0,15790,10792,30.101
1345,2,1,0,17125,12127,30.0615
1346,2,1,0,14177,9179,30.0534
1347,2,1,0,14329,9331,30.0507
1348,2,0,0,13989,8991,30.0423
1349,2,1,0,16952,11954,30.0387
1350,2,1,0,9815,4817,30.0308
1351,2,0,0,12647,7649,30.0233
1352,2,1,0,19356,14358,30.0228
1353,2,1,0,10059,5061,30.0216
1354,2,0,0,13444,8446,30.0194
1355,2,1,0,9061,4063,30.0152
1356,2,0,0,14776,9778,30.0062
1357,2,1,0,11297,6299,30.0042
1358,2,0,0,13523,8525,29.9882
1359,2,1,0,14776,9778,29.9642
1360,2,1,0,8224,3226,29.9641
1361,2,1,0,8129,3131,29.9614
1362,2,1,0,17588,12590,29.9602
1363,2,1,0,5265,267,29.9585
1364,2,1,0,16078,11080,29.9538
1365,2,1,0,15125,10127,29.9529
1366,2,1,0,5349,351,29.9432
1367,2,1,0,5394,396,29.9291
1368,2,0,0,9943,4945,29.9257
1369,2,1,0,16358,11360,29.9141
1370,2,1,0,8234,3236,29.904
1371,2,1,0,15120,10122,29.9022
1372,2,1,0,13462,8464,29.8983
1373,2,1,0,5959,961,29.8885
1374,2,1,0,12740,7742,29.88
1375,2,1,0,16685,11687,29.8794
1376,2,0,0,12150,7152,29.8556
1377,2,1,0,16437,11439,29.8467
1378,2,1,0,19406,14408,29.8446
1379,2,1,0,6967,1969,29.8376
1380,2,1,0,18704,13706,29.8371
1381,2,1,0,7839,2841,29.8315
1382,2,0,0,12649,7651,29.8279
1383,2,0,0,12798,7800,29.822
1384,2,1,0,13386,8388,29.8197
1385,2,0,0,10677,5679,29.8191
1386,2,1,0,7991,2993,29.7981
1387,2,1,0,10588,5590,29.7938
1388,2,0,0,15860,10862,29.7879
1389,2,1,0,14928,9930,29.7713
1390,2,1,0,15892,10894,29.7525
1391,2,1,0,10745,5747,29.7447
1392,2,0,0,9078,4080,29.7352
1393,2,1,0,10625,5627,29.7293
1394,2,1,0,6056,1058,29.7212
1395,2,0,0,12018,7020,29.7209
1396,2,1,0,5122,124,29.7202
1397,2,0,0,18290,13292,29.7147
1398,2,1,0,12656,7658,29.6948
1399,2,1,0,6765,1767,29.6928
1400,2,1,0,9763,4765,29.6825
1401,2,0,0,9838,4840,29.6788
1402,2,1,0,12888,7890,29.678
1403,2,1,0,14596,9598,29.6586
1404,2,0,0,11265,6267,29.6416
1405,2,0,0,7314,2316,29.6381
1406,2,0,0,18983,13985,29.6375
1407,2,1,0,8499,3501,29.6318
1408,2,1,0,8967,3969,29.6314
1409,2,0,0,19546,14548,29.6268
1410,2,0,0,8559,3561,29.6247
1411,2,1,0,7993,2995,29.6223
1412,2,1,0,10632,5634,29.6186
1413,2,1,0,16515,11517,29.6086
1414,2,0,0,8547,3549,29.5826
1415,2,0,0,8402,3404,29.5815
1416,2,1,0,12358,7360,29.5813
1417,2,0,0,13525,8527,29.579
1418,2,1,0,8183,3185,29.5779
1419,2,0,0,12145,7147,29.5729
1420,2,1,0,11902,6904,29.5704
1421,2,1,0,13570,8572,29.5699
1422,2,0,0,10612,5614,29.5668
1423,2,1,0,8674,3676,29.5629
1424,2,1,0,18234,13236,29.5577
1425,2,0,0,15827,10829,29.5554
1426,2,1,0,7744,2746,29.5515
1427,2,1,0,9682,4684,29.5486
1428,2,1,0,7289,2291,29.5435
1429,2,1,0,16519,11521,29.5382
1430,2,0,0,10611,5613,29.5353
1431,2,1,0,9307,4309,29.5291
1432,2,0,0,19757,14759,29.524
1433,2,0,0,19347,14349,29.5231
1434,2,1,0,9703,4705,29.5151
1435,2,1,0,14023,9025,29.5067
1436,2,0,0,18184,13186,29.4958
1437,2,1,0,13389,8391,29.494
1438,2,1,0,10703,5705,29.4902
1439,2,1,0,9740,4742,29.4836
1440,2,0,0,11872,6874,29.4834
1441,2,0,0,17304,12306,29.4834
1442,2,1,0,16400,11402,29.4811
1443,2,0,0,7630,2632,29.4765
1444,2,0,0,8554,3556,29.4749
1445,2,1,0,8870,3872,29.4675
1446,2,1,0,8465,3467,29.4656
1447,2,1,0,5891,893,29.4612
1448,2,1,0,11981,6983,29.4522
1449,2,0,0,11223,6225,29.4477
1450,2,0,0,12663,7665,29.445
1451,2,0,0,17048,12050,29.4335
1452,2,1,0,8258,3260,29.4253
1453,2,1,0,7629,2631,29.4232
1454,2,1,0,13323,8325,29.4182
1455,2,0,0,17195,12197,29.416
1456,2,1,0,8263,3265,29.4156
1457,2,1,0,12844,7846,29.4026
1458,2,1,0,5590,592,29.4021
1459,2,0,0,16101,11103,29.4003
1460,2,0,0,12177,7179,29.3979
1461,2,1,0,9724,4726,29.3775
1462,2,0,0,16396,11398,29.3677
1463,2,1,0,12198,7200,29.367
1464,2,1,0,19422,14424,29.357
1465,2,1,0,19346,14348,29.3556
1466,2,0,0,17248,12250,29.3522
1467,2,1,0,7794,2796,29.3515
1468,2,1,0,6466,1468,29.3502
1469,2,1,0,15324,10326,29.3341
1470,2,1,0,13525,8527,29.3325
1471,2,1,0,9975,4977,29.3112
1472,2,0,0,14229,9231,29.3004
1473,2,0,0,11304,6306,29.2992
1474,2,1,0,6166,1168,29.2957
1475,2,0,0,15356,10358,29.2894
1476,2,1,0,12643,7645,29.2795
1477,2,1,0,12593,7595,29.2748
1478,2,1,0,8740,3742,29.2651
1479,2,1,0,14656,9658,29.2631
1480,2,0,0,10887,5889,29.2582
1481,2,1,0,14641,9643,29.2417
1482,2,0,0,13522,8524,29.2404
1483,2,1,0,17250,12252,29.2385
1484,2,0,0,14133,9135,29.2211
1485,2,0,0,11512,6514,29.2177
1486,2,0,0,12192,7194,29.2142
1487,2,1,0,18838,13840,29.2134
1488,2,1,0,11564,6566,29.2089
1489,2,1,0,7349,2351,29.208
1490,2,1,0,15951,10953,29.2046
1491,2,0,0,7664,2666,29.2044
1492,2,1,0,12739,7741,29.1966
1493,2,0,0,12661,7663,29.1913
1494,2,1,0,7046,2048,29.1875
1495,2,0,0,6379,1381,29.1834
1496,2,0,0,19178,14180,29.182
1497,2,1,0,9035,4037,29.1778
1498,2,0,0,9671,4673,29.1683
1499,2,1,0,15947,10949,29.1673
1500,2,0,0,9715,4717,29.1658
1501,2,1,0,17844,12846,29.1522
1502,2,0,0,15841,10843,29.144
1503,2,1,0,19039,14041,29.1419
1504,2,0,0,14051,9053,29.1413
1505,2,1,0,14166,9168,29.1267
1506,2,0,0,12024,7026,29.1226
1507,2,1,0,10090,5092,29.1226
1508,2,0,0,12714,7716,29.12
1509,2,1,0,10789,5791,29.1156
1510,2,1,0,10093,5095,29.1108
1511,2,0,0,9707,4709,29.1016
1512,2,1,0,5422,424,29.097
1513,2,1,0,12213,7215,29.0935
1514,2,1,0,19025,14027,29.0796
1515,2,1,0,13910,8912,29.0789
1516,2,1,0,17547,12549,29.074
1517,2,1,0,9098,4100,29.0617
1518,2,1,0,19464,14466,29.0485
1519,2,1,0,15704,10706,29.0472
1520,2,1,0,10773,5775,29.0466
1521,2,1,0,14135,9137,29.0462
1522,2,1,0,10203,5205,29.0424
1523,2,1,0,11684,6686,29.0423
1524,2,0,0,12548,7550,29.0389
1525,2,1,0,18165,13167,29.0355
1526,2,0,0,14348,9350,29.0297
1527,2,1,0,7389,2391,29.0243
1528,2,0,0,9948,4950,29.023
1529,2,1,0,18112,13114,29.0218
1530,2,1,0,5703,705,29.0118
1531,2,0,0,11952,6954,29.0116
1532,2,1,0,11931,6933,29.0114
1533,2,0,0,11470,6472,29.0107
1534,2,1,0,14669,9671,29.0019
1535,2,1,0,9727,4729,28.9933
1536,2,1,0,10051,5053,28.9837
1537,2,1,0,18170,13172,28.9795
1538,2,1,0,11383,6385,28.9793
1539,2,1,0,12208,7210,28.9791
1540,2,1,0,10111,5113,28.9646
1541,2,1,0,11454,6456,28.9625
1542,2,0,0,16400,11402,28.9624
1543,2,1,0,13926,8928,28.96
1544,2,1,0,6687,1689,28.9517
1545,2,1,0,11368,6370,28.9488
1546,2,0,0,15353,10355,28.9452
1547,2,1,0,17124,12126,28.9441
1548,2,1,0,9863,4865,28.9418
1549,2,0,0,11359,6361,28.9331
1550,2,0,0,11988,6990,28.9322
1551,2,1,0,17542,12544,28.9212
1552,2,1,0,9957,4959,28.9191
1553,2,0,0,19305,14307,28.9168
1554,2,1,0,11234,6236,28.9147
1555,2,1,0,18790,13792,28.9046
1556,2,1,0,16383,11385,28.9008
1557,2,0,0,12138,7140,28.8997
1558,2,1,0,17035,12037,28.8894
1559,2,0,0,16729,11731,28.8871
1560,2,0,0,15210,10212,28.8845
1561,2,1,0,14376,9378,28.8813
1562,2,0,0,12860,7862,28.8742
1563,2,1,0,18762,13764,28.8727
1564,2,1,0,16992,11994,28.8368
1565,2,1,0,8888,3890,28.8335
1566,2,0,0,11957,6959,28.8333
1567,2,0,0,14501,9503,28.8268
1568,2,1,0,9889,4891,28.8267
1569,2,1,0,14773,9775,28.8193
1570,2,1,0,15312,10314,28.819
1571,2,1,0,11344,6346,28.8185
1572,2,1,0,17531,12533,28.8108
1573,2,1,0,7038,2040,28.8066
1574,2,0,0,11688,6690,28.79
1575,2,1,0,8661,3663,28.7849
1576,2,0,0,14035,9037,28.7837
1577,2,0,0,8998,4000,28.7819
1578,2,1,0,5949,951,28.7802
1579,2,0,0,16670,11672,28.7798
1580,2,0,0,18978,13980,28.7785
1581,2,1,0,17584,12586,28.7724
1582,2,1,0,6723,1725,28.7687
1583,2,1,0,6602,1604,28.7645
1584,2,1,0,10049,5051,28.7635
1585,2,0,0,8602,3604,28.7616
1586,2,1,0,6416,1418,28.7567
1587,2,0,0,8411,3413,28.7558
1588,2,0,0,12813,7815,28.7504
1589,2,0,0,10676,5678,28.7347
1590,2,1,0,15830,10832,28.7332
1591,2,1,0,8538,3540,28.72
1592,2,1,0,11559,6561,28.7169
1593,2,0,0,12654,7656,28.7137
1594,2,1,0,7810,2812,28.6999
1595,2,1,0,13353,8355,28.6986
1596,2,1,0,10837,5839,28.6977
1597,2,1,0,19022,14024,28.697
1598,2,1,0,6846,1848,28.6966
1599,2,0,0,13307,8309,28.6893
1600,2,0,0,8985,3987,28.687
1601,2,1,0,19051,14053,28.682
1602,2,0,0,11355,6357,28.6747
1603,2,0,0,10790,5792,28.6677
1604,2,0,0,13447,8449,28.6641
1605,2,1,0,8901,3903,28.6582
1606,2,1,0,8540,3542,28.6581
1607,2,0,0,16394,11396,28.6538
1608,2,1,0,7522,2524,28.6521
1609,2,0,0,7824,2826,28.6519
1610,2,1,0,16724,11726,28.6498
1611,2,0,0,11307,6309,28.6492
1612,2,1,0,17573,12575,28.6417
1613,2,1,0,8188,3190,28.635
1614,2,1,0,10414,5416,28.6329
1615,2,1,0,14609,9611,28.6256
1616,2,0,0,9825,4827,28.6235
1617,2,1,0,7187,2189,28.622
1618,2,1,0,14121,9123,28.619
1619,2,0,0,11506,6508,28.6127
1620,2,1,0,15549,10551,28.6126
1621,2,0,0,12625,7627,28.6088
1622,2,1,0,9320,4322,28.6033
1623,2,1,0,12907,7909,28.6009
1624,2,0,0,7643,2645,28.6
1625,2,0,0,10846,5848,28.5907
1626,2,0,0,10681,5683,28.5873
1627,2,0,0,7887,2889,28.583
1628,2,1,0,12177,7179,28.5795
1629,2,1,0,9090,4092,28.5794
1630,2,1,0,9024,4026,28.5779
1631,2,1,0,8846,3848,28.5734
1632,2,1,0,18304,13306,28.5731
1633,2,1,0,9087,4089,28.5718
1634,2,0,0,11515,6517,28.5655
1635,2,1,0,13242,8244,28.5543
1636,2,0,0,19175,14177,28.5514
1637,2,1,0,5755,757,28.5497
1638,2,0,0,7304,2306,28.5367
1639,2,1,0,10805,5807,28.5352
1640,2,1,0,8648,3650,28.5294
1641,2,0,0,18185,13187,28.5284
1642,2,0,0,10112,5114,28.5194
1643,2,0,0,17179,12181,28.5049
1644,2,0,0,10555,5557,28.4956
1645,2,1,0,6980,1982,28.494
1646,2,1,0,6757,1759,28.4836
1647,2,1,0,7043,2045,28.4821
1648,2,0,0,8901,3903,28.4791
1649,2,1,0,16353,11355,28.4777
1650,2,1,0,9947,4949,28.4659
1651,2,0,0,15954,10956,28.4554
1652,2,1,0,13921,8923,28.4479
1653,2,1,0,19940,14942,28.4419
1654,2,0,0,14343,9345,28.4384
1655,2,0,0,13442,8444,28.437
1656,2,1,0,10408,5410,28.4304
1657,2,0,0,14666,9668,28.4293
1658,2,1,0,9677,4679,28.4224
1659,2,1,0,12583,7585,28.4223
1660,2,0,0,11312,6314,28.4175
1661,2,1,0,7600,2602,28.4103
1662,2,1,0,18867,13869,28.4003
1663,2,1,0,10210,5212,28.3944
1664,2,0,0,13373,8375,28.3893
1665,2,1,0,10800,5802,28.3886
1666,2,1,0,5174,176,28.3859
1667,2,0,0,8556,3558,28.3838
1668,2,0,0,12628,7630,28.3814
1669,2,1,0,14640,9642,28.3752
1670,2,1,0,10850,5852,28.3644
1671,2,0,0,16399,11401,28.3611
1672,2,1,0,10025,5027,28.3538
1673,2,1,0,8006,3008,28.3287
1674,2,1,0,6328,1330,28.3223
1675,2,0,0,19047,14049,28.322
1676,2,1,0,10787,5789,28.3201
1677,2,0,0,14771,9773,28.3192
1678,2,1,0,8543,3545,28.3097
1679,2,0,0,17023,12025,28.3087
1680,2,1,0,5724,726,28.3057
1681,2,0,0,13292,8294,28.3054
1682,2,0,0,12148,7150,28.3038
1683,2,1,0,15209,10211,28.2971
1684,2,1,0,12229,7231,28.2969
1685,2,1,0,18207,13209,28.2945
1686,2,0,0,13326,8328,28.291
1687,2,0,0,17031,12033,28.2898
1688,2,0,0,11517,6519,28.2874
1689,4,3,1,16473,11475,69.6901
1690,4,1,0,19404,14406,65.8513
1691,4,2,1,17641,12643,62.0559
1692,4,2,1,17644,12646,60.9637
1693,4,1,0,19407,14409,57.7526
1694,4,2,1,18465,13467,56.2713
1695,4,2,1,17646,12648,50.7492
1696,4,2,1,16509,11511,50.6859
1697,4,3,1,15295,10297,49.3382
1698,4,3,1,19051,14053,48.0642
1699,4,2,1,18714,13716,45.9198
1700,4,3,1,17651,12653,45.4866
1701,4,2,1,16512,11514,45.2493
1702,4,3,1,17005,12007,45.1638
1703,4,2,1,17669,12671,44.8693
1704,4,3,1,18180,13182,44.1194
1705,4,1,0,18229,13231,43.2406
1706,4,3,1,19048,14050,43.0261
1707,4,2,1,18712,13714,42.956
1708,4,2,1,18756,13758,42.5572
1709,4,2,1,17687,12689,42.2001
1710,4,2,1,18717,13719,42.0456
1711,4,2,1,18715,13717,41.6917
1712,4,2,1,18102,13104,41.6306
1713,4,2,1,17674,12676,41.416
1714,4,2,1,17075,12077,41.2018
1715,4,3,1,17057,12059,41.1528
1716,4,2,1,17093,12095,41.1385
1717,4,2,1,18802,13804,41.0785
1718,4,2,1,18759,13761,40.8992
1719,4,1,0,18828,13830,40.2049
1720,4,2,1,17684,12686,39.9107
1721,4,2,1,17603,12605,39.7377
1722,4,2,1,18471,13473,39.4712
1723,4,3,1,17846,12848,39.1946
1724,4,3,1,18426,13428,39.07
1725,4,3,1,18185,13187,38.8204
1726,4,3,1,16509,11511,38.6622
1727,4,2,1,19647,14649,38.5175
1728,4,3,1,17007,12009,38.3835
1729,4,3,1,15876,10878,38.351
1730,4,1,0,18775,13777,38.2697
1731,4,3,1,17008,12010,38.2481
1732,4,2,1,18689,13691,38.2206
1733,4,1,0,17114,12116,38.0111
1734,4,1,0,17653,12655,38.0034
1735,4,1,0,19741,14743,37.9768
1736,4,3,1,15300,10302,37.9025
1737,4,2,1,18807,13809,37.8837
1738,4,0,0,13514,8516,37.875
1739,4,3,1,17599,12601,37.874
1740,4,2,1,16473,11475,37.8537
1741,4,3,1,16475,11477,37.8416
1742,4,3,1,18465,13467,37.8316
1743,4,2,1,16496,11498,37.8053
1744,4,2,1,17651,12653,37.7645
1745,4,3,1,17052,12054,37.6388
1746,4,1,0,16472,11474,37.4641
1747,4,2,1,18107,13109,37.4565
1748,4,3,1,17602,12604,37.4306
1749,4,2,1,19756,14758,37.341
1750,4,2,1,15912,10914,37.2336
1751,4,2,1,17989,12991,37.0234
1752,4,3,1,17067,12069,36.9907
1753,4,1,0,18865,13867,36.8716
1754,4,2,1,18118,13120,36.8416
1755,4,1,0,19956,14958,36.3312
1756,4,2,1,18397,13399,36.2067
1757,4,0,0,19956,14958,36.1704
1758,4,2,1,17578,12580,36.0748
1759,4,3,1,18689,13691,35.8296
1760,4,2,1,17843,12845,35.7773
1761,4,2,1,19162,14164,35.6185
1762,4,0,0,19404,14406,35.5577
1763,4,2,1,17057,12059,35.5101
1764,4,3,1,19560,14562,35.4788
1765,4,2,1,18402,13404,35.4549
1766,4,3,1,16512,11514,35.2592
1767,4,2,1,17984,12986,35.2065
1768,4,2,1,19041,14043,35.0234
1769,4,3,1,15892,10894,34.99
1770,4,3,1,17617,12619,34.9821
1771,4,3,1,16476,11478,34.8258
1772,4,2,1,19605,14607,34.8018
1773,4,2,1,17632,12634,34.7104
1774,4,0,0,19407,14409,34.5706
1775,4,3,1,17604,12606,34.4318
1776,4,2,1,18754,13756,34.3754
1777,4,2,1,16548,11550,34.296
1778,4,0,0,13051,8053,34.1803
1779,4,3,1,15357,10359,34.1286
1780,4,2,1,17583,12585,34.0402
1781,4,2,1,17539,12541,34.0051
1782,4,3,1,15355,10357,33.9837
1783,4,1,0,17111,12113,33.9611
1784,4,0,0,12391,7393,33.7934
1785,4,2,1,18105,13107,33.7224
1786,4,3,1,18686,13688,33.7031
1787,4,3,1,18232,13234,33.6473
1788,4,2,1,19448,14450,33.5478
1789,4,2,1,17293,12295,33.5296
1790,4,1,0,19388,14390,33.4636
1791,4,2,1,18415,13417,33.4004
1792,4,0,0,14073,9075,33.352
1793,4,2,1,19271,14273,33.3289
1794,4,3,1,15881,10883,33.246
1795,4,3,1,15352,10354,33.1962
1796,4,2,1,17306,12308,33.1188
1797,4,2,1,18462,13464,33.1151
1798,4,2,1,17237,12239,33.0259
1799,4,2,1,19600,14602,32.989
1800,4,2,1,17508,12510,32.9874
1801,4,2,1,17290,12292,32.8762
1802,4,2,1,18232,13234,32.8627
1803,4,1,0,17695,12697,32.7862
1804,4,2,1,18583,13585,32.7842
1805,4,2,1,18788,13790,32.7018
1806,4,3,1,19601,14603,32.5288
1807,4,0,0,13501,8503,32.4129
1808,4,2,1,15915,10917,32.407
1809,4,2,1,18121,13123,32.39
1810,4,1,0,14708,9710,32.3816
1811,4,2,1,19450,14452,32.3122
1812,4,2,1,16361,11363,32.2769
1813,4,3,1,16882,11884,32.2742
1814,4,2,1,19043,14045,32.2433
1815,4,2,1,19980,14982,32.2433
1816,4,1,0,18212,13214,32.1786
1817,4,2,1,17513,12515,32.1778
1818,4,2,1,17581,12583,32.1195
1819,4,3,1,18212,13214,31.9851
1820,4,1,0,18788,13790,31.9318
1821,4,2,1,16493,11495,31.9306
1822,4,1,0,15289,10291,31.9164
1823,4,3,1,18230,13232,31.8892
1824,4,3,1,15832,10834,31.8259
1825,4,2,1,18410,13412,31.8247
1826,4,0,0,12680,7682,31.7187
1827,4,2,1,18427,13429,31.6839
1828,4,3,1,19966,14968,31.6801
1829,4,1,0,15894,10896,31.6563
1830,4,2,1,17295,12297,31.6437
1831,4,3,1,17036,12038,31.6368
1832,4,3,1,14716,9718,31.6097
1833,4,2,1,17682,12684,31.5564
1834,4,2,1,19005,14007,31.5527
1835,4,1,0,15861,10863,31.5302
1836,4,2,1,18180,13182,31.5284
1837,4,3,1,15936,10938,31.4972
1838,4,2,1,19010,14012,31.3946
1839,4,3,1,17612,12614,31.3931
1840,4,3,1,17031,12033,31.3474
1841,4,1,0,19744,14746,31.2587
1842,4,0,0,11140,6142,31.1531
1843,4,1,0,17072,12074,31.1147
1844,4,0,0,14031,9033,31.027
1845,4,3,1,17109,12111,31.0011
1846,4,2,1,19159,14161,31
1847,4,3,1,17055,12057,30.9839
1848,4,2,1,18400,13402,30.9105
1849,4,1,0,11908,6910,30.8908
1850,4,2,1,17090,12092,30.8729
1851,4,2,1,18221,13223,30.8444
1852,4,3,1,15342,10344,30.8307
1853,4,3,1,17054,12056,30.78
1854,4,0,0,14708,9710,30.7108
1855,4,2,1,17672,12674,30.6182
1856,4,2,1,18793,13795,30.5848
1857,4,0,0,11787,6789,30.5586
1858,4,2,1,19175,14177,30.5516
1859,4,3,1,15879,10881,30.5304
1860,4,3,1,19604,14606,30.52
1861,4,1,0,19969,14971,30.4087
1862,4,2,1,17054,12056,30.3976
1863,4,0,0,14755,9757,30.3826
1864,4,0,0,14104,9106,30.3499
1865,4,2,1,16115,11117,30.3074
1866,4,0,0,15840,10842,30.294
1867,4,2,1,17296,12298,30.2921
1868,4,3,1,17112,12114,30.2917
1869,4,1,0,11926,6928,30.2769
1870,4,2,1,18230,13232,30.2184
1871,4,2,1,18686,13688,30.1739
1872,4,0,0,14768,9770,30.1273
1873,4,2,1,18092,13094,30.0987
1874,4,2,1,18746,13748,30.081
1875,4,2,1,19164,14166,30.0771
1876,4,3,1,18233,13235,30.0758
1877,4,2,1,17065,12067,30.0571
1878,4,0,0,13379,8381,30.0529
1879,4,0,0,18467,13469,30.0414
1880,4,2,1,16673,11675,30.025
1881,4,1,0,16561,11563,29.9901
1882,4,0,0,14078,9080,29.9727
1883,4,1,0,19746,14748,29.9703
1884,4,2,1,18424,13426,29.9509
1885,4,1,0,16514,11516,29.9435
1886,4,3,1,18382,13384,29.8908
1887,4,2,1,18224,13226,29.89
1888,4,0,0,14171,9173,29.8648
1889,4,3,1,18793,13795,29.8614
1890,4,2,1,18104,13106,29.8357
1891,4,2,1,19437,14439,29.779
1892,4,1,0,14768,9770,29.7643
1893,4,3,1,17873,12875,29.7501
1894,4,0,0,18828,13830,29.7336
1895,4,3,1,17628,12630,29.712
1896,4,3,1,17618,12620,29.7087
1897,4,3,1,18790,13792,29.7075
1898,4,2,1,19007,14009,29.6647
1899,4,3,1,17649,12651,29.6414
1900,4,0,0,11137,6139,29.6116
1901,4,2,1,16262,11264,29.6103
1902,4,1,0,17034,12036,29.6048
1903,4,2,1,16506,11508,29.5792
1904,4,1,0,8237,3239,29.4584
1905,4,3,1,15298,10300,29.4078
1906,4,0,0,15904,10906,29.3964
1907,4,0,0,13022,8024,29.3873
1908,4,2,1,19019,14021,29.3588
1909,4,1,0,14680,9682,29.3527
1910,4,3,1,15827,10829,29.3397
1911,4,3,1,17070,12072,29.3373
1912,4,2,1,15336,10338,29.3218
1913,4,0,0,12213,7215,29.2994
1914,4,0,0,10444,5446,29.2557
1915,4,2,1,17987,12989,29.2129
1916,4,2,1,16709,11711,29.204
1917,4,2,1,15633,10635,29.1985
1918,4,0,0,16421,11423,29.1814
1919,4,2,1,15619,10621,29.1563
1920,4,2,1,19432,14434,29.1485
1921,4,0,0,11931,6933,29.1477
1922,4,0,0,11708,6710,29.1394
1923,4,2,1,18413,13415,29.139
1924,4,0,0,18470,13472,29.1146
1925,4,3,1,15313,10315,29.1006
1926,4,2,1,15331,10333,29.0775
1927,4,0,0,13011,8013,29.0288
1928,4,0,0,13392,8394,29.0189
1929,4,0,0,10462,5464,29.017
1930,4,2,1,15917,10919,28.9913
1931,4,3,1,16518,11520,28.9872
1932,4,2,1,18466,13468,28.9443
1933,4,1,0,18183,13185,28.9107
1934,4,2,1,17088,12090,28.9047
1935,4,2,1,19602,14604,28.8946
1936,4,2,1,17829,12831,28.8631
1937,4,2,1,17671,12673,28.8479
1938,4,2,1,16475,11477,28.8263
1939,4,2,1,14939,9941,28.8256
1940,4,0,0,15285,10287,28.8178
1941,4,2,1,18429,13431,28.8024
1942,4,1,0,15383,10385,28.8003
1943,4,3,1,19356,14358,28.8002
1944,4,0,0,13405,8407,28.7979
1945,4,1,0,19346,14348,28.793
1946,4,2,1,19274,14276,28.79
1947,4,1,0,13514,8516,28.7659
1948,4,2,1,17986,12988,28.7587
1949,4,1,0,15201,10203,28.741
1950,4,2,1,16551,11553,28.7169
1951,4,1,0,16440,11442,28.7097
1952,4,1,0,17056,12058,28.6276
1953,4,2,1,19399,14401,28.621
1954,4,2,1,16811,11813,28.5582
1955,4,0,0,13017,8019,28.5391
1956,4,0,0,11342,6344,28.5308
1957,4,2,1,17051,12053,28.5234
1958,4,0,0,12604,7606,28.5093
1959,4,1,0,17650,12652,28.4676
1960,4,0,0,14174,9176,28.4103
1961,4,1,0,19341,14343,28.314
1962,4,1,0,14760,9762,28.3038
1963,4,1,0,19964,14966,28.2958
1964,4,1,0,12839,7841,28.2893
1965,8,4,2,19048,14050,45.5743
1966,8,1,0,18751,13753,35.0567
1967,8,5,2,19048,14050,34.9488
1968,8,1,0,19926,14928,34.039
1969,8,0,0,19926,14928,33.8362
1970,8,5,2,19263,14265,33.6995
1971,8,0,0,19494,14496,31.9426
1972,8,1,0,19924,14926,31.6182
1973,8,0,0,18276,13278,30.9424
1974,8,0,0,19051,14053,30.846
1975,8,0,0,18751,13753,30.7729
1976,8,4,2,13662,8664,30.7554
1977,8,0,0,7147,2149,30.7147
1978,8,0,0,19345,14347,30.5765
1979,8,1,0,19491,14493,30.5227
1980,8,5,2,19532,14534,30.4483
1981,8,0,0,19491,14493,30.3726
1982,8,0,0,8547,3549,30.1934
1983,8,0,0,17083,12085,29.6866
1984,8,0,0,19927,14929,29.6488
1985,8,0,0,19449,14451,29.53
1986,8,1,0,18276,13278,29.4549
1987,8,1,0,19051,14053,29.1838
1988,8,0,0,19924,14926,29.0472
1989,8,0,0,19489,14491,28.9873
1990,8,4,2,14300,9302,28.9215
1991,8,1,0,19922,14924,28.6875
1992,8,0,0,18271,13273,28.6584
1993,8,4,2,18569,13571,28.6244
1994,8,4,2,14295,9297,28.4394
1995,8,0,0,19343,14345,28.4269
1996,8,1,0,18170,13172,28.3757
1997,8,4,2,14297,9299,28.3261
1998,16,9,4,19406,14408,39.565
