cond_number,grad_finite_nonzero,gram_symmetry,outer_loss,solver_residual,step,theta,val_macro_f1,val_mse,w
76.63204232314965,True,0.0,0.1338177395243782,4.218847493575595e-15,0,-2.0,0.5866666666666667,0.1298177395243782,0.11920292202211755
,True,0.0,0.13376677624285355,4.3021142204224816e-15,1,-1.990000019614551,0.5866666666666667,0.12980667616478764,0.12025686039262647
,True,0.0,0.1337158509517585,7.494005416219807e-15,2,-1.9800002335940756,0.5866666666666667,0.1297954500267259,0.12131881299047571
,True,0.0,0.13366496251569734,4.3298697960381105e-15,3,-1.9700007591307307,0.5866666666666667,0.1297840595247217,0.12238880528495645
,True,0.0,0.13361410974908394,3.3306690738754696e-15,4,-1.9600017036554895,0.5866666666666667,0.12977250307075153,0.12346686319074371
,True,0.0,0.13356329141547282,4.551914400963142e-15,5,-1.950003164511583,0.5866666666666667,0.12976077907386763,0.12455301313005568
,True,0.0,0.13351250622713196,3.774758283725532e-15,6,-1.9400052286765226,0.5866666666666667,0.12974888593983971,0.1256472820915958
,True,0.0,0.1334617528448659,5.162537064506978e-15,7,-1.9300079725346235,0.5866666666666667,0.12973682207081869,0.12674969768580385
,True,0.0,0.13341102987809242,3.497202527569243e-15,8,-1.9200114617013762,0.5866666666666667,0.12972458586502778,0.12786028819598586
,True,0.0,0.13336033588517623,3.9968028886505635e-15,9,-1.910015750900446,0.5866666666666667,0.12971217571648844,0.12897908262494334
,True,0.0,0.13330966937401798,2.220446049250313e-15,10,-1.9000208838935044,0.5866666666666667,0.1296995900147865,0.1301061107367752
,True,0.0,0.13325902880289617,3.1363800445660672e-15,11,-1.8900268934625377,0.5866666666666667,0.12968682714488453,0.13124140309358157
,True,0.0,0.13320841258155705,3.1086244689504383e-15,12,-1.8800338014437514,0.5866666666666667,0.129673885486986,0.13238499108685806
,True,0.0,0.13315781907254287,2.6645352591003757e-15,13,-1.8700416188116868,0.5866666666666667,0.12966076341645505,0.1335369069634248
,True,0.0,0.13310724659275125,2.9976021664879227e-15,14,-1.8600503458117115,0.5866666666666667,0.12964745930379698,0.13469718384579354
,True,0.0,0.13305669341521212,4.496403249731884e-15,15,-1.8500599721386366,0.5866666666666667,0.12963397151470252,0.1358658557469309
,True,0.0,0.13300615777107058,7.882583474838611e-15,16,-1.840070477158861,0.5866666666666667,0.12962029841015896,0.13704295757942775
,True,0.0,0.13295563785176076,3.6914915568786455e-15,17,-1.8300818301731427,0.5866666666666667,0.12960643834663088,0.13822852515913472
,True,0.0,0.1329051318113556,4.6629367034256575e-15,18,-1.8200939907168587,0.5866666666666667,0.12959238967631198,0.1394225952033684
,True,0.0,0.13285463776907694,2.55351295663786e-15,19,-1.8101069088944348,0.5866666666666667,0.12957815074744958,0.14062520532383124
,True,0.0,0.13280415381194963,2.7478019859472624e-15,20,-1.8001205257445034,0.5866666666666667,0.12956371990474297,0.14183639401442547
,True,0.0,0.13275367799758242,4.718447854656915e-15,21,-1.7901347736322806,0.5866666666666667,0.1295490954898149,0.14305620063416813
,True,0.0,0.13270320835706023,2.7200464103316335e-15,22,-1.780149576665639,0.5866666666666667,0.1295342758417574,0.14428466538544057
,True,0.0,0.13265274289793147,2.55351295663786e-15,23,-1.7701648511313877,0.5866666666666667,0.12951925929775046,0.14552182928782229
,True,0.0,0.13260227960727444,4.884981308350689e-15,24,-1.7601805059483462,0.5866666666666667,0.12950404419375386,0.14676773414777392
76.64635172175248,True,0.0,0.1325518164548281,4.718447854656915e-15,25,-1.7501964431339163,0.5866666666666667,0.1294886288652695,0.1480224225244417
,True,0.0,0.13250135139617328,3.2751579226442118e-15,26,-1.7402125582810022,0.5866666666666667,0.12947301164817437,0.14928593769185944
,True,0.0,0.13245088237595076,2.4424906541753444e-15,27,-1.7302287410423065,0.5866666666666667,0.12945719087962193,0.1505583235978243
,True,0.0,0.13240040733110417,4.884981308350689e-15,28,-1.7202448756192246,0.5866666666666667,0.12944116489900998,0.1518396248197171
,True,0.0,0.13234992419413638,3.3029134982598407e-15,29,-1.7102608412527713,0.5866666666666667,0.12942493204901376,0.15312988651753198
,True,0.0,0.1322994308963696,2.6645352591003757e-15,30,-1.700276512714201,0.5866666666666667,0.12940849067668206,0.15442915438436855
,True,0.0,0.13224892537119975,4.551914400963142e-15,31,-1.6902917607932046,0.5866666666666667,0.12939183913459437,0.15573747459462772
,True,0.0,0.13219840555733756,2.8033131371785203e-15,32,-1.6803064527818052,0.5866666666666667,0.12937497578207738,0.15705489375013815
,True,0.0,0.1321478694020292,4.9682480351975755e-15,33,-1.6703204529522961,0.6242424242424243,0.12935789898647843,0.15838145882442356
,True,0.0,0.13209731486425141,4.3298697960381105e-15,34,-1.660333623027792,0.6242424242424243,0.12934060712449483,0.15971721710530623
,True,0.0,0.1320467399178751,6.63358257213531e-15,35,-1.6503458226441778,0.6242424242424243,0.129323098583556,0.16106221613602223
,True,0.0,0.13199614255479467,5.218048215738236e-15,36,-1.6403569098024418,0.6242424242424243,0.12930537176325804,0.1624165036550095
,True,0.0,0.1319455207880193,3.747002708109903e-15,37,-1.6303667413105751,0.6242424242424243,0.12928742507684762,0.16378012753451002
,True,0.0,0.1318948726547243,4.0245584642661925e-15,38,-1.6203751732143954,0.6242424242424243,0.1292692569527547,0.16515313571811216
,True,0.0,0.1318441962192608,2.6922908347160046e-15,39,-1.6103820612168145,0.6242424242424243,0.12925086583617187,0.16653557615734266
,True,0.0,0.13179348957612277,3.164135620181696e-15,40,-1.6003872610852234,0.6242424242424243,0.1292322501906789,0.16792749674740157
,True,0.0,0.13174275085287113,3.3306690738754696e-15,41,-1.5903906290467948,0.6242424242424243,0.12921340849991128,0.16932894526212053
,True,0.0,0.13169197821301487,3.885780586188048e-15,42,-1.580392022171627,0.6242424242424243,0.12919433926927115,0.17073996928820986
,True,0.0,0.1316411698588496,2.7200464103316335e-15,43,-1.5703912987437507,0.6242424242424243,0.12917504102767952,0.17216061615884898
,True,0.0,0.13159032403425464,4.08006961549745e-15,44,-1.5603883186201146,0.6242424242424243,0.12915551232936853,0.1735909328866629
,True,0.0,0.13153943902744897,6.106226635438361e-15,45,-1.550382943577735,0.6242424242424243,0.1291357517557122,0.17503096609611835
,True,0.0,0.13148851317370794,3.608224830031759e-15,46,-1.5403750376492622,0.6242424242424243,0.12911575791709498,0.1764807619553639
,True,0.0,0.1314375448580414,5.10702591327572e-15,47,-1.5303644674472632,0.6242424242424243,0.12909552945481625,0.17794036610753222
,True,0.0,0.13138653251783527,5.079270337660091e-15,48,-1.5203511024775593,0.6242424242424243,0.12907506504303054,0.17940982360151503
,True,0.0,0.13133547464545736,3.6637359812630166e-15,49,-1.5103348154419924,0.6242424242424243,0.12905436339072116,0.18088917882221803
76.66748164435815,True,0.0,0.13128436979082922,3.219646771412954e-15,50,-1.5003154825310034,0.6242424242424243,0.12903342324370698,0.18237847542029736
,True,0.0,0.13123321656396514,5.134781488891349e-15,51,-1.4902929837064303,0.6242424242424243,0.12901224338668052,0.1838777562413783
,True,0.0,0.13118201363747903,2.525757381022231e-15,52,-1.480267202974929,0.6242424242424243,0.1289908226452758,0.1853870632547527
,True,0.0,0.1311307597490614,3.247402347028583e-15,53,-1.4702380286524255,0.6242424242424243,0.12896915988816565,0.18690643748155333
,True,0.0,0.1310794537039261,6.106226635438361e-15,54,-1.4602053536199948,0.6242424242424243,0.1289472540291856,0.1884359189224003
,True,0.0,0.131028094377228,5.329070518200751e-15,55,-1.450169075571559,0.6242424242424243,0.12892510402948393,0.1899755464845179
,True,0.0,0.13097668071645263,3.3861802251067274e-15,56,-1.4401290972537735,0.6242424242424243,0.12890270889969566,0.19152535790831937
,True,0.0,0.1309252117437769,4.0245584642661925e-15,57,-1.430085326698458,0.6242424242424243,0.12888006770213864,0.19308538969346092
,True,0.0,0.13087368655840195,3.9968028886505635e-15,58,-1.4200376774479062,0.6242424242424243,0.1288571795530303,0.19465567702436654
,True,0.0,0.130822104338858,4.6629367034256575e-15,59,-1.4099860687733843,0.6242424242424243,0.12883404362472298,0.19623625369523057
,True,0.0,0.13077046434527925,3.552713678800501e-15,60,-1.3999304258871041,0.6242424242424243,0.1288106591479548,0.19782715203450638
,True,0.0,0.13071876592165035,3.774758283725532e-15,61,-1.389870680147935,0.6242424242424243,0.12878702541411546,0.19942840282889465
,True,0.0,0.13066700849802185,6.2727600891321345e-15,62,-1.379806769261085,0.6242424242424243,0.12876314177752313,0.20104003524684777
,True,0.0,0.13061519159269377,2.6645352591003757e-15,63,-1.3697386374719638,0.6242424242424243,0.12873900765771024,0.2026620767616124
,True,0.0,0.13056331481436664,3.941291737419306e-15,64,-1.3596662357544071,0.6242424242424243,0.1287146225417161,0.2042945530738362
,True,0.0,0.13051137786425676,4.052314039881821e-15,65,-1.3495895219934189,0.6242424242424243,0.12868998598638234,0.2059374880337694
,True,0.0,0.1304593805381753,2.6645352591003757e-15,66,-1.3395084611625594,0.6242424242424243,0.1286650976206492,0.2075909035630981
,True,0.0,0.13040732272856825,3.9968028886505635e-15,67,-1.3294230254960873,0.6242424242424243,0.1286399571478491,0.20925481957644948
,True,0.0,0.1303552044265144,4.440892098500626e-15,68,-1.3193331946559297,0.6242424242424243,0.1286145643479934,0.210929253902617
,True,0.0,0.13030302572367977,3.608224830031759e-15,69,-1.3092389558935418,0.6242424242424243,0.12858891908005057,0.21261422220555576
,True,0.0,0.1302507868142245,3.802513859341161e-15,70,-1.2991403042066858,0.6242424242424243,0.12856302128421027,0.2143097379052068
,True,0.0,0.1301984879966597,3.858025010572419e-15,71,-1.2890372424911423,0.6242424242424243,0.12853687098413052,0.21601581209821222
,True,0.0,0.13014612967565126,3.9968028886505635e-15,72,-1.2789297816873448,0.6242424242424243,0.1285104682891644,0.21773245347858977
,True,0.0,0.1300937123637659,4.08006961549745e-15,73,-1.2688179409219091,0.6242424242424243,0.1284838133965606,0.21945966825844024
,True,0.0,0.13004123668315762,4.440892098500626e-15,74,-1.258701747644011,0.6242424242424243,0.12845690659363554,0.22119746008876645
76.69817172375652,True,0.0,0.12998870336718887,3.969047313034935e-15,75,-1.2485812377565506,0.6242424242424243,0.1284297482599112,0.22294582998048829
,True,0.0,0.12993611326198393,3.552713678800501e-15,76,-1.2384564557420223,0.6242424242424243,0.12840233886921484,0.2247047762257427
,True,0.0,0.12988346732790976,5.2735593669694936e-15,77,-1.2283274547829979,0.6242424242424243,0.12837467899173607,0.22647429431956398
,True,0.0,0.1298307666409799,3.0808688933348094e-15,78,-1.218194296877117,0.6242424242424243,0.12834676929603597,0.22825437688204187
,True,0.0,0.12977801239417772,4.773959005888173e-15,79,-1.2080570529464676,0.6242424242424243,0.12831861055100402,0.23004501358106394
,True,0.0,0.12972520589869424,4.773959005888173e-15,80,-1.197915802941224,0.6242424242424243,0.12829020362775792,0.2318461910557486
,True,0.0,0.1296723485850759,2.914335439641036e-15,81,-1.187770635937409,0.6242424242424243,0.12826154950148075,0.23365789284068425
,True,0.0,0.12961944200427816,3.2751579226442118e-15,82,-1.1776216502286305,0.6242424242424243,0.12823264925319097,0.2354800992910894
,True,0.0,0.12956648782862049,3.1086244689504383e-15,83,-1.167468953411641,0.6242424242424243,0.1282035040714404,0.2373127875090178
,True,0.0,0.1295134878526371,2.220446049250313e-15,84,-1.1573126624655603,0.6242424242424243,0.128174115253934,0.2391559312707314
,True,0.0,0.12946044399382053,4.3021142204224816e-15,85,-1.147152903824599,0.6242424242424243,0.12814448420906732,0.2410095009553716
,True,0.0,0.12940735829325214,4.9404924595819466e-15,86,-1.1369898134441137,0.6242424242424243,0.12811461245737646,0.24287346347505914
,True,0.0,0.1293542329161157,3.4416913763379853e-15,87,-1.126823536859828,0.6242424242424243,0.1280845016328944,0.24474778220655913
,True,0.0,0.1293010701520896,3.552713678800501e-15,88,-1.116654229240046,0.6242424242424243,0.12805415348440993,0.24663241692464724
,True,0.0,0.12924787241561317,3.6637359812630166e-15,89,-1.1064820554306902,0.6242424242424243,0.12802356987662306,0.24852732373731737
,True,0.0,0.12919464224602284,3.747002708109903e-15,90,-1.0963071899929924,0.5876767676767678,0.12799275279119252,0.2504324550229729
,True,0.0,0.12914138230755454,6.38378239159465e-15,91,-1.0861298172336729,0.5876767676767678,0.12796170432767048,0.2523477593697446
,True,0.0,0.1290880953892073,3.524958103184872e-15,92,-1.075950131227441,0.5876767676767678,0.12793042670431895,0.25427318151707934
,True,0.0,0.12903478440446572,3.4416913763379853e-15,93,-1.0657683358316605,0.5876767676767678,0.12789892225880434,0.25620866229974615
,True,0.0,0.1289814523908764,3.969047313034935e-15,94,-1.0555846446930193,0.5876767676767678,0.1278671934487647,0.25815413859440406
,True,0.0,0.12892810250947545,3.0531133177191805e-15,95,-1.045399281246062,0.5876767676767678,0.12783524285224568,0.26010954326887914
,True,0.0,0.1288747380440645,2.6922908347160046e-15,96,-1.0352124787034356,0.5876767676767678,0.12780307316800119,0.2620748051342951
,True,0.0,0.12882136240033068,4.3298697960381105e-15,97,-1.0250244800377206,0.5876767676767678,0.12777068721565407,0.26404984890020256
,True,0.0,0.12876797910481005,4.718447854656915e-15,98,-1.014835537954717,0.5876767676767678,0.1277380879357142,0.26603459513285077
,True,0.0,0.12871459180369033,3.497202527569243e-15,99,-1.0046459148580724,0.5876767676767678,0.1277052783894493,0.26802896021674205
76.74166463632012,True,0.0,0.12866120426145175,3.802513859341161e-15,100,-0.9944558828051456,0.5876767676767678,0.127672261758606,0.2700328563196106
,True,0.0,0.12860782035934418,3.774758283725532e-15,101,-0.984265723454011,0.5876767676767678,0.12763904134497772,0.27204619136095964
,True,0.0,0.12855444409369915,4.0245584642661925e-15,102,-0.9740757280015206,0.5876767676767678,0.12760562056981745,0.27406886898429245
,True,0.0,0.12850107957407536,3.1086244689504383e-15,103,-0.9638861971123556,0.6242424242424243,0.12757200297309165,0.2761007885331665
,True,0.0,0.128447731021238,7.549516567451064e-15,104,-0.953697440839007,0.6242424242424243,0.12753819221257512,0.27814184503119577
,True,0.0,0.12839440276497008,3.6914915568786455e-15,105,-0.9435097785326458,0.6242424242424243,0.12750419206278335,0.2801919291661233
,True,0.0,0.12834109924171763,4.107825191113079e-15,106,-0.9333235387448517,0.6242424242424243,0.12747000641374243,0.2822509272780788
,True,0.0,0.12828782499206795,3.774758283725532e-15,107,-0.923139059120186,0.6242424242424243,0.12743563926959464,0.28431872135213265
,True,0.0,0.1282345846580627,5.384581669432009e-15,108,-0.9129566862796124,0.6242424242424243,0.12740109474704006,0.2863951890152496
,True,0.0,0.1281813829803468,4.884981308350689e-15,109,-0.9027767756947799,0.6242424242424243,0.12736637707361292,0.2884802035377404
,True,0.0,0.12812822479515498,2.6922908347160046e-15,110,-0.8925996915532042,0.6242424242424243,0.1273314905857941,0.29057363383930196
,True,0.0,0.1280751150311388,3.497202527569243e-15,111,-0.8824258066143946,0.6242424242424243,0.12729643972695973,0.2926753444997288
,True,0.0,0.12802205870603617,3.6637359812630166e-15,112,-0.8722555020569951,0.6242424242424243,0.12726122904516746,0.29478519577437184
,True,0.0,0.12796906092318652,4.0245584642661925e-15,113,-0.8620891673170215,0.6242424242424243,0.12722586319078116,0.2969030436144109
,True,0.0,0.12791612686789633,2.858824288409778e-15,114,-0.851927199917297,0.6242424242424243,0.1271903469139374,0.29902873969199983
,True,0.0,0.12786326180365742,3.6914915568786455e-15,115,-0.8417700052882031,0.6242424242424243,0.1271546850618545,0.3011621314303337
,True,0.0,0.12781047106822366,6.494804694057166e-15,116,-0.8316179965798802,0.6242424242424243,0.12711888257598813,0.30330306203867685
,True,0.0,0.12775776006955114,2.3037127760972e-15,117,-0.8214715944660326,0.6242424242424243,0.12708294448903656,0.30545137055238375
,True,0.0,0.1277051342816058,3.608224830031759e-15,118,-0.8113312269395044,0.6242424242424243,0.12704687592179864,0.3076068918779319
,True,0.0,0.12765259924004602,4.440892098500626e-15,119,-0.8011973290998164,0.6242424242424243,0.12701068207988933,0.3097694568429765
,True,0.0,0.1276001605377851,3.3584246494910985e-15,120,-0.7910703429328643,0.6242424242424243,0.1269743682503172,0.31193889225142746
,True,0.0,0.1275478238204407,3.0808688933348094e-15,121,-0.7809507170829991,0.6242424242424243,0.12693793979792825,0.3141150209435363
,True,0.0,0.12749559478167802,2.886579864025407e-15,122,-0.7708389066177279,0.6242424242424243,0.1269014021617224,0.3162976618609719
,True,0.0,0.12744347915845408,3.524958103184872e-15,123,-0.7607353727852839,0.6242424242424243,0.1268647608510473,0.31848663011685113
,True,0.0,0.12739148272617062,4.884981308350689e-15,124,-0.7506405827653353,0.6242424242424243,0.12682802144167635,0.32068173707068115
76.8006900757572,True,0.0,0.12733961129374388,2.581268532253489e-15,125,-0.7405550094131154,0.6242424242424243,0.126791189571777,0.3228827904081574
,True,0.0,0.1272878706985986,3.4139358007223564e-15,126,-0.7304791309972692,0.6242424242424243,0.12675427093777608,0.32508959422575123
,True,0.0,0.12723626680159622,6.8833827526759706e-15,127,-0.7204134309317299,0.6242424242424243,0.12671727129012939,0.3273019491200093
,True,0.0,0.1271848054819043,5.329070518200751e-15,128,-0.7103583975019454,0.6242424242424243,0.12668019642900277,0.329519652281477
,True,0.0,0.12713349263181753,4.052314039881821e-15,129,-0.700314523585794,0.6242424242424243,0.12664305219987232,0.3317424975931452
,True,0.0,0.12708233415153852,5.384581669432009e-15,130,-0.6902823063695361,0.6242424242424243,0.12660584448905168,0.33397027573331134
,True,0.0,0.1270313359439284,5.190292640122607e-15,131,-0.6802622470591598,0.6242424242424243,0.12656857921915443,0.33620277428273265
,True,0.0,0.12698050390923582,5.134781488891349e-15,132,-0.6702548505874905,0.6242424242424243,0.12653126234449977,0.33843977783594165
,True,0.0,0.1269298439398148,6.217248937900877e-15,133,-0.6602606253174411,0.6242424242424243,0.12649389984647022,0.34068106811658166
,True,0.0,0.1268793619148403,2.525757381022231e-15,134,-0.6502800827417907,0.6242424242424243,0.12645649772882964,0.34292642409661167
,True,0.0,0.12682906369503127,3.552713678800501e-15,135,-0.6403137371798828,0.6242424242424243,0.12641906201301,0.34517562211921937
,True,0.0,0.12677895511739126,4.0245584642661925e-15,136,-0.6303621054716457,0.6242424242424243,0.12638159873337662,0.3474284360252743
,True,0.0,0.12672904198997575,6.189493362285248e-15,137,-0.6204257066693385,0.6242424242424243,0.1263441139324796,0.3496846372831407
,True,0.0,0.12667933008669557,3.4416913763379853e-15,138,-0.6105050617274327,0.6242424242424243,0.12630661365630075,0.35194399512166663
,True,0.0,0.12662982514216656,4.440892098500626e-15,139,-0.6006006931910427,0.6242424242424243,0.126269103949505,0.3542062766661521
,True,0.0,0.12658053284661402,3.4416913763379853e-15,140,-0.590713124883321,0.6242424242424243,0.1262315908507046,0.35647124707709754
,True,0.0,0.1265314588408419,3.635980405647388e-15,141,-0.5808428815922331,0.6242424242424243,0.12619408038774554,0.3587386696915238
,True,0.0,0.12648260871127487,6.106226635438361e-15,142,-0.5709904887571312,0.6242424242424243,0.12615657857302376,0.36100830616665003
,True,0.0,0.12643398798508265,3.4416913763379853e-15,143,-0.5611564721555409,0.6242424242424243,0.1261190913988406,0.3632799166257099
,True,0.0,0.12638560212539535,3.497202527569243e-15,144,-0.5513413575905758,0.6242424242424243,0.12608162483280552,0.365553259805683
,True,0.0,0.12633745652661726,4.413136522884997e-15,145,-0.5415456705793927,0.6242424242424243,0.126044184813294,0.36782809320671095
,True,0.0,0.12628955650984786,2.886579864025407e-15,146,-0.5317699360430929,0.6242424242424243,0.1260067772449686,0.3701041732429699
,True,0.0,0.12624190731841742,2.581268532253489e-15,147,-0.5220146779984735,0.6242424242424243,0.12596940799437156,0.3723812553947609
,True,0.0,0.12619451411354443,4.773959005888173e-15,148,-0.5122804192520265,0.6242424242424243,0.1259320828855954,0.3746590943615836
,True,0.0,0.1261473819701222,3.1086244689504383e-15,149,-0.5025676810965745,0.6242424242424243,0.12589480769603942,0.37693744421595377
76.87571344159645,True,0.0,0.12610051587264112,2.3314683517128287e-15,150,-0.4928769830109259,0.6242424242424243,0.12585758815225917,0.3792160585577259
,True,0.0,0.126053920711252,4.579669976578771e-15,151,-0.4832088423629251,0.6242424242424243,0.12582042992591427,0.38149469066868
,True,0.0,0.1260076012779782,3.774758283725532e-15,152,-0.4735637741162604,0.6242424242424243,0.12578333862982297,0.3837730936671354
,True,0.0,0.12596156226307967,3.0531133177191805e-15,153,-0.463942290541386,0.6242424242424243,0.12574631981412687,0.3860510206623509
,True,0.0,0.1259158082515754,3.0253577421035516e-15,154,-0.45434490093090063,0.6242424242424243,0.12570937896257348,0.38832822490847807
,True,0.0,0.12587034371992872,3.3306690738754696e-15,155,-0.44477211131971484,0.6242424242424243,0.1256725214889209,0.39060445995783094
,True,0.0,0.12582517303289817,3.9968028886505635e-15,156,-0.4352244242103277,0.6242424242424243,0.12563575273346897,0.3928794798132441
,True,0.0,0.12578030044055957,3.6914915568786455e-15,157,-0.4257023383035181,0.6242424242424243,0.1255990779597225,0.39515303907928984
,True,0.0,0.12573573007550046,2.1094237467877974e-15,158,-0.4162063482347452,0.6242424242424243,0.12556250235118954,0.397424893112133
,True,0.0,0.12569146595019115,4.829470157119431e-15,159,-0.4067369443165363,0.6242424242424243,0.1255260310083192,0.39969479816780523
,True,0.0,0.12564751195453364,5.9396931817445875e-15,160,-0.3972946122871269,0.6242424242424243,0.12548966894558125,0.40196251154868623
,True,0.0,0.1256038718535906,4.107825191113079e-15,161,-0.3878798330656036,0.6242424242424243,0.1254534210886916,0.404227791747985
,True,0.0,0.12556054928549523,2.55351295663786e-15,162,-0.3784930825137822,0.6242424242424243,0.12541729227198445,0.4064903985920216
,True,0.0,0.12551754775954388,3.219646771412954e-15,163,-0.36913483120504226,0.6242424242424243,0.1253812872359351,0.40875009338011514
,True,0.0,0.12547487065447055,5.773159728050814e-15,164,-0.3598055442003186,0.6242424242424243,0.12534541062483326,0.4110066390218938
,True,0.0,0.12543252121690407,3.1086244689504383e-15,165,-0.35050568083143846,0.6242424242424243,0.12530966698460896,0.4132598001718463
,True,0.0,0.12539050256000717,3.3861802251067274e-15,166,-0.34123569449197344,0.6242424242424243,0.12527406076081174,0.41550934336094675
,True,0.0,0.12534881766229672,3.7192471324942744e-15,167,-0.33199603243576137,0.6242424242424243,0.12523859629674364,0.4177550371251899
,True,0.0,0.1253074693666437,4.440892098500626e-15,168,-0.32278713558323535,0.6242424242424243,0.12520327783174567,0.41999665213088394
,True,0.0,0.12526646037945163,2.4702462297909733e-15,169,-0.31360943833568194,0.6242424242424243,0.1251681094996384,0.42223396129655766
,True,0.0,0.1252257932700104,3.1363800445660672e-15,170,-0.3044633683975329,0.6242424242424243,0.12513309532731443,0.42446673991134554
,True,0.0,0.12518547047002448,2.9976021664879227e-15,171,-0.29534934660678014,0.6242424242424243,0.12509823923348343,0.42669476574972715
,True,0.0,0.12514549427331173,5.384581669432009e-15,172,-0.2862677867735862,0.6242424242424243,0.12506354502756747,0.4289178191825035
,True,0.0,0.12510586683567002,4.440892098500626e-15,173,-0.27721909552714746,0.6242424242424243,0.12502901640874511,0.4311356832839048
,True,0.0,0.1250665901749086,2.7755575615628914e-15,174,-0.2682036721708511,0.6242424242424243,0.12499465696514266,0.4333481439347329
76.96352887329407,True,0.0,0.1250276661710399,3.3306690738754696e-15,175,-0.25922190854575217,0.6242424242424243,0.12496047017316979,0.4355549899214519
,True,0.0,0.12498909656662864,4.3576253716537394e-15,176,-0.250274188902381,0.6242424242424243,0.1249264593969979,0.43775601303115025
,True,0.0,0.12495088296729323,3.1086244689504383e-15,177,-0.24136088978087805,0.6242424242424243,0.12489262788817741,0.43995100814230603
,True,0.0,0.12491302684235565,4.0245584642661925e-15,178,-0.23248237989943674,0.6242424242424243,0.12485897878539194,0.44213977331129994
,True,0.0,0.12487552952563527,5.384581669432009e-15,179,-0.22363902005102365,0.6242424242424243,0.12482551511434589,0.4443221098546269
,True,0.0,0.12483839221638096,4.468647674116255e-15,180,-0.21483116300832933,0.6242424242424243,0.12479223978778145,0.4464978224267677
,True,0.0,0.12480161598033751,4.052314039881821e-15,181,-0.20605915343689193,0.6242424242424243,0.12475915560562238,0.44866671909369427
,True,0.0,0.12476520175094073,5.023759186428833e-15,182,-0.19732332781632234,0.6242424242424243,0.12472626525524022,0.4508286114019857
,True,0.0,0.12472915033063606,4.08006961549745e-15,183,-0.1886240143695478,0.6242424242424243,0.12469357131183917,0.4529833144435477
,True,0.0,0.12469346239231519,2.7200464103316335e-15,184,-0.17996153299997972,0.6242424242424243,0.12466107623895548,0.4551306469159311
,True,0.0,0.12465813848086585,4.468647674116255e-15,185,-0.17133619523650007,0.6242424242424243,0.12462878238906773,0.4572704311782575
,True,0.0,0.1246231790148281,4.0245584642661925e-15,186,-0.16274830418615072,0.6242424242424243,0.12459669200431263,0.45940249330276856
,True,0.0,0.12458858428815296,2.220446049250313e-15,187,-0.15419815449440036,0.6242424242424243,0.12456480721730348,0.4615266631220191
,True,0.0,0.1245543544720564,3.9968028886505635e-15,188,-0.1456860323128541,0.6242424242424243,0.12453313005204533,0.46364277427174755
,True,0.0,0.12452048961696435,3.3029134982598407e-15,189,-0.13721221527426247,0.6242424242424243,0.12450166242494388,0.46575066422946104
,True,0.0,0.1244869896545419,3.1363800445660672e-15,190,-0.12877697247467879,0.6242424242424243,0.12447040614590216,0.46785017434878107
,True,0.0,0.124453854399802,3.0531133177191805e-15,191,-0.12038056446260567,0.6242424242424243,0.12443936291950167,0.46994114988960134
,True,0.0,0.12442108355328754,4.496403249731884e-15,192,-0.11202324323496558,0.6242424242424243,0.12440853434626266,0.4720234400441176
,True,0.0,0.12438867670332159,5.35682609381638e-15,193,-0.10370525223972325,0.6242424242424243,0.12437792192397948,0.4740968979587931
,True,0.0,0.12435663332831981,3.802513859341161e-15,194,-0.09542682638498261,0.6242424242424243,0.1243475270491259,0.476161380752331
,True,0.0,0.12432495279916063,2.858824288409778e-15,195,-0.08718819205437568,0.6242424242424243,0.12431735101832692,0.4782167495297295
,True,0.0,0.12429363438160627,3.969047313034935e-15,196,-0.07898956712855637,0.6242424242424243,0.12428739502989111,0.4802628693924995
,True,0.0,0.12426267723877087,5.773159728050814e-15,197,-0.07083116101260789,0.6242424242424243,0.12425766018540048,0.48229960944513306
,True,0.0,0.12423208043363017,4.246603069191224e-15,198,-0.06271317466916965,0.6721212121212121,0.12422814749135308,0.484326842797908
,True,0.0,0.1242018429315665,6.050715484207103e-15,199,-0.05463580065708605,0.6721212121212121,0.12419885786085305,0.48634444656612674
77.05774138807804,True,0.0,0.12417196360294629,2.609024107869118e-15,200,-0.046599223175377694,0.6721212121212121,0.12416979211534573,0.48835230186588363
,True,0.0,0.12414244122572352,2.6922908347160046e-15,201,-0.03860361811233327,0.6721212121212121,0.12414095098639215,0.49035029380646233
,True,0.0,0.12411327448806514,2.220446049250313e-15,202,-0.030649153099519412,0.6721212121212121,0.12411233511747942,0.4923383114794665
,True,0.0,0.1240844619909941,6.494804694057166e-15,203,-0.02273598757050472,0.6721212121212121,0.12408394506586329,0.49431624794478735
,True,0.0,0.12405600225104513,6.689093723366568e-15,204,-0.014864272824093704,0.6721212121212121,0.12405578130443853,0.4962840002135199
,True,0.0,0.12402789370292969,2.9698465908722937e-15,205,-0.007034152091866605,0.6721212121212121,0.12402784422363404,0.4982414692279327
,True,0.0,0.12400013470220496,2.914335439641036e-15,206,0.0007542393901787455,0.6721212121212121,0.1240001341333279,0.5001885598386058
,True,0.0,0.12397272352794457,2.9698465908722937e-15,207,0.008500774306085802,0.6721212121212121,0.12397265126478077,0.5021251807788463
,True,0.0,0.1239456583854054,2.886579864025407e-15,208,0.016205333180700682,0.6721212121212121,0.1239453957725819,0.5040512446364972
,True,0.0,0.12391893740868841,2.886579864025407e-15,209,0.02386780429693608,0.6721212121212121,0.12391836773660646,0.50596666782325
,True,0.0,0.12389255866338933,4.163336342344337e-15,210,0.03148808360973585,0.6721212121212121,0.12389156716397992,0.5078713705415775
,True,0.0,0.12386652014923591,2.581268532253489e-15,211,0.03906607465693631,0.6721212121212121,0.1238649939910468,0.5097652767493996
,True,0.0,0.12384081980270882,3.858025010572419e-15,212,0.04660168846721747,0.6721212121212121,0.12383864808534083,0.5116483141225954
,True,0.0,0.12381545549964348,3.552713678800501e-15,213,0.054094843465334934,0.6721212121212121,0.12381252924755394,0.5135204140154737
,True,0.0,0.12379042505780927,2.6922908347160046e-15,214,0.06154546537481986,0.6721212121212121,0.12378663721350107,0.5153815114193182
,True,0.0,0.1237657262394644,2.6645352591003757e-15,215,0.06895348711833116,0.6721212121212121,0.12376097165607862,0.5172315449191137
,True,0.0,0.12374135675388316,2.7200464103316335e-15,216,0.07631884871584056,0.6721212121212121,0.12373553218721385,0.5190704566485667
,True,0.0,0.12371731425985423,4.9682480351975755e-15,217,0.08364149718082749,0.6721212121212121,0.12371031835980358,0.5208981922435283
,True,0.0,0.12369359636814639,8.382183835919932e-15,218,0.09092138641465658,0.6721212121212121,0.12368532966963883,0.5227147007939273
,True,0.0,0.12367020064394156,3.9968028886505635e-15,219,0.0981584770993069,0.6721212121212121,0.12366056555731511,0.5245199347943189
,True,0.0,0.12364712460923125,2.858824288409778e-15,220,0.10535273658861732,0.6721212121212121,0.12363602541012454,0.526313850093152
,True,0.0,0.12362436574517668,3.6637359812630166e-15,221,0.11250413879820848,0.6721212121212121,0.12361170856392996,0.5280964058408586
,True,0.0,0.12360192149442943,6.522560269672795e-15,222,0.11961266409423697,0.6721212121212121,0.1235876143050177,0.5298675644368638
,True,0.0,0.12357978926341207,3.858025010572419e-15,223,0.12667829918113324,0.6721212121212121,0.12356374187192865,0.5316272914756145
,True,0.0,0.12355796642455719,3.2751579226442118e-15,224,0.1337010369884695,0.6721212121212121,0.1235400904572654,0.5333755556917216
77.15108769415349,True,0.0,0.12353645031850366,2.4702462297909733e-15,225,0.14068087655709974,0.6721212121212121,0.12351665920947479,0.5351123289043084
,True,0.0,0.12351523825624938,3.469446951953614e-15,226,0.14761782292470887,0.6721212121212121,0.12349344723460436,0.5368375859606567
,True,0.0,0.12349432752125897,5.023759186428833e-15,227,0.1545118870109033,0.6721212121212121,0.1234704535980313,0.5385513046792357
,True,0.0,0.1234737153715263,2.9976021664879227e-15,228,0.1613630855019704,0.6721212121212121,0.12344767732616357,0.5402534657922017
,True,0.0,0.12345339904159058,3.4416913763379853e-15,229,0.16817144073542975,0.6721212121212121,0.12342511740811156,0.5419440528874486
,True,0.0,0.12343337574450611,4.85722573273506e-15,230,0.17493698058449364,0.6721212121212121,0.12340277279733008,0.5436230523502903
,True,0.0,0.12341364267376433,3.164135620181696e-15,231,0.18165973834255006,0.6721212121212121,0.12338064241322964,0.5452904533048505
,True,0.0,0.12339419700516882,2.8033131371785203e-15,232,0.18833975260777633,0.6721212121212121,0.12335872514275646,0.5469462475552356
,True,0.0,0.12337503589866189,4.579669976578771e-15,233,0.19497706716798693,0.6721212121212121,0.12333701984194045,0.5485904295265603
,True,0.0,0.12335615650010368,2.914335439641036e-15,234,0.20157173088581404,0.6721212121212121,0.12331552533741137,0.5502229962058955
,True,0.0,0.12333755594300239,4.135580766728708e-15,235,0.20812379758431498,0.6721212121212121,0.12329424042788147,0.5518439470832041
,True,0.0,0.12331923135019741,3.941291737419306e-15,236,0.21463332593309606,0.6721212121212121,0.12327316388559631,0.5534532840923255
,True,0.0,0.12330117983549309,3.3306690738754696e-15,237,0.22110037933503754,0.6721212121212121,0.12325229445775099,0.5550510115520734
,True,0.0,0.12328339850524538,3.3584246494910985e-15,238,0.22752502581370043,0.6721212121212121,0.12323163086787385,0.5566371361074983
,True,0.0,0.12326588445990064,3.7192471324942744e-15,239,0.2339073379014907,0.6721212121212121,0.12321117181717647,0.5582116666713747
,True,0.0,0.1232486347954861,3.3584246494910985e-15,240,0.2402473925286532,0.6721212121212121,0.12319091598586929,0.5597746143659609
,True,0.0,0.12323164660505445,2.7200464103316335e-15,241,0.2465452709131621,0.6721212121212121,0.1231708620344448,0.561325992465083
,True,0.0,0.12321491698008025,3.0253577421035516e-15,242,0.2528010584515719,0.6721212121212121,0.12315100860492602,0.5628658163365888
,True,0.0,0.12319844301181088,2.9976021664879227e-15,243,0.25901484461088775,0.6721212121212121,0.12313135432208207,0.5643941033852147
,True,0.0,0.12318222179257109,4.218847493575595e-15,244,0.2651867228215109,0.6721212121212121,0.12311189779461028,0.5659108729959087
,True,0.0,0.12316625041702242,4.08006961549745e-15,245,0.27131679037131057,0.6721212121212121,0.12309263761628503,0.567416146477648
,True,0.0,0.12315052598337738,3.4139358007223564e-15,246,0.27740514830087015,0.6721212121212121,0.12307357236707354,0.5689099470077866
,True,0.0,0.12313504559456986,3.1363800445660672e-15,247,0.283451901299952,0.6721212121212121,0.1230547006142193,0.570392299576968
,True,0.0,0.12311980635938177,4.440892098500626e-15,248,0.28945715760522156,0.6721212121212121,0.12303602091329288,0.5718632309346349
,True,0.0,0.1231048053935265,4.218847493575595e-15,249,0.29542102889926797,0.6721212121212121,0.1230175318092106,0.5733227695351656
77.23776100181874,True,0.0,0.12309003982069049,3.9968028886505635e-15,250,0.30134363021095534,0.6721212121212121,0.12299923183722176,0.5747709454846637
,True,0.0,0.12307550677353313,5.662137425588298e-15,251,0.3072250798171356,0.6721212121212121,0.12298111952386448,0.5762077904884266
,True,0.0,0.12306120339464571,4.3298697960381105e-15,252,0.3130654991457504,0.6721212121212121,0.12296319338789033,0.5776333377991172
,True,0.0,0.1230471268374709,4.052314039881821e-15,253,0.3188650126803474,0.6721212121212121,0.12294545194115927,0.5790476221656582
,True,0.0,0.1230332742671823,4.551914400963142e-15,254,0.32462374786603265,0.6721212121212121,0.12292789368950371,0.5804506797828703
,True,0.0,0.12301964286152604,3.552713678800501e-15,255,0.33034183501687825,0.6721212121212121,0.12291051713356373,0.581842548241869
,True,0.0,0.12300622981162466,3.497202527569243e-15,256,0.3360194072248023,0.6721212121212121,0.12289332076959296,0.5832232664812388
,True,0.0,0.12299303232274401,3.0531133177191805e-15,257,0.341656600269935,0.6721212121212121,0.122876303090236,0.5845928747389967
,True,0.0,0.12298004761502448,5.745404152435185e-15,258,0.3472535525324831,0.7133333333333333,0.12285946258527805,0.5859514145053576
,True,0.0,0.1229672729241768,3.635980405647388e-15,259,0.35281040490610166,0.7133333333333333,0.12284279774236678,0.5872989284763128
,True,0.0,0.12295470550214364,2.9976021664879227e-15,260,0.3583273007127808,0.7133333333333333,0.12282630704770754,0.5886354605080303
,True,0.0,0.12294234261772785,3.885780586188048e-15,261,0.36380438561925255,0.7133333333333333,0.12280998898673205,0.5899610555720847
,True,0.0,0.12293018155718807,2.9976021664879227e-15,262,0.36924180755492103,0.7133333333333333,0.12279384204474164,0.5912757597115226
,True,0.0,0.1229182196248022,7.188694084447889e-15,263,0.3746397166313175,0.7133333333333333,0.12277786470752461,0.5925796199977705
,True,0.0,0.12290645414340058,4.274358644806853e-15,264,0.3799982650630796,0.7133333333333333,0.12276205546194963,0.5938726844883853
,True,0.0,0.12289488245486853,3.3029134982598407e-15,265,0.38531760709045293,0.7133333333333333,0.12274641279653462,0.5951550021856526
,True,0.0,0.12288350192061998,6.078471059822732e-15,266,0.39059789890331104,0.7133333333333333,0.1227309352019923,0.5964266229960349
,True,0.0,0.1228723099220423,3.4416913763379853e-15,267,0.395839298566689,0.7133333333333333,0.12271562117175254,0.5976875976904662
,True,0.0,0.12286130386091401,3.1086244689504383e-15,268,0.40104196594782343,0.7133333333333333,0.12270046920246272,0.5989379778654963
,True,0.0,0.12285048115979522,3.164135620181696e-15,269,0.4062060626446917,0.7133333333333333,0.12268547779446591,0.6001778159052812
,True,0.0,0.12283983926239248,2.6645352591003757e-15,270,0.41133175191604054,0.7133333333333333,0.12267064545225816,0.6014071649444157
,True,0.0,0.1228293756338981,4.829470157119431e-15,271,0.41641919861289384,0.7133333333333333,0.1226559706849247,0.602626078831609
,True,0.0,0.12281908776130532,2.7478019859472624e-15,272,0.4214685691115285,0.7133333333333333,0.12264145200655639,0.6038346120941926
,True,0.0,0.12280897315369965,4.0245584642661925e-15,273,0.4264800312479057,0.7133333333333333,0.12262708793664644,0.6050328199034625
,True,0.0,0.12279902934252762,3.0531133177191805e-15,274,0.43145375425354376,0.7133333333333333,0.12261287700046815,0.6062207580408427
77.31437030685022,True,0.0,0.12278925388184316,5.6343818499726694e-15,275,0.43638990869281946,0.7133333333333333,0.12259881772943423,0.6073984828648715
,True,0.0,0.12277964434853261,2.4980018054066022e-15,276,0.44128866640168113,0.7133333333333333,0.12258490866143804,0.6085660512789948
,True,0.0,0.1227701983425195,2.942091015256665e-15,277,0.4461502004277593,0.7133333333333333,0.12257114834117777,0.6097235207001667
,True,0.0,0.12276091348694872,3.2751579226442118e-15,278,0.4509746849718575,0.7133333333333333,0.12255753532046325,0.6108709490282443
,True,0.0,0.12275178742835209,4.385380947269368e-15,279,0.45576229533080587,0.7133333333333333,0.12254406815850688,0.6120083946161698
,True,0.0,0.12274281783679512,4.6351811278100286e-15,280,0.4605132078416612,0.7133333333333333,0.12253074542219851,0.6131359162409296
,True,0.0,0.12273400240600597,4.551914400963142e-15,281,0.46522759982723366,0.7133333333333333,0.12251756568636496,0.6142535730752832
,True,0.0,0.12272533885348713,4.274358644806853e-15,282,0.46990564954292263,0.7133333333333333,0.12250452753401478,0.6153614246602505
,True,0.0,0.12271682492061055,3.247402347028583e-15,283,0.47454753612484235,0.7133333333333333,0.1224916295565684,0.6164595308783458
,True,0.0,0.12270845837269719,2.3592239273284576e-15,284,0.4791534395392178,0.7133333333333333,0.12247887035407493,0.6175479519275514
,True,0.0,0.1227002369990805,5.9396931817445875e-15,285,0.48372354053303124,0.7133333333333333,0.1224662485354147,0.6186267482960165
,True,0.0,0.12269215861315622,5.190292640122607e-15,286,0.4882580205858998,0.7133333333333333,0.12245376271848976,0.6196959807374732
,True,0.0,0.12268422105241712,5.9119376061289586e-15,287,0.4927570618631632,0.7133333333333333,0.12244141153040111,0.620755710247356
,True,0.0,0.12267642217847477,3.747002708109903e-15,288,0.49722084717016196,0.7133333333333333,0.12242919360761416,0.6218059980396152
,True,0.0,0.12266875987706811,6.855627177060342e-15,289,0.5016495599076852,0.7109090909090909,0.12241710759611255,0.6228469055242108
,True,0.0,0.12266123205805979,4.163336342344337e-15,290,0.5060433840285675,0.7109090909090909,0.1224051521515407,0.6238784942852772
,True,0.0,0.12265383665542005,4.274358644806853e-15,291,0.5104025039954139,0.7109090909090909,0.12239332593933526,0.6249008260599438
,True,0.0,0.12264657162720002,5.467848396278896e-15,292,0.5147271047394325,0.7109090909090909,0.12238162763484658,0.6259139627178038
,True,0.0,0.12263943495549336,4.135580766728708e-15,293,0.5190173716203543,0.7109090909090909,0.12237005592344966,0.6269179662410141
,True,0.0,0.12263242464638817,3.219646771412954e-15,294,0.5232734903874185,0.7109090909090909,0.12235860950064593,0.6279128987050192
,True,0.0,0.12262553872990811,3.219646771412954e-15,295,0.5274956471414032,0.7109090909090909,0.12234728707215499,0.628898822259882
,True,0.0,0.12261877525994509,4.191091917959966e-15,296,0.5316840282976806,0.7109090909090909,0.12233608735399824,0.6298757991122144
,True,0.0,0.12261213231418204,3.7192471324942744e-15,297,0.5358388205502765,0.7109090909090909,0.12232500907257333,0.6308438915076908
,True,0.0,0.12260560799400758,3.774758283725532e-15,298,0.5399602108369131,0.7109090909090909,0.12231405096472053,0.6318031617141361
,True,0.0,0.12259920042442231,3.164135620181696e-15,299,0.5440483863050148,0.7109090909090909,0.12230321177778122,0.6327536720051737
77.37968210632349,True,0.0,0.12259290775393737,2.914335439641036e-15,300,0.5481035342786567,0.7109090909090909,0.12229249026964861,0.6336954846444228
,True,0.0,0.12258672815446554,4.08006961549745e-15,301,0.5521258422264361,0.7109090909090909,0.1222818852088113,0.6346286618702323
,True,0.0,0.12258065982120568,3.941291737419306e-15,302,0.5561154977302476,0.7109090909090909,0.12227139537438993,0.6355532658809385
,True,0.0,0.12257470097252011,3.497202527569243e-15,303,0.5600726884549394,0.7109090909090909,0.12226101955616697,0.6364693588206386
,True,0.0,0.12256884984980572,3.4416913763379853e-15,304,0.5639976021188353,0.7109090909090909,0.12225075655460993,0.6373770027654617
,True,0.0,0.12256310471735962,2.7200464103316335e-15,305,0.5678904264650998,0.7109090909090909,0.1222406051808889,0.6382762597103324
,True,0.0,0.12255746386223865,2.6645352591003757e-15,306,0.5717513492339288,0.7109090909090909,0.12223056425688783,0.6391671915562112
,True,0.0,0.12255192559411408,3.1086244689504383e-15,307,0.5755805581355468,0.7109090909090909,0.12222063261521046,0.6400498600978007
,True,0.0,0.12254648824512088,2.942091015256665e-15,308,0.5793782408239915,0.7109090909090909,0.12221080909918057,0.6409243270117096
,True,0.0,0.1225411501697027,2.3314683517128287e-15,309,0.5831445848716683,0.7109090909090909,0.12220109256283755,0.6417906538450573
,True,0.0,0.12253590974445223,5.10702591327572e-15,310,0.5868797777446562,0.7109090909090909,0.12219148187092661,0.6426489020045142
,True,0.0,0.12253076536794769,3.635980405647388e-15,311,0.5905840067787461,0.7109090909090909,0.12218197589888485,0.6434991327457638
,True,0.0,0.12252571546058516,3.608224830031759e-15,312,0.5942574591561971,0.7109090909090909,0.12217257353282238,0.644341407163375
,True,0.0,0.12252075846440794,4.468647674116255e-15,313,0.5979003218831896,0.7109090909090909,0.12216327366949992,0.6451757861810763
,True,0.0,0.12251589284293157,2.886579864025407e-15,314,0.6015127817679612,0.7109090909090909,0.12215407521630134,0.6460023305424204
,True,0.0,0.12251111708096708,3.1086244689504383e-15,315,0.6050950253996071,0.7109090909090909,0.12214497709120373,0.6468211008018279
,True,0.0,0.12250642968444014,3.1086244689504383e-15,316,0.6086472391275297,0.7109090909090909,0.12213597822274258,0.6476321573160025
,True,0.0,0.1225018291802086,4.440892098500626e-15,317,0.61216960904152,0.7109090909090909,0.12212707754997455,0.6484355602357048
,True,0.0,0.12249731411587676,2.942091015256665e-15,318,0.6156623209524557,0.7109090909090909,0.1221182740224362,0.6492313694978776
,True,0.0,0.12249288305960818,7.13318293321663e-15,319,0.6191255603736012,0.7109090909090909,0.12210956660010025,0.6500196448181109
,True,0.0,0.12248853459993596,2.220446049250313e-15,320,0.6225595125024926,0.7109090909090909,0.12210095425332862,0.6508004456834391
,True,0.0,0.12248426734557138,2.1094237467877974e-15,321,0.625964362203394,0.7109090909090909,0.12209243596282268,0.6515738313454588
,True,0.0,0.12248007992521108,2.55351295663786e-15,322,0.6293402939903097,0.7109090909090909,0.12208401071957127,0.6523398608137613
,True,0.0,0.12247597098734225,2.831068712794149e-15,323,0.632687492010539,0.7109090909090909,0.12207567752479567,0.6530985928496679
,True,0.0,0.12247193920004738,3.802513859341161e-15,324,0.6360061400287581,0.7109090909090909,0.1220674353898931,0.6538500859602601
77.43390351250514,True,0.0,0.12246798325080696,2.858824288409778e-15,325,0.6392964214116169,0.7109090909090909,0.12205928333637726,0.6545943983926975
,True,0.0,0.12246410184630177,3.6637359812630166e-15,326,0.6425585191128352,0.7109090909090909,0.1220512203958173,0.6553315881288142
,True,0.0,0.12246029371221417,5.35682609381638e-15,327,0.6457926156587879,0.7109090909090909,0.12204324560977475,0.6560617128799832
,True,0.0,0.12245655759302872,3.7192471324942744e-15,328,0.6489988931345629,0.7109090909090909,0.12203535802973883,0.6567848300822454
,True,0.0,0.12245289225183228,3.4416913763379853e-15,329,0.6521775331704828,0.7109090909090909,0.12202755671705995,0.6575009968916912
,True,0.0,0.12244929647011346,3.247402347028583e-15,330,0.6553287169290745,0.7109090909090909,0.12201984074288155,0.6582102701800892
,True,0.0,0.12244576904756212,2.4980018054066022e-15,331,0.6584526250924774,0.7109090909090909,0.12201220918807094,0.6589127065307532
,True,0.0,0.1224423088018685,3.552713678800501e-15,332,0.6615494378502769,0.7109090909090909,0.12200466114314848,0.6596083622346417
,True,0.0,0.12243891456852207,3.0253577421035516e-15,333,0.664619334887752,0.7109090909090909,0.12199719570821543,0.6602972932866811
,True,0.0,0.12243558520061092,3.913536161803677e-15,334,0.6676624953745268,0.7109090909090909,0.12198981199288117,0.6609795553823061
,True,0.0,0.12243231956862066,4.440892098500626e-15,335,0.6706790979536124,0.7109090909090909,0.1219825091161888,0.6616552039142116
,True,0.0,0.12242911656023424,3.4416913763379853e-15,336,0.6736693207308317,0.7109090909090909,0.1219752862065403,0.6623242939693069
,True,0.0,0.12242597508013128,3.608224830031759e-15,337,0.6766333412646147,0.7109090909090909,0.12196814240162036,0.6629868803258689
,True,0.0,0.12242289404978876,2.4980018054066022e-15,338,0.6795713365561538,0.7109090909090909,0.12196107684832004,0.6636430174508846
