component,rho,null_mean,null_std,emp_p,fdr_q
1,0.839111,0.807657,0.017375,0.0519,0.0519
2,0.826715,0.79018,0.013538,0.00599,0.0062
3,0.82635,0.780331,0.012474,0.002,0.00214
4,0.824637,0.77297,0.012185,0.002,0.00214
5,0.822066,0.766147,0.011742,0.002,0.00214
6,0.817541,0.759886,0.010926,0.002,0.00214
7,0.815936,0.754287,0.010696,0.002,0.00214
8,0.812047,0.748696,0.010753,0.002,0.00214
9,0.8062,0.74316,0.010862,0.002,0.00214
10,0.805651,0.737544,0.010989,0.002,0.00214
11,0.805281,0.732155,0.010691,0.002,0.00214
12,0.799724,0.726269,0.010897,0.002,0.00214
13,0.799241,0.719967,0.010814,0.002,0.00214
14,0.793982,0.713947,0.011411,0.002,0.00214
15,0.785731,0.707216,0.011443,0.002,0.00214
16,0.784374,0.700775,0.012446,0.002,0.00214
17,0.783178,0.694473,0.012898,0.002,0.00214
18,0.782209,0.686817,0.012886,0.002,0.00214
19,0.772822,0.677738,0.014191,0.002,0.00214
20,0.76348,0.667601,0.015641,0.002,0.00214
21,0.757031,0.655997,0.017171,0.002,0.00214
22,0.747357,0.643319,0.018195,0.002,0.00214
23,0.746911,0.628362,0.019647,0.002,0.00214
24,0.733956,0.612005,0.021042,0.002,0.00214
25,0.733573,0.594448,0.024081,0.002,0.00214
26,0.723175,0.576537,0.02506,0.002,0.00214
27,0.721479,0.556924,0.027332,0.002,0.00214
28,0.70296,0.532356,0.030581,0.002,0.00214
29,0.673993,0.494877,0.039783,0.002,0.00214
