index,y_true,y_pred
0,2,2
1,3,3
2,0,1
3,0,2
4,3,1
5,3,3
6,0,0
7,0,1
8,1,1
9,3,2
10,0,2
11,1,1
12,3,1
13,3,1
14,3,3
15,0,2
16,2,4
17,2,4
18,1,3
19,0,2
20,3,1
21,3,3
22,3,1
23,2,2
24,2,2
25,0,4
26,2,1
27,3,1
28,4,4
29,1,2
30,1,4
31,4,2
32,1,3
33,4,4
34,4,2
35,1,3
36,1,1
37,0,4
38,0,4
39,3,1
40,1,3
41,4,4
42,0,2
43,0,1
44,4,3
45,2,1
46,1,3
47,1,3
48,1,1
49,2,2
50,3,2
51,0,1
52,0,1
53,2,2
54,4,4
55,4,3
56,1,2
57,0,2
58,4,2
59,1,1
60,3,3
61,4,1
62,3,3
63,4,2
64,0,0
65,0,1
66,4,3
67,2,2
68,4,3
69,3,3
70,3,1
71,1,0
72,0,2
73,0,2
74,1,1
75,2,2
76,4,3
77,2,2
78,4,4
79,2,2
80,2,2
81,2,2
82,2,4
83,4,3
84,0,1
85,1,4
86,0,1
87,3,1
88,3,3
89,4,1
90,2,2
91,2,4
92,1,1
93,3,3
94,3,1
95,2,1
96,0,1
97,2,2
98,3,1
99,4,2
100,4,3
101,4,4
102,1,3
103,3,4
104,3,1
105,1,1
106,4,3
107,2,2
108,3,1
109,1,4
110,2,2
111,4,1
112,1,3
113,3,3
114,2,1
115,3,3
116,3,1
117,2,3
118,2,1
119,3,3
120,4,2
121,1,3
122,2,4
123,3,2
124,2,2
125,3,3
126,2,1
127,4,3
128,2,3
129,0,2
130,3,3
131,4,2
132,4,4
133,3,4
134,2,2
135,0,3
136,3,1
137,1,3
138,0,3
139,2,0
140,4,1
141,3,3
142,4,3
143,4,1
144,0,1
145,1,4
146,2,3
147,1,1
148,3,4
149,0,1
150,2,2
151,3,3
152,4,1
153,3,1
154,3,1
155,2,2
156,3,4
157,4,2
158,0,4
159,4,3
160,4,2
161,2,2
162,1,1
163,4,3
164,2,2
165,3,1
166,1,1
167,4,1
168,0,4
169,2,1
170,1,4
171,4,4
172,1,2
173,3,4
174,0,2
175,1,1
176,2,3
177,1,3
178,2,2
179,3,4
180,0,2
181,4,4
182,3,1
183,4,1
184,4,3
185,3,2
186,0,2
187,1,3
188,3,2
189,2,2
190,0,2
191,0,1
192,1,1
193,1,1
194,2,1
195,4,3
196,2,1
197,1,1
198,2,2
199,3,2
200,0,1
201,4,4
202,4,2
203,2,4
204,0,1
205,4,4
206,3,1
207,3,3
208,0,1
209,1,3
210,1,3
211,0,3
212,4,4
213,4,1
214,2,2
215,4,1
216,0,1
217,4,4
218,3,1
219,1,1
220,3,2
221,4,3
222,3,4
223,1,1
224,1,4
225,0,3
226,2,1
227,1,3
228,2,1
229,3,3
230,0,1
231,1,1
232,3,2
233,0,3
234,3,1
235,0,2
236,2,2
237,2,2
238,2,1
239,2,2
240,4,3
241,1,1
242,1,4
243,1,3
244,1,1
245,1,1
246,1,3
247,2,2
248,4,3
249,1,3
250,0,4
251,2,1
252,2,2
253,0,1
254,3,0
255,4,4
256,0,2
257,0,1
258,4,2
259,4,4
260,4,1
261,2,2
262,4,1
263,1,1
264,4,4
265,4,4
266,0,1
267,1,1
268,2,3
269,3,1
270,3,3
271,1,1
272,1,4
273,0,4
274,2,1
275,1,1
276,0,4
277,4,3
278,4,4
279,4,2
280,3,1
281,0,2
282,3,3
283,4,3
284,4,1
285,0,3
286,3,3
287,1,1
288,4,4
289,3,3
290,0,2
291,1,3
292,0,2
293,4,1
294,0,3
295,0,1
296,4,1
297,4,2
298,0,3
299,0,1
300,4,4
301,0,2
302,3,3
303,2,4
304,3,3
305,0,4
306,1,2
307,2,1
