dataset,family,kernel_index,support,effective_dilation,kind,sigma,dilation,polarity,alpha,order,type,scale,freq,phase,w_short,w_long,lambda
ECG5000_UNBAL,morphological,0,9,1,gauss,1.0,1,1.0,,,,,,,,,
ECG5000_UNBAL,morphological,1,9,2,gauss,1.0,2,1.0,,,,,,,,,
ECG5000_UNBAL,morphological,2,9,4,gauss,1.0,4,1.0,,,,,,,,,
ECG5000_UNBAL,morphological,3,9,8,gauss,1.0,8,1.0,,,,,,,,,
ECG5000_UNBAL,morphological,4,17,1,gauss,2.0,1,1.0,,,,,,,,,
ECG5000_UNBAL,morphological,5,17,2,gauss,2.0,2,1.0,,,,,,,,,
ECG5000_UNBAL,morphological,6,17,4,gauss,2.0,4,1.0,,,,,,,,,
ECG5000_UNBAL,morphological,7,17,8,gauss,2.0,8,1.0,,,,,,,,,
ECG5000_UNBAL,morphological,8,33,1,gauss,4.0,1,1.0,,,,,,,,,
ECG5000_UNBAL,morphological,9,33,2,gauss,4.0,2,1.0,,,,,,,,,
ECG5000_UNBAL,morphological,10,33,4,gauss,4.0,4,1.0,,,,,,,,,
ECG5000_UNBAL,morphological,11,65,1,gauss,8.0,1,1.0,,,,,,,,,
ECG5000_UNBAL,morphological,12,65,2,gauss,8.0,2,1.0,,,,,,,,,
ECG5000_UNBAL,morphological,13,128,1,gauss,16.0,1,1.0,,,,,,,,,
ECG5000_UNBAL,morphological,14,17,1,dog,1.0,1,,0.5,,,,,,,,
ECG5000_UNBAL,morphological,15,17,1,dog,1.0,1,,1.0,,,,,,,,
ECG5000_UNBAL,morphological,16,17,1,dog,1.0,1,,1.5,,,,,,,,
ECG5000_UNBAL,morphological,17,17,2,dog,1.0,2,,0.5,,,,,,,,
ECG5000_UNBAL,morphological,18,17,2,dog,1.0,2,,1.0,,,,,,,,
ECG5000_UNBAL,morphological,19,17,2,dog,1.0,2,,1.5,,,,,,,,
ECG5000_UNBAL,morphological,20,17,4,dog,1.0,4,,0.5,,,,,,,,
ECG5000_UNBAL,morphological,21,17,4,dog,1.0,4,,1.0,,,,,,,,
ECG5000_UNBAL,morphological,22,17,4,dog,1.0,4,,1.5,,,,,,,,
ECG5000_UNBAL,morphological,23,17,8,dog,1.0,8,,0.5,,,,,,,,
ECG5000_UNBAL,morphological,24,17,8,dog,1.0,8,,1.0,,,,,,,,
ECG5000_UNBAL,morphological,25,17,8,dog,1.0,8,,1.5,,,,,,,,
ECG5000_UNBAL,morphological,26,33,1,dog,2.0,1,,0.5,,,,,,,,
ECG5000_UNBAL,morphological,27,33,1,dog,2.0,1,,1.0,,,,,,,,
ECG5000_UNBAL,morphological,28,33,1,dog,2.0,1,,1.5,,,,,,,,
ECG5000_UNBAL,morphological,29,33,2,dog,2.0,2,,0.5,,,,,,,,
ECG5000_UNBAL,morphological,30,33,2,dog,2.0,2,,1.0,,,,,,,,
ECG5000_UNBAL,morphological,31,33,2,dog,2.0,2,,1.5,,,,,,,,
ECG5000_UNBAL,morphological,32,33,4,dog,2.0,4,,0.5,,,,,,,,
ECG5000_UNBAL,morphological,33,33,4,dog,2.0,4,,1.0,,,,,,,,
ECG5000_UNBAL,morphological,34,33,4,dog,2.0,4,,1.5,,,,,,,,
ECG5000_UNBAL,morphological,35,65,1,dog,4.0,1,,0.5,,,,,,,,
ECG5000_UNBAL,morphological,36,65,1,dog,4.0,1,,1.0,,,,,,,,
ECG5000_UNBAL,morphological,37,65,1,dog,4.0,1,,1.5,,,,,,,,
ECG5000_UNBAL,morphological,38,65,2,dog,4.0,2,,0.5,,,,,,,,
ECG5000_UNBAL,morphological,39,65,2,dog,4.0,2,,1.0,,,,,,,,
ECG5000_UNBAL,morphological,40,65,2,dog,4.0,2,,1.5,,,,,,,,
ECG5000_UNBAL,morphological,41,128,1,dog,8.0,1,,0.5,,,,,,,,
ECG5000_UNBAL,morphological,42,128,1,dog,8.0,1,,1.0,,,,,,,,
ECG5000_UNBAL,morphological,43,128,1,dog,8.0,1,,1.5,,,,,,,,
ECG5000_UNBAL,morphological,44,128,1,dog,16.0,1,,0.5,,,,,,,,
ECG5000_UNBAL,morphological,45,128,1,dog,16.0,1,,1.0,,,,,,,,
ECG5000_UNBAL,morphological,46,128,1,dog,16.0,1,,1.5,,,,,,,,
ECG5000_UNBAL,morphological,47,9,1,gaussderiv,1.0,1,,,1,,,,,,,
ECG5000_UNBAL,morphological,48,9,2,gaussderiv,1.0,2,,,1,,,,,,,
ECG5000_UNBAL,morphological,49,9,4,gaussderiv,1.0,4,,,1,,,,,,,
ECG5000_UNBAL,morphological,50,9,8,gaussderiv,1.0,8,,,1,,,,,,,
ECG5000_UNBAL,morphological,51,17,1,gaussderiv,2.0,1,,,1,,,,,,,
ECG5000_UNBAL,morphological,52,17,2,gaussderiv,2.0,2,,,1,,,,,,,
ECG5000_UNBAL,morphological,53,17,4,gaussderiv,2.0,4,,,1,,,,,,,
ECG5000_UNBAL,morphological,54,17,8,gaussderiv,2.0,8,,,1,,,,,,,
ECG5000_UNBAL,morphological,55,33,1,gaussderiv,4.0,1,,,1,,,,,,,
ECG5000_UNBAL,morphological,56,33,2,gaussderiv,4.0,2,,,1,,,,,,,
ECG5000_UNBAL,morphological,57,33,4,gaussderiv,4.0,4,,,1,,,,,,,
ECG5000_UNBAL,morphological,58,65,1,gaussderiv,8.0,1,,,1,,,,,,,
ECG5000_UNBAL,morphological,59,65,2,gaussderiv,8.0,2,,,1,,,,,,,
ECG5000_UNBAL,morphological,60,128,1,gaussderiv,16.0,1,,,1,,,,,,,
ECG5000_UNBAL,morphological,61,9,1,gaussderiv,1.0,1,,,2,,,,,,,
ECG5000_UNBAL,morphological,62,9,2,gaussderiv,1.0,2,,,2,,,,,,,
ECG5000_UNBAL,morphological,63,9,4,gaussderiv,1.0,4,,,2,,,,,,,
ECG5000_UNBAL,morphological,64,9,8,gaussderiv,1.0,8,,,2,,,,,,,
ECG5000_UNBAL,morphological,65,17,1,gaussderiv,2.0,1,,,2,,,,,,,
ECG5000_UNBAL,morphological,66,17,2,gaussderiv,2.0,2,,,2,,,,,,,
ECG5000_UNBAL,morphological,67,17,4,gaussderiv,2.0,4,,,2,,,,,,,
ECG5000_UNBAL,morphological,68,17,8,gaussderiv,2.0,8,,,2,,,,,,,
ECG5000_UNBAL,morphological,69,33,1,gaussderiv,4.0,1,,,2,,,,,,,
ECG5000_UNBAL,morphological,70,33,2,gaussderiv,4.0,2,,,2,,,,,,,
ECG5000_UNBAL,morphological,71,33,4,gaussderiv,4.0,4,,,2,,,,,,,
ECG5000_UNBAL,morphological,72,65,1,gaussderiv,8.0,1,,,2,,,,,,,
ECG5000_UNBAL,morphological,73,65,2,gaussderiv,8.0,2,,,2,,,,,,,
ECG5000_UNBAL,morphological,74,128,1,gaussderiv,16.0,1,,,2,,,,,,,
ECG5000_UNBAL,derivative,0,3,1,deriv,,1,1.0,,1,,,,,,,
ECG5000_UNBAL,derivative,1,3,2,deriv,,2,1.0,,1,,,,,,,
ECG5000_UNBAL,derivative,2,3,4,deriv,,4,1.0,,1,,,,,,,
ECG5000_UNBAL,derivative,3,3,8,deriv,,8,1.0,,1,,,,,,,
ECG5000_UNBAL,derivative,4,3,16,deriv,,16,1.0,,1,,,,,,,
ECG5000_UNBAL,derivative,5,3,32,deriv,,32,1.0,,1,,,,,,,
ECG5000_UNBAL,derivative,6,3,64,deriv,,64,1.0,,1,,,,,,,
ECG5000_UNBAL,derivative,7,3,1,deriv,,1,1.0,,2,,,,,,,
ECG5000_UNBAL,derivative,8,3,2,deriv,,2,1.0,,2,,,,,,,
ECG5000_UNBAL,derivative,9,3,4,deriv,,4,1.0,,2,,,,,,,
ECG5000_UNBAL,derivative,10,3,8,deriv,,8,1.0,,2,,,,,,,
ECG5000_UNBAL,derivative,11,3,16,deriv,,16,1.0,,2,,,,,,,
ECG5000_UNBAL,derivative,12,3,32,deriv,,32,1.0,,2,,,,,,,
ECG5000_UNBAL,derivative,13,3,64,deriv,,64,1.0,,2,,,,,,,
ECG5000_UNBAL,wavelet,0,3,1,wavelet,,1,1.0,,,haar,1,,,,,
ECG5000_UNBAL,wavelet,1,3,2,wavelet,,2,1.0,,,haar,1,,,,,
ECG5000_UNBAL,wavelet,2,3,4,wavelet,,4,1.0,,,haar,1,,,,,
ECG5000_UNBAL,wavelet,3,3,8,wavelet,,8,1.0,,,haar,1,,,,,
ECG5000_UNBAL,wavelet,4,3,16,wavelet,,16,1.0,,,haar,1,,,,,
ECG5000_UNBAL,wavelet,5,3,32,wavelet,,32,1.0,,,haar,1,,,,,
ECG5000_UNBAL,wavelet,6,3,64,wavelet,,64,1.0,,,haar,1,,,,,
ECG5000_UNBAL,wavelet,7,5,1,wavelet,,1,1.0,,,haar,2,,,,,
ECG5000_UNBAL,wavelet,8,5,2,wavelet,,2,1.0,,,haar,2,,,,,
ECG5000_UNBAL,wavelet,9,5,4,wavelet,,4,1.0,,,haar,2,,,,,
ECG5000_UNBAL,wavelet,10,5,8,wavelet,,8,1.0,,,haar,2,,,,,
ECG5000_UNBAL,wavelet,11,5,16,wavelet,,16,1.0,,,haar,2,,,,,
ECG5000_UNBAL,wavelet,12,5,32,wavelet,,32,1.0,,,haar,2,,,,,
ECG5000_UNBAL,wavelet,13,9,1,wavelet,,1,1.0,,,haar,4,,,,,
ECG5000_UNBAL,wavelet,14,9,2,wavelet,,2,1.0,,,haar,4,,,,,
ECG5000_UNBAL,wavelet,15,9,4,wavelet,,4,1.0,,,haar,4,,,,,
ECG5000_UNBAL,wavelet,16,9,8,wavelet,,8,1.0,,,haar,4,,,,,
ECG5000_UNBAL,wavelet,17,9,16,wavelet,,16,1.0,,,haar,4,,,,,
ECG5000_UNBAL,wavelet,18,17,1,wavelet,,1,1.0,,,haar,8,,,,,
ECG5000_UNBAL,wavelet,19,17,2,wavelet,,2,1.0,,,haar,8,,,,,
ECG5000_UNBAL,wavelet,20,17,4,wavelet,,4,1.0,,,haar,8,,,,,
ECG5000_UNBAL,wavelet,21,17,8,wavelet,,8,1.0,,,haar,8,,,,,
ECG5000_UNBAL,wavelet,22,33,1,wavelet,,1,1.0,,,mexicanhat,1,,,,,
ECG5000_UNBAL,wavelet,23,33,2,wavelet,,2,1.0,,,mexicanhat,1,,,,,
ECG5000_UNBAL,wavelet,24,33,4,wavelet,,4,1.0,,,mexicanhat,1,,,,,
ECG5000_UNBAL,wavelet,25,65,1,wavelet,,1,1.0,,,mexicanhat,2,,,,,
ECG5000_UNBAL,wavelet,26,65,2,wavelet,,2,1.0,,,mexicanhat,2,,,,,
ECG5000_UNBAL,wavelet,27,128,1,wavelet,,1,1.0,,,mexicanhat,4,,,,,
ECG5000_UNBAL,wavelet,28,128,1,wavelet,,1,1.0,,,mexicanhat,8,,,,,
ECG5000_UNBAL,wavelet,29,33,1,wavelet,,1,1.0,,,morlet,1,,,,,
ECG5000_UNBAL,wavelet,30,33,2,wavelet,,2,1.0,,,morlet,1,,,,,
ECG5000_UNBAL,wavelet,31,33,4,wavelet,,4,1.0,,,morlet,1,,,,,
ECG5000_UNBAL,wavelet,32,33,1,wavelet,,1,1.0,,,morlet,2,,,,,
ECG5000_UNBAL,wavelet,33,33,2,wavelet,,2,1.0,,,morlet,2,,,,,
ECG5000_UNBAL,wavelet,34,33,4,wavelet,,4,1.0,,,morlet,2,,,,,
ECG5000_UNBAL,wavelet,35,65,1,wavelet,,1,1.0,,,morlet,4,,,,,
ECG5000_UNBAL,wavelet,36,65,2,wavelet,,2,1.0,,,morlet,4,,,,,
ECG5000_UNBAL,wavelet,37,128,1,wavelet,,1,1.0,,,morlet,8,,,,,
ECG5000_UNBAL,gabor,0,49,1,gabor,2.0,1,,,,,,0.125,0.0,,,
ECG5000_UNBAL,gabor,1,49,2,gabor,2.0,2,,,,,,0.125,0.0,,,
ECG5000_UNBAL,gabor,2,49,1,gabor,2.0,1,,,,,,0.125,1.5707963267948966,,,
ECG5000_UNBAL,gabor,3,49,2,gabor,2.0,2,,,,,,0.125,1.5707963267948966,,,
ECG5000_UNBAL,gabor,4,49,1,gabor,2.0,1,,,,,,0.125,3.141592653589793,,,
ECG5000_UNBAL,gabor,5,49,2,gabor,2.0,2,,,,,,0.125,3.141592653589793,,,
ECG5000_UNBAL,gabor,6,49,1,gabor,2.0,1,,,,,,0.125,4.71238898038469,,,
ECG5000_UNBAL,gabor,7,49,2,gabor,2.0,2,,,,,,0.125,4.71238898038469,,,
ECG5000_UNBAL,gabor,8,97,1,gabor,4.0,1,,,,,,0.125,0.0,,,
ECG5000_UNBAL,gabor,9,97,1,gabor,4.0,1,,,,,,0.125,1.5707963267948966,,,
ECG5000_UNBAL,gabor,10,97,1,gabor,4.0,1,,,,,,0.125,3.141592653589793,,,
ECG5000_UNBAL,gabor,11,97,1,gabor,4.0,1,,,,,,0.125,4.71238898038469,,,
ECG5000_UNBAL,gabor,12,128,1,gabor,8.0,1,,,,,,0.125,0.0,,,
ECG5000_UNBAL,gabor,13,128,1,gabor,8.0,1,,,,,,0.125,1.5707963267948966,,,
ECG5000_UNBAL,gabor,14,128,1,gabor,8.0,1,,,,,,0.125,3.141592653589793,,,
ECG5000_UNBAL,gabor,15,128,1,gabor,8.0,1,,,,,,0.125,4.71238898038469,,,
ECG5000_UNBAL,gabor,16,128,1,gabor,16.0,1,,,,,,0.125,0.0,,,
ECG5000_UNBAL,gabor,17,128,1,gabor,16.0,1,,,,,,0.125,1.5707963267948966,,,
ECG5000_UNBAL,gabor,18,128,1,gabor,16.0,1,,,,,,0.125,3.141592653589793,,,
ECG5000_UNBAL,gabor,19,128,1,gabor,16.0,1,,,,,,0.125,4.71238898038469,,,
ECG5000_UNBAL,gabor,20,49,1,gabor,2.0,1,,,,,,0.0625,0.0,,,
ECG5000_UNBAL,gabor,21,49,2,gabor,2.0,2,,,,,,0.0625,0.0,,,
ECG5000_UNBAL,gabor,22,49,1,gabor,2.0,1,,,,,,0.0625,1.5707963267948966,,,
ECG5000_UNBAL,gabor,23,49,2,gabor,2.0,2,,,,,,0.0625,1.5707963267948966,,,
ECG5000_UNBAL,gabor,24,49,1,gabor,2.0,1,,,,,,0.0625,3.141592653589793,,,
ECG5000_UNBAL,gabor,25,49,2,gabor,2.0,2,,,,,,0.0625,3.141592653589793,,,
ECG5000_UNBAL,gabor,26,49,1,gabor,2.0,1,,,,,,0.0625,4.71238898038469,,,
ECG5000_UNBAL,gabor,27,49,2,gabor,2.0,2,,,,,,0.0625,4.71238898038469,,,
ECG5000_UNBAL,gabor,28,97,1,gabor,4.0,1,,,,,,0.0625,0.0,,,
ECG5000_UNBAL,gabor,29,97,1,gabor,4.0,1,,,,,,0.0625,1.5707963267948966,,,
ECG5000_UNBAL,gabor,30,97,1,gabor,4.0,1,,,,,,0.0625,3.141592653589793,,,
ECG5000_UNBAL,gabor,31,97,1,gabor,4.0,1,,,,,,0.0625,4.71238898038469,,,
ECG5000_UNBAL,gabor,32,128,1,gabor,8.0,1,,,,,,0.0625,0.0,,,
ECG5000_UNBAL,gabor,33,128,1,gabor,8.0,1,,,,,,0.0625,1.5707963267948966,,,
ECG5000_UNBAL,gabor,34,128,1,gabor,8.0,1,,,,,,0.0625,3.141592653589793,,,
ECG5000_UNBAL,gabor,35,128,1,gabor,8.0,1,,,,,,0.0625,4.71238898038469,,,
ECG5000_UNBAL,gabor,36,128,1,gabor,16.0,1,,,,,,0.0625,0.0,,,
ECG5000_UNBAL,gabor,37,128,1,gabor,16.0,1,,,,,,0.0625,1.5707963267948966,,,
ECG5000_UNBAL,gabor,38,128,1,gabor,16.0,1,,,,,,0.0625,3.141592653589793,,,
ECG5000_UNBAL,gabor,39,128,1,gabor,16.0,1,,,,,,0.0625,4.71238898038469,,,
ECG5000_UNBAL,gabor,40,49,1,gabor,2.0,1,,,,,,0.03125,0.0,,,
ECG5000_UNBAL,gabor,41,49,2,gabor,2.0,2,,,,,,0.03125,0.0,,,
ECG5000_UNBAL,gabor,42,49,1,gabor,2.0,1,,,,,,0.03125,1.5707963267948966,,,
ECG5000_UNBAL,gabor,43,49,2,gabor,2.0,2,,,,,,0.03125,1.5707963267948966,,,
ECG5000_UNBAL,gabor,44,49,1,gabor,2.0,1,,,,,,0.03125,3.141592653589793,,,
ECG5000_UNBAL,gabor,45,49,2,gabor,2.0,2,,,,,,0.03125,3.141592653589793,,,
ECG5000_UNBAL,gabor,46,49,1,gabor,2.0,1,,,,,,0.03125,4.71238898038469,,,
ECG5000_UNBAL,gabor,47,49,2,gabor,2.0,2,,,,,,0.03125,4.71238898038469,,,
ECG5000_UNBAL,gabor,48,97,1,gabor,4.0,1,,,,,,0.03125,0.0,,,
ECG5000_UNBAL,gabor,49,97,1,gabor,4.0,1,,,,,,0.03125,1.5707963267948966,,,
ECG5000_UNBAL,gabor,50,97,1,gabor,4.0,1,,,,,,0.03125,3.141592653589793,,,
ECG5000_UNBAL,gabor,51,97,1,gabor,4.0,1,,,,,,0.03125,4.71238898038469,,,
ECG5000_UNBAL,gabor,52,128,1,gabor,8.0,1,,,,,,0.03125,0.0,,,
ECG5000_UNBAL,gabor,53,128,1,gabor,8.0,1,,,,,,0.03125,1.5707963267948966,,,
ECG5000_UNBAL,gabor,54,128,1,gabor,8.0,1,,,,,,0.03125,3.141592653589793,,,
ECG5000_UNBAL,gabor,55,128,1,gabor,8.0,1,,,,,,0.03125,4.71238898038469,,,
ECG5000_UNBAL,gabor,56,128,1,gabor,16.0,1,,,,,,0.03125,0.0,,,
ECG5000_UNBAL,gabor,57,128,1,gabor,16.0,1,,,,,,0.03125,1.5707963267948966,,,
ECG5000_UNBAL,gabor,58,128,1,gabor,16.0,1,,,,,,0.03125,3.141592653589793,,,
ECG5000_UNBAL,gabor,59,128,1,gabor,16.0,1,,,,,,0.03125,4.71238898038469,,,
ECG5000_UNBAL,energy,0,4,1,energy,,,,,,,,,,4,16,0.0
ECG5000_UNBAL,energy,1,4,1,energy,,,,,,,,,,4,16,0.5
ECG5000_UNBAL,energy,2,4,1,energy,,,,,,,,,,4,16,1.0
ECG5000_UNBAL,energy,3,8,1,energy,,,,,,,,,,8,32,0.0
ECG5000_UNBAL,energy,4,8,1,energy,,,,,,,,,,8,32,0.5
ECG5000_UNBAL,energy,5,8,1,energy,,,,,,,,,,8,32,1.0
ECG5000_UNBAL,energy,6,16,1,energy,,,,,,,,,,16,64,0.0
ECG5000_UNBAL,energy,7,16,1,energy,,,,,,,,,,16,64,0.5
ECG5000_UNBAL,energy,8,16,1,energy,,,,,,,,,,16,64,1.0
ECG5000_UNBAL,energy,9,32,1,energy,,,,,,,,,,32,128,0.0
ECG5000_UNBAL,energy,10,32,1,energy,,,,,,,,,,32,128,0.5
ECG5000_UNBAL,energy,11,32,1,energy,,,,,,,,,,32,128,1.0
ECG5000_BAL,morphological,0,9,1,gauss,1.0,1,1.0,,,,,,,,,
ECG5000_BAL,morphological,1,9,2,gauss,1.0,2,1.0,,,,,,,,,
ECG5000_BAL,morphological,2,9,4,gauss,1.0,4,1.0,,,,,,,,,
ECG5000_BAL,morphological,3,9,8,gauss,1.0,8,1.0,,,,,,,,,
ECG5000_BAL,morphological,4,17,1,gauss,2.0,1,1.0,,,,,,,,,
ECG5000_BAL,morphological,5,17,2,gauss,2.0,2,1.0,,,,,,,,,
ECG5000_BAL,morphological,6,17,4,gauss,2.0,4,1.0,,,,,,,,,
ECG5000_BAL,morphological,7,17,8,gauss,2.0,8,1.0,,,,,,,,,
ECG5000_BAL,morphological,8,33,1,gauss,4.0,1,1.0,,,,,,,,,
ECG5000_BAL,morphological,9,33,2,gauss,4.0,2,1.0,,,,,,,,,
ECG5000_BAL,morphological,10,33,4,gauss,4.0,4,1.0,,,,,,,,,
ECG5000_BAL,morphological,11,65,1,gauss,8.0,1,1.0,,,,,,,,,
ECG5000_BAL,morphological,12,65,2,gauss,8.0,2,1.0,,,,,,,,,
ECG5000_BAL,morphological,13,128,1,gauss,16.0,1,1.0,,,,,,,,,
ECG5000_BAL,morphological,14,17,1,dog,1.0,1,,0.5,,,,,,,,
ECG5000_BAL,morphological,15,17,1,dog,1.0,1,,1.0,,,,,,,,
ECG5000_BAL,morphological,16,17,1,dog,1.0,1,,1.5,,,,,,,,
ECG5000_BAL,morphological,17,17,2,dog,1.0,2,,0.5,,,,,,,,
ECG5000_BAL,morphological,18,17,2,dog,1.0,2,,1.0,,,,,,,,
ECG5000_BAL,morphological,19,17,2,dog,1.0,2,,1.5,,,,,,,,
ECG5000_BAL,morphological,20,17,4,dog,1.0,4,,0.5,,,,,,,,
ECG5000_BAL,morphological,21,17,4,dog,1.0,4,,1.0,,,,,,,,
ECG5000_BAL,morphological,22,17,4,dog,1.0,4,,1.5,,,,,,,,
ECG5000_BAL,morphological,23,17,8,dog,1.0,8,,0.5,,,,,,,,
ECG5000_BAL,morphological,24,17,8,dog,1.0,8,,1.0,,,,,,,,
ECG5000_BAL,morphological,25,17,8,dog,1.0,8,,1.5,,,,,,,,
ECG5000_BAL,morphological,26,33,1,dog,2.0,1,,0.5,,,,,,,,
ECG5000_BAL,morphological,27,33,1,dog,2.0,1,,1.0,,,,,,,,
ECG5000_BAL,morphological,28,33,1,dog,2.0,1,,1.5,,,,,,,,
ECG5000_BAL,morphological,29,33,2,dog,2.0,2,,0.5,,,,,,,,
ECG5000_BAL,morphological,30,33,2,dog,2.0,2,,1.0,,,,,,,,
ECG5000_BAL,morphological,31,33,2,dog,2.0,2,,1.5,,,,,,,,
ECG5000_BAL,morphological,32,33,4,dog,2.0,4,,0.5,,,,,,,,
ECG5000_BAL,morphological,33,33,4,dog,2.0,4,,1.0,,,,,,,,
ECG5000_BAL,morphological,34,33,4,dog,2.0,4,,1.5,,,,,,,,
ECG5000_BAL,morphological,35,65,1,dog,4.0,1,,0.5,,,,,,,,
ECG5000_BAL,morphological,36,65,1,dog,4.0,1,,1.0,,,,,,,,
ECG5000_BAL,morphological,37,65,1,dog,4.0,1,,1.5,,,,,,,,
ECG5000_BAL,morphological,38,65,2,dog,4.0,2,,0.5,,,,,,,,
ECG5000_BAL,morphological,39,65,2,dog,4.0,2,,1.0,,,,,,,,
ECG5000_BAL,morphological,40,65,2,dog,4.0,2,,1.5,,,,,,,,
ECG5000_BAL,morphological,41,128,1,dog,8.0,1,,0.5,,,,,,,,
ECG5000_BAL,morphological,42,128,1,dog,8.0,1,,1.0,,,,,,,,
ECG5000_BAL,morphological,43,128,1,dog,8.0,1,,1.5,,,,,,,,
ECG5000_BAL,morphological,44,128,1,dog,16.0,1,,0.5,,,,,,,,
ECG5000_BAL,morphological,45,128,1,dog,16.0,1,,1.0,,,,,,,,
ECG5000_BAL,morphological,46,128,1,dog,16.0,1,,1.5,,,,,,,,
ECG5000_BAL,morphological,47,9,1,gaussderiv,1.0,1,,,1,,,,,,,
ECG5000_BAL,morphological,48,9,2,gaussderiv,1.0,2,,,1,,,,,,,
ECG5000_BAL,morphological,49,9,4,gaussderiv,1.0,4,,,1,,,,,,,
ECG5000_BAL,morphological,50,9,8,gaussderiv,1.0,8,,,1,,,,,,,
ECG5000_BAL,morphological,51,17,1,gaussderiv,2.0,1,,,1,,,,,,,
ECG5000_BAL,morphological,52,17,2,gaussderiv,2.0,2,,,1,,,,,,,
ECG5000_BAL,morphological,53,17,4,gaussderiv,2.0,4,,,1,,,,,,,
ECG5000_BAL,morphological,54,17,8,gaussderiv,2.0,8,,,1,,,,,,,
ECG5000_BAL,morphological,55,33,1,gaussderiv,4.0,1,,,1,,,,,,,
ECG5000_BAL,morphological,56,33,2,gaussderiv,4.0,2,,,1,,,,,,,
ECG5000_BAL,morphological,57,33,4,gaussderiv,4.0,4,,,1,,,,,,,
ECG5000_BAL,morphological,58,65,1,gaussderiv,8.0,1,,,1,,,,,,,
ECG5000_BAL,morphological,59,65,2,gaussderiv,8.0,2,,,1,,,,,,,
ECG5000_BAL,morphological,60,128,1,gaussderiv,16.0,1,,,1,,,,,,,
ECG5000_BAL,morphological,61,9,1,gaussderiv,1.0,1,,,2,,,,,,,
ECG5000_BAL,morphological,62,9,2,gaussderiv,1.0,2,,,2,,,,,,,
ECG5000_BAL,morphological,63,9,4,gaussderiv,1.0,4,,,2,,,,,,,
ECG5000_BAL,morphological,64,9,8,gaussderiv,1.0,8,,,2,,,,,,,
ECG5000_BAL,morphological,65,17,1,gaussderiv,2.0,1,,,2,,,,,,,
ECG5000_BAL,morphological,66,17,2,gaussderiv,2.0,2,,,2,,,,,,,
ECG5000_BAL,morphological,67,17,4,gaussderiv,2.0,4,,,2,,,,,,,
ECG5000_BAL,morphological,68,17,8,gaussderiv,2.0,8,,,2,,,,,,,
ECG5000_BAL,morphological,69,33,1,gaussderiv,4.0,1,,,2,,,,,,,
ECG5000_BAL,morphological,70,33,2,gaussderiv,4.0,2,,,2,,,,,,,
ECG5000_BAL,morphological,71,33,4,gaussderiv,4.0,4,,,2,,,,,,,
ECG5000_BAL,morphological,72,65,1,gaussderiv,8.0,1,,,2,,,,,,,
ECG5000_BAL,morphological,73,65,2,gaussderiv,8.0,2,,,2,,,,,,,
ECG5000_BAL,morphological,74,128,1,gaussderiv,16.0,1,,,2,,,,,,,
ECG5000_BAL,derivative,0,3,1,deriv,,1,1.0,,1,,,,,,,
ECG5000_BAL,derivative,1,3,2,deriv,,2,1.0,,1,,,,,,,
ECG5000_BAL,derivative,2,3,4,deriv,,4,1.0,,1,,,,,,,
ECG5000_BAL,derivative,3,3,8,deriv,,8,1.0,,1,,,,,,,
ECG5000_BAL,derivative,4,3,16,deriv,,16,1.0,,1,,,,,,,
ECG5000_BAL,derivative,5,3,32,deriv,,32,1.0,,1,,,,,,,
ECG5000_BAL,derivative,6,3,64,deriv,,64,1.0,,1,,,,,,,
ECG5000_BAL,derivative,7,3,1,deriv,,1,1.0,,2,,,,,,,
ECG5000_BAL,derivative,8,3,2,deriv,,2,1.0,,2,,,,,,,
ECG5000_BAL,derivative,9,3,4,deriv,,4,1.0,,2,,,,,,,
ECG5000_BAL,derivative,10,3,8,deriv,,8,1.0,,2,,,,,,,
ECG5000_BAL,derivative,11,3,16,deriv,,16,1.0,,2,,,,,,,
ECG5000_BAL,derivative,12,3,32,deriv,,32,1.0,,2,,,,,,,
ECG5000_BAL,derivative,13,3,64,deriv,,64,1.0,,2,,,,,,,
ECG5000_BAL,wavelet,0,3,1,wavelet,,1,1.0,,,haar,1,,,,,
ECG5000_BAL,wavelet,1,3,2,wavelet,,2,1.0,,,haar,1,,,,,
ECG5000_BAL,wavelet,2,3,4,wavelet,,4,1.0,,,haar,1,,,,,
ECG5000_BAL,wavelet,3,3,8,wavelet,,8,1.0,,,haar,1,,,,,
ECG5000_BAL,wavelet,4,3,16,wavelet,,16,1.0,,,haar,1,,,,,
ECG5000_BAL,wavelet,5,3,32,wavelet,,32,1.0,,,haar,1,,,,,
ECG5000_BAL,wavelet,6,3,64,wavelet,,64,1.0,,,haar,1,,,,,
ECG5000_BAL,wavelet,7,5,1,wavelet,,1,1.0,,,haar,2,,,,,
ECG5000_BAL,wavelet,8,5,2,wavelet,,2,1.0,,,haar,2,,,,,
ECG5000_BAL,wavelet,9,5,4,wavelet,,4,1.0,,,haar,2,,,,,
ECG5000_BAL,wavelet,10,5,8,wavelet,,8,1.0,,,haar,2,,,,,
ECG5000_BAL,wavelet,11,5,16,wavelet,,16,1.0,,,haar,2,,,,,
ECG5000_BAL,wavelet,12,5,32,wavelet,,32,1.0,,,haar,2,,,,,
ECG5000_BAL,wavelet,13,9,1,wavelet,,1,1.0,,,haar,4,,,,,
ECG5000_BAL,wavelet,14,9,2,wavelet,,2,1.0,,,haar,4,,,,,
ECG5000_BAL,wavelet,15,9,4,wavelet,,4,1.0,,,haar,4,,,,,
ECG5000_BAL,wavelet,16,9,8,wavelet,,8,1.0,,,haar,4,,,,,
ECG5000_BAL,wavelet,17,9,16,wavelet,,16,1.0,,,haar,4,,,,,
ECG5000_BAL,wavelet,18,17,1,wavelet,,1,1.0,,,haar,8,,,,,
ECG5000_BAL,wavelet,19,17,2,wavelet,,2,1.0,,,haar,8,,,,,
ECG5000_BAL,wavelet,20,17,4,wavelet,,4,1.0,,,haar,8,,,,,
ECG5000_BAL,wavelet,21,17,8,wavelet,,8,1.0,,,haar,8,,,,,
ECG5000_BAL,wavelet,22,33,1,wavelet,,1,1.0,,,mexicanhat,1,,,,,
ECG5000_BAL,wavelet,23,33,2,wavelet,,2,1.0,,,mexicanhat,1,,,,,
ECG5000_BAL,wavelet,24,33,4,wavelet,,4,1.0,,,mexicanhat,1,,,,,
ECG5000_BAL,wavelet,25,65,1,wavelet,,1,1.0,,,mexicanhat,2,,,,,
ECG5000_BAL,wavelet,26,65,2,wavelet,,2,1.0,,,mexicanhat,2,,,,,
ECG5000_BAL,wavelet,27,128,1,wavelet,,1,1.0,,,mexicanhat,4,,,,,
ECG5000_BAL,wavelet,28,128,1,wavelet,,1,1.0,,,mexicanhat,8,,,,,
ECG5000_BAL,wavelet,29,33,1,wavelet,,1,1.0,,,morlet,1,,,,,
ECG5000_BAL,wavelet,30,33,2,wavelet,,2,1.0,,,morlet,1,,,,,
ECG5000_BAL,wavelet,31,33,4,wavelet,,4,1.0,,,morlet,1,,,,,
ECG5000_BAL,wavelet,32,33,1,wavelet,,1,1.0,,,morlet,2,,,,,
ECG5000_BAL,wavelet,33,33,2,wavelet,,2,1.0,,,morlet,2,,,,,
ECG5000_BAL,wavelet,34,33,4,wavelet,,4,1.0,,,morlet,2,,,,,
ECG5000_BAL,wavelet,35,65,1,wavelet,,1,1.0,,,morlet,4,,,,,
ECG5000_BAL,wavelet,36,65,2,wavelet,,2,1.0,,,morlet,4,,,,,
ECG5000_BAL,wavelet,37,128,1,wavelet,,1,1.0,,,morlet,8,,,,,
ECG5000_BAL,gabor,0,49,1,gabor,2.0,1,,,,,,0.125,0.0,,,
ECG5000_BAL,gabor,1,49,2,gabor,2.0,2,,,,,,0.125,0.0,,,
ECG5000_BAL,gabor,2,49,1,gabor,2.0,1,,,,,,0.125,1.5707963267948966,,,
ECG5000_BAL,gabor,3,49,2,gabor,2.0,2,,,,,,0.125,1.5707963267948966,,,
ECG5000_BAL,gabor,4,49,1,gabor,2.0,1,,,,,,0.125,3.141592653589793,,,
ECG5000_BAL,gabor,5,49,2,gabor,2.0,2,,,,,,0.125,3.141592653589793,,,
ECG5000_BAL,gabor,6,49,1,gabor,2.0,1,,,,,,0.125,4.71238898038469,,,
ECG5000_BAL,gabor,7,49,2,gabor,2.0,2,,,,,,0.125,4.71238898038469,,,
ECG5000_BAL,gabor,8,97,1,gabor,4.0,1,,,,,,0.125,0.0,,,
ECG5000_BAL,gabor,9,97,1,gabor,4.0,1,,,,,,0.125,1.5707963267948966,,,
ECG5000_BAL,gabor,10,97,1,gabor,4.0,1,,,,,,0.125,3.141592653589793,,,
ECG5000_BAL,gabor,11,97,1,gabor,4.0,1,,,,,,0.125,4.71238898038469,,,
ECG5000_BAL,gabor,12,128,1,gabor,8.0,1,,,,,,0.125,0.0,,,
ECG5000_BAL,gabor,13,128,1,gabor,8.0,1,,,,,,0.125,1.5707963267948966,,,
ECG5000_BAL,gabor,14,128,1,gabor,8.0,1,,,,,,0.125,3.141592653589793,,,
ECG5000_BAL,gabor,15,128,1,gabor,8.0,1,,,,,,0.125,4.71238898038469,,,
ECG5000_BAL,gabor,16,128,1,gabor,16.0,1,,,,,,0.125,0.0,,,
ECG5000_BAL,gabor,17,128,1,gabor,16.0,1,,,,,,0.125,1.5707963267948966,,,
ECG5000_BAL,gabor,18,128,1,gabor,16.0,1,,,,,,0.125,3.141592653589793,,,
ECG5000_BAL,gabor,19,128,1,gabor,16.0,1,,,,,,0.125,4.71238898038469,,,
ECG5000_BAL,gabor,20,49,1,gabor,2.0,1,,,,,,0.0625,0.0,,,
ECG5000_BAL,gabor,21,49,2,gabor,2.0,2,,,,,,0.0625,0.0,,,
ECG5000_BAL,gabor,22,49,1,gabor,2.0,1,,,,,,0.0625,1.5707963267948966,,,
ECG5000_BAL,gabor,23,49,2,gabor,2.0,2,,,,,,0.0625,1.5707963267948966,,,
ECG5000_BAL,gabor,24,49,1,gabor,2.0,1,,,,,,0.0625,3.141592653589793,,,
ECG5000_BAL,gabor,25,49,2,gabor,2.0,2,,,,,,0.0625,3.141592653589793,,,
ECG5000_BAL,gabor,26,49,1,gabor,2.0,1,,,,,,0.0625,4.71238898038469,,,
ECG5000_BAL,gabor,27,49,2,gabor,2.0,2,,,,,,0.0625,4.71238898038469,,,
ECG5000_BAL,gabor,28,97,1,gabor,4.0,1,,,,,,0.0625,0.0,,,
ECG5000_BAL,gabor,29,97,1,gabor,4.0,1,,,,,,0.0625,1.5707963267948966,,,
ECG5000_BAL,gabor,30,97,1,gabor,4.0,1,,,,,,0.0625,3.141592653589793,,,
ECG5000_BAL,gabor,31,97,1,gabor,4.0,1,,,,,,0.0625,4.71238898038469,,,
ECG5000_BAL,gabor,32,128,1,gabor,8.0,1,,,,,,0.0625,0.0,,,
ECG5000_BAL,gabor,33,128,1,gabor,8.0,1,,,,,,0.0625,1.5707963267948966,,,
ECG5000_BAL,gabor,34,128,1,gabor,8.0,1,,,,,,0.0625,3.141592653589793,,,
ECG5000_BAL,gabor,35,128,1,gabor,8.0,1,,,,,,0.0625,4.71238898038469,,,
ECG5000_BAL,gabor,36,128,1,gabor,16.0,1,,,,,,0.0625,0.0,,,
ECG5000_BAL,gabor,37,128,1,gabor,16.0,1,,,,,,0.0625,1.5707963267948966,,,
ECG5000_BAL,gabor,38,128,1,gabor,16.0,1,,,,,,0.0625,3.141592653589793,,,
ECG5000_BAL,gabor,39,128,1,gabor,16.0,1,,,,,,0.0625,4.71238898038469,,,
ECG5000_BAL,gabor,40,49,1,gabor,2.0,1,,,,,,0.03125,0.0,,,
ECG5000_BAL,gabor,41,49,2,gabor,2.0,2,,,,,,0.03125,0.0,,,
ECG5000_BAL,gabor,42,49,1,gabor,2.0,1,,,,,,0.03125,1.5707963267948966,,,
ECG5000_BAL,gabor,43,49,2,gabor,2.0,2,,,,,,0.03125,1.5707963267948966,,,
ECG5000_BAL,gabor,44,49,1,gabor,2.0,1,,,,,,0.03125,3.141592653589793,,,
ECG5000_BAL,gabor,45,49,2,gabor,2.0,2,,,,,,0.03125,3.141592653589793,,,
ECG5000_BAL,gabor,46,49,1,gabor,2.0,1,,,,,,0.03125,4.71238898038469,,,
ECG5000_BAL,gabor,47,49,2,gabor,2.0,2,,,,,,0.03125,4.71238898038469,,,
ECG5000_BAL,gabor,48,97,1,gabor,4.0,1,,,,,,0.03125,0.0,,,
ECG5000_BAL,gabor,49,97,1,gabor,4.0,1,,,,,,0.03125,1.5707963267948966,,,
ECG5000_BAL,gabor,50,97,1,gabor,4.0,1,,,,,,0.03125,3.141592653589793,,,
ECG5000_BAL,gabor,51,97,1,gabor,4.0,1,,,,,,0.03125,4.71238898038469,,,
ECG5000_BAL,gabor,52,128,1,gabor,8.0,1,,,,,,0.03125,0.0,,,
ECG5000_BAL,gabor,53,128,1,gabor,8.0,1,,,,,,0.03125,1.5707963267948966,,,
ECG5000_BAL,gabor,54,128,1,gabor,8.0,1,,,,,,0.03125,3.141592653589793,,,
ECG5000_BAL,gabor,55,128,1,gabor,8.0,1,,,,,,0.03125,4.71238898038469,,,
ECG5000_BAL,gabor,56,128,1,gabor,16.0,1,,,,,,0.03125,0.0,,,
ECG5000_BAL,gabor,57,128,1,gabor,16.0,1,,,,,,0.03125,1.5707963267948966,,,
ECG5000_BAL,gabor,58,128,1,gabor,16.0,1,,,,,,0.03125,3.141592653589793,,,
ECG5000_BAL,gabor,59,128,1,gabor,16.0,1,,,,,,0.03125,4.71238898038469,,,
ECG5000_BAL,energy,0,4,1,energy,,,,,,,,,,4,16,0.0
ECG5000_BAL,energy,1,4,1,energy,,,,,,,,,,4,16,0.5
ECG5000_BAL,energy,2,4,1,energy,,,,,,,,,,4,16,1.0
ECG5000_BAL,energy,3,8,1,energy,,,,,,,,,,8,32,0.0
ECG5000_BAL,energy,4,8,1,energy,,,,,,,,,,8,32,0.5
ECG5000_BAL,energy,5,8,1,energy,,,,,,,,,,8,32,1.0
ECG5000_BAL,energy,6,16,1,energy,,,,,,,,,,16,64,0.0
ECG5000_BAL,energy,7,16,1,energy,,,,,,,,,,16,64,0.5
ECG5000_BAL,energy,8,16,1,energy,,,,,,,,,,16,64,1.0
ECG5000_BAL,energy,9,32,1,energy,,,,,,,,,,32,128,0.0
ECG5000_BAL,energy,10,32,1,energy,,,,,,,,,,32,128,0.5
ECG5000_BAL,energy,11,32,1,energy,,,,,,,,,,32,128,1.0
CWRU_UNBAL,morphological,0,9,1,gauss,1.0,1,1.0,,,,,,,,,
CWRU_UNBAL,morphological,1,9,2,gauss,1.0,2,1.0,,,,,,,,,
CWRU_UNBAL,morphological,2,9,4,gauss,1.0,4,1.0,,,,,,,,,
CWRU_UNBAL,morphological,3,9,8,gauss,1.0,8,1.0,,,,,,,,,
CWRU_UNBAL,morphological,4,17,1,gauss,2.0,1,1.0,,,,,,,,,
CWRU_UNBAL,morphological,5,17,2,gauss,2.0,2,1.0,,,,,,,,,
CWRU_UNBAL,morphological,6,17,4,gauss,2.0,4,1.0,,,,,,,,,
CWRU_UNBAL,morphological,7,17,8,gauss,2.0,8,1.0,,,,,,,,,
CWRU_UNBAL,morphological,8,33,1,gauss,4.0,1,1.0,,,,,,,,,
CWRU_UNBAL,morphological,9,33,2,gauss,4.0,2,1.0,,,,,,,,,
CWRU_UNBAL,morphological,10,33,4,gauss,4.0,4,1.0,,,,,,,,,
CWRU_UNBAL,morphological,11,33,8,gauss,4.0,8,1.0,,,,,,,,,
CWRU_UNBAL,morphological,12,65,1,gauss,8.0,1,1.0,,,,,,,,,
CWRU_UNBAL,morphological,13,65,2,gauss,8.0,2,1.0,,,,,,,,,
CWRU_UNBAL,morphological,14,65,4,gauss,8.0,4,1.0,,,,,,,,,
CWRU_UNBAL,morphological,15,65,8,gauss,8.0,8,1.0,,,,,,,,,
CWRU_UNBAL,morphological,16,128,1,gauss,16.0,1,1.0,,,,,,,,,
CWRU_UNBAL,morphological,17,128,2,gauss,16.0,2,1.0,,,,,,,,,
CWRU_UNBAL,morphological,18,128,4,gauss,16.0,4,1.0,,,,,,,,,
CWRU_UNBAL,morphological,19,128,8,gauss,16.0,8,1.0,,,,,,,,,
CWRU_UNBAL,morphological,20,17,1,dog,1.0,1,,0.5,,,,,,,,
CWRU_UNBAL,morphological,21,17,1,dog,1.0,1,,1.0,,,,,,,,
CWRU_UNBAL,morphological,22,17,1,dog,1.0,1,,1.5,,,,,,,,
CWRU_UNBAL,morphological,23,17,2,dog,1.0,2,,0.5,,,,,,,,
CWRU_UNBAL,morphological,24,17,2,dog,1.0,2,,1.0,,,,,,,,
CWRU_UNBAL,morphological,25,17,2,dog,1.0,2,,1.5,,,,,,,,
CWRU_UNBAL,morphological,26,17,4,dog,1.0,4,,0.5,,,,,,,,
CWRU_UNBAL,morphological,27,17,4,dog,1.0,4,,1.0,,,,,,,,
CWRU_UNBAL,morphological,28,17,4,dog,1.0,4,,1.5,,,,,,,,
CWRU_UNBAL,morphological,29,17,8,dog,1.0,8,,0.5,,,,,,,,
CWRU_UNBAL,morphological,30,17,8,dog,1.0,8,,1.0,,,,,,,,
CWRU_UNBAL,morphological,31,17,8,dog,1.0,8,,1.5,,,,,,,,
CWRU_UNBAL,morphological,32,33,1,dog,2.0,1,,0.5,,,,,,,,
CWRU_UNBAL,morphological,33,33,1,dog,2.0,1,,1.0,,,,,,,,
CWRU_UNBAL,morphological,34,33,1,dog,2.0,1,,1.5,,,,,,,,
CWRU_UNBAL,morphological,35,33,2,dog,2.0,2,,0.5,,,,,,,,
CWRU_UNBAL,morphological,36,33,2,dog,2.0,2,,1.0,,,,,,,,
CWRU_UNBAL,morphological,37,33,2,dog,2.0,2,,1.5,,,,,,,,
CWRU_UNBAL,morphological,38,33,4,dog,2.0,4,,0.5,,,,,,,,
CWRU_UNBAL,morphological,39,33,4,dog,2.0,4,,1.0,,,,,,,,
CWRU_UNBAL,morphological,40,33,4,dog,2.0,4,,1.5,,,,,,,,
CWRU_UNBAL,morphological,41,33,8,dog,2.0,8,,0.5,,,,,,,,
CWRU_UNBAL,morphological,42,33,8,dog,2.0,8,,1.0,,,,,,,,
CWRU_UNBAL,morphological,43,33,8,dog,2.0,8,,1.5,,,,,,,,
CWRU_UNBAL,morphological,44,65,1,dog,4.0,1,,0.5,,,,,,,,
CWRU_UNBAL,morphological,45,65,1,dog,4.0,1,,1.0,,,,,,,,
CWRU_UNBAL,morphological,46,65,1,dog,4.0,1,,1.5,,,,,,,,
CWRU_UNBAL,morphological,47,65,2,dog,4.0,2,,0.5,,,,,,,,
CWRU_UNBAL,morphological,48,65,2,dog,4.0,2,,1.0,,,,,,,,
CWRU_UNBAL,morphological,49,65,2,dog,4.0,2,,1.5,,,,,,,,
CWRU_UNBAL,morphological,50,65,4,dog,4.0,4,,0.5,,,,,,,,
CWRU_UNBAL,morphological,51,65,4,dog,4.0,4,,1.0,,,,,,,,
CWRU_UNBAL,morphological,52,65,4,dog,4.0,4,,1.5,,,,,,,,
CWRU_UNBAL,morphological,53,65,8,dog,4.0,8,,0.5,,,,,,,,
CWRU_UNBAL,morphological,54,65,8,dog,4.0,8,,1.0,,,,,,,,
CWRU_UNBAL,morphological,55,65,8,dog,4.0,8,,1.5,,,,,,,,
CWRU_UNBAL,morphological,56,128,1,dog,8.0,1,,0.5,,,,,,,,
CWRU_UNBAL,morphological,57,128,1,dog,8.0,1,,1.0,,,,,,,,
CWRU_UNBAL,morphological,58,128,1,dog,8.0,1,,1.5,,,,,,,,
CWRU_UNBAL,morphological,59,128,2,dog,8.0,2,,0.5,,,,,,,,
CWRU_UNBAL,morphological,60,128,2,dog,8.0,2,,1.0,,,,,,,,
CWRU_UNBAL,morphological,61,128,2,dog,8.0,2,,1.5,,,,,,,,
CWRU_UNBAL,morphological,62,128,4,dog,8.0,4,,0.5,,,,,,,,
CWRU_UNBAL,morphological,63,128,4,dog,8.0,4,,1.0,,,,,,,,
CWRU_UNBAL,morphological,64,128,4,dog,8.0,4,,1.5,,,,,,,,
CWRU_UNBAL,morphological,65,128,8,dog,8.0,8,,0.5,,,,,,,,
CWRU_UNBAL,morphological,66,128,8,dog,8.0,8,,1.0,,,,,,,,
CWRU_UNBAL,morphological,67,128,8,dog,8.0,8,,1.5,,,,,,,,
CWRU_UNBAL,morphological,68,128,1,dog,16.0,1,,0.5,,,,,,,,
CWRU_UNBAL,morphological,69,128,1,dog,16.0,1,,1.0,,,,,,,,
CWRU_UNBAL,morphological,70,128,1,dog,16.0,1,,1.5,,,,,,,,
CWRU_UNBAL,morphological,71,128,2,dog,16.0,2,,0.5,,,,,,,,
CWRU_UNBAL,morphological,72,128,2,dog,16.0,2,,1.0,,,,,,,,
CWRU_UNBAL,morphological,73,128,2,dog,16.0,2,,1.5,,,,,,,,
CWRU_UNBAL,morphological,74,128,4,dog,16.0,4,,0.5,,,,,,,,
CWRU_UNBAL,morphological,75,128,4,dog,16.0,4,,1.0,,,,,,,,
CWRU_UNBAL,morphological,76,128,4,dog,16.0,4,,1.5,,,,,,,,
CWRU_UNBAL,morphological,77,128,8,dog,16.0,8,,0.5,,,,,,,,
CWRU_UNBAL,morphological,78,128,8,dog,16.0,8,,1.0,,,,,,,,
CWRU_UNBAL,morphological,79,128,8,dog,16.0,8,,1.5,,,,,,,,
CWRU_UNBAL,morphological,80,9,1,gaussderiv,1.0,1,,,1,,,,,,,
CWRU_UNBAL,morphological,81,9,2,gaussderiv,1.0,2,,,1,,,,,,,
CWRU_UNBAL,morphological,82,9,4,gaussderiv,1.0,4,,,1,,,,,,,
CWRU_UNBAL,morphological,83,9,8,gaussderiv,1.0,8,,,1,,,,,,,
CWRU_UNBAL,morphological,84,17,1,gaussderiv,2.0,1,,,1,,,,,,,
CWRU_UNBAL,morphological,85,17,2,gaussderiv,2.0,2,,,1,,,,,,,
CWRU_UNBAL,morphological,86,17,4,gaussderiv,2.0,4,,,1,,,,,,,
CWRU_UNBAL,morphological,87,17,8,gaussderiv,2.0,8,,,1,,,,,,,
CWRU_UNBAL,morphological,88,33,1,gaussderiv,4.0,1,,,1,,,,,,,
CWRU_UNBAL,morphological,89,33,2,gaussderiv,4.0,2,,,1,,,,,,,
CWRU_UNBAL,morphological,90,33,4,gaussderiv,4.0,4,,,1,,,,,,,
CWRU_UNBAL,morphological,91,33,8,gaussderiv,4.0,8,,,1,,,,,,,
CWRU_UNBAL,morphological,92,65,1,gaussderiv,8.0,1,,,1,,,,,,,
CWRU_UNBAL,morphological,93,65,2,gaussderiv,8.0,2,,,1,,,,,,,
CWRU_UNBAL,morphological,94,65,4,gaussderiv,8.0,4,,,1,,,,,,,
CWRU_UNBAL,morphological,95,65,8,gaussderiv,8.0,8,,,1,,,,,,,
CWRU_UNBAL,morphological,96,128,1,gaussderiv,16.0,1,,,1,,,,,,,
CWRU_UNBAL,morphological,97,128,2,gaussderiv,16.0,2,,,1,,,,,,,
CWRU_UNBAL,morphological,98,128,4,gaussderiv,16.0,4,,,1,,,,,,,
CWRU_UNBAL,morphological,99,128,8,gaussderiv,16.0,8,,,1,,,,,,,
CWRU_UNBAL,morphological,100,9,1,gaussderiv,1.0,1,,,2,,,,,,,
CWRU_UNBAL,morphological,101,9,2,gaussderiv,1.0,2,,,2,,,,,,,
CWRU_UNBAL,morphological,102,9,4,gaussderiv,1.0,4,,,2,,,,,,,
CWRU_UNBAL,morphological,103,9,8,gaussderiv,1.0,8,,,2,,,,,,,
CWRU_UNBAL,morphological,104,17,1,gaussderiv,2.0,1,,,2,,,,,,,
CWRU_UNBAL,morphological,105,17,2,gaussderiv,2.0,2,,,2,,,,,,,
CWRU_UNBAL,morphological,106,17,4,gaussderiv,2.0,4,,,2,,,,,,,
CWRU_UNBAL,morphological,107,17,8,gaussderiv,2.0,8,,,2,,,,,,,
CWRU_UNBAL,morphological,108,33,1,gaussderiv,4.0,1,,,2,,,,,,,
CWRU_UNBAL,morphological,109,33,2,gaussderiv,4.0,2,,,2,,,,,,,
CWRU_UNBAL,morphological,110,33,4,gaussderiv,4.0,4,,,2,,,,,,,
CWRU_UNBAL,morphological,111,33,8,gaussderiv,4.0,8,,,2,,,,,,,
CWRU_UNBAL,morphological,112,65,1,gaussderiv,8.0,1,,,2,,,,,,,
CWRU_UNBAL,morphological,113,65,2,gaussderiv,8.0,2,,,2,,,,,,,
CWRU_UNBAL,morphological,114,65,4,gaussderiv,8.0,4,,,2,,,,,,,
CWRU_UNBAL,morphological,115,65,8,gaussderiv,8.0,8,,,2,,,,,,,
CWRU_UNBAL,morphological,116,128,1,gaussderiv,16.0,1,,,2,,,,,,,
CWRU_UNBAL,morphological,117,128,2,gaussderiv,16.0,2,,,2,,,,,,,
CWRU_UNBAL,morphological,118,128,4,gaussderiv,16.0,4,,,2,,,,,,,
CWRU_UNBAL,morphological,119,128,8,gaussderiv,16.0,8,,,2,,,,,,,
CWRU_UNBAL,derivative,0,3,1,deriv,,1,1.0,,1,,,,,,,
CWRU_UNBAL,derivative,1,3,2,deriv,,2,1.0,,1,,,,,,,
CWRU_UNBAL,derivative,2,3,4,deriv,,4,1.0,,1,,,,,,,
CWRU_UNBAL,derivative,3,3,8,deriv,,8,1.0,,1,,,,,,,
CWRU_UNBAL,derivative,4,3,16,deriv,,16,1.0,,1,,,,,,,
CWRU_UNBAL,derivative,5,3,32,deriv,,32,1.0,,1,,,,,,,
CWRU_UNBAL,derivative,6,3,64,deriv,,64,1.0,,1,,,,,,,
CWRU_UNBAL,derivative,7,3,128,deriv,,128,1.0,,1,,,,,,,
CWRU_UNBAL,derivative,8,3,1,deriv,,1,1.0,,2,,,,,,,
CWRU_UNBAL,derivative,9,3,2,deriv,,2,1.0,,2,,,,,,,
CWRU_UNBAL,derivative,10,3,4,deriv,,4,1.0,,2,,,,,,,
CWRU_UNBAL,derivative,11,3,8,deriv,,8,1.0,,2,,,,,,,
CWRU_UNBAL,derivative,12,3,16,deriv,,16,1.0,,2,,,,,,,
CWRU_UNBAL,derivative,13,3,32,deriv,,32,1.0,,2,,,,,,,
CWRU_UNBAL,derivative,14,3,64,deriv,,64,1.0,,2,,,,,,,
CWRU_UNBAL,derivative,15,3,128,deriv,,128,1.0,,2,,,,,,,
CWRU_UNBAL,wavelet,0,3,1,wavelet,,1,1.0,,,haar,1,,,,,
CWRU_UNBAL,wavelet,1,3,2,wavelet,,2,1.0,,,haar,1,,,,,
CWRU_UNBAL,wavelet,2,3,4,wavelet,,4,1.0,,,haar,1,,,,,
CWRU_UNBAL,wavelet,3,3,8,wavelet,,8,1.0,,,haar,1,,,,,
CWRU_UNBAL,wavelet,4,3,16,wavelet,,16,1.0,,,haar,1,,,,,
CWRU_UNBAL,wavelet,5,3,32,wavelet,,32,1.0,,,haar,1,,,,,
CWRU_UNBAL,wavelet,6,3,64,wavelet,,64,1.0,,,haar,1,,,,,
CWRU_UNBAL,wavelet,7,3,128,wavelet,,128,1.0,,,haar,1,,,,,
CWRU_UNBAL,wavelet,8,5,1,wavelet,,1,1.0,,,haar,2,,,,,
CWRU_UNBAL,wavelet,9,5,2,wavelet,,2,1.0,,,haar,2,,,,,
CWRU_UNBAL,wavelet,10,5,4,wavelet,,4,1.0,,,haar,2,,,,,
CWRU_UNBAL,wavelet,11,5,8,wavelet,,8,1.0,,,haar,2,,,,,
CWRU_UNBAL,wavelet,12,5,16,wavelet,,16,1.0,,,haar,2,,,,,
CWRU_UNBAL,wavelet,13,5,32,wavelet,,32,1.0,,,haar,2,,,,,
CWRU_UNBAL,wavelet,14,5,64,wavelet,,64,1.0,,,haar,2,,,,,
CWRU_UNBAL,wavelet,15,5,128,wavelet,,128,1.0,,,haar,2,,,,,
CWRU_UNBAL,wavelet,16,9,1,wavelet,,1,1.0,,,haar,4,,,,,
CWRU_UNBAL,wavelet,17,9,2,wavelet,,2,1.0,,,haar,4,,,,,
CWRU_UNBAL,wavelet,18,9,4,wavelet,,4,1.0,,,haar,4,,,,,
CWRU_UNBAL,wavelet,19,9,8,wavelet,,8,1.0,,,haar,4,,,,,
CWRU_UNBAL,wavelet,20,9,16,wavelet,,16,1.0,,,haar,4,,,,,
CWRU_UNBAL,wavelet,21,9,32,wavelet,,32,1.0,,,haar,4,,,,,
CWRU_UNBAL,wavelet,22,9,64,wavelet,,64,1.0,,,haar,4,,,,,
CWRU_UNBAL,wavelet,23,17,1,wavelet,,1,1.0,,,haar,8,,,,,
CWRU_UNBAL,wavelet,24,17,2,wavelet,,2,1.0,,,haar,8,,,,,
CWRU_UNBAL,wavelet,25,17,4,wavelet,,4,1.0,,,haar,8,,,,,
CWRU_UNBAL,wavelet,26,17,8,wavelet,,8,1.0,,,haar,8,,,,,
CWRU_UNBAL,wavelet,27,17,16,wavelet,,16,1.0,,,haar,8,,,,,
CWRU_UNBAL,wavelet,28,17,32,wavelet,,32,1.0,,,haar,8,,,,,
CWRU_UNBAL,wavelet,29,33,1,wavelet,,1,1.0,,,mexicanhat,1,,,,,
CWRU_UNBAL,wavelet,30,33,2,wavelet,,2,1.0,,,mexicanhat,1,,,,,
CWRU_UNBAL,wavelet,31,33,4,wavelet,,4,1.0,,,mexicanhat,1,,,,,
CWRU_UNBAL,wavelet,32,33,8,wavelet,,8,1.0,,,mexicanhat,1,,,,,
CWRU_UNBAL,wavelet,33,33,16,wavelet,,16,1.0,,,mexicanhat,1,,,,,
CWRU_UNBAL,wavelet,34,65,1,wavelet,,1,1.0,,,mexicanhat,2,,,,,
CWRU_UNBAL,wavelet,35,65,2,wavelet,,2,1.0,,,mexicanhat,2,,,,,
CWRU_UNBAL,wavelet,36,65,4,wavelet,,4,1.0,,,mexicanhat,2,,,,,
CWRU_UNBAL,wavelet,37,65,8,wavelet,,8,1.0,,,mexicanhat,2,,,,,
CWRU_UNBAL,wavelet,38,128,1,wavelet,,1,1.0,,,mexicanhat,4,,,,,
CWRU_UNBAL,wavelet,39,128,2,wavelet,,2,1.0,,,mexicanhat,4,,,,,
CWRU_UNBAL,wavelet,40,128,4,wavelet,,4,1.0,,,mexicanhat,4,,,,,
CWRU_UNBAL,wavelet,41,128,8,wavelet,,8,1.0,,,mexicanhat,4,,,,,
CWRU_UNBAL,wavelet,42,128,1,wavelet,,1,1.0,,,mexicanhat,8,,,,,
CWRU_UNBAL,wavelet,43,128,2,wavelet,,2,1.0,,,mexicanhat,8,,,,,
CWRU_UNBAL,wavelet,44,128,4,wavelet,,4,1.0,,,mexicanhat,8,,,,,
CWRU_UNBAL,wavelet,45,128,8,wavelet,,8,1.0,,,mexicanhat,8,,,,,
CWRU_UNBAL,wavelet,46,33,1,wavelet,,1,1.0,,,morlet,1,,,,,
CWRU_UNBAL,wavelet,47,33,2,wavelet,,2,1.0,,,morlet,1,,,,,
CWRU_UNBAL,wavelet,48,33,4,wavelet,,4,1.0,,,morlet,1,,,,,
CWRU_UNBAL,wavelet,49,33,8,wavelet,,8,1.0,,,morlet,1,,,,,
CWRU_UNBAL,wavelet,50,33,16,wavelet,,16,1.0,,,morlet,1,,,,,
CWRU_UNBAL,wavelet,51,33,1,wavelet,,1,1.0,,,morlet,2,,,,,
CWRU_UNBAL,wavelet,52,33,2,wavelet,,2,1.0,,,morlet,2,,,,,
CWRU_UNBAL,wavelet,53,33,4,wavelet,,4,1.0,,,morlet,2,,,,,
CWRU_UNBAL,wavelet,54,33,8,wavelet,,8,1.0,,,morlet,2,,,,,
CWRU_UNBAL,wavelet,55,33,16,wavelet,,16,1.0,,,morlet,2,,,,,
CWRU_UNBAL,wavelet,56,65,1,wavelet,,1,1.0,,,morlet,4,,,,,
CWRU_UNBAL,wavelet,57,65,2,wavelet,,2,1.0,,,morlet,4,,,,,
CWRU_UNBAL,wavelet,58,65,4,wavelet,,4,1.0,,,morlet,4,,,,,
CWRU_UNBAL,wavelet,59,65,8,wavelet,,8,1.0,,,morlet,4,,,,,
CWRU_UNBAL,wavelet,60,128,1,wavelet,,1,1.0,,,morlet,8,,,,,
CWRU_UNBAL,wavelet,61,128,2,wavelet,,2,1.0,,,morlet,8,,,,,
CWRU_UNBAL,wavelet,62,128,4,wavelet,,4,1.0,,,morlet,8,,,,,
CWRU_UNBAL,wavelet,63,128,8,wavelet,,8,1.0,,,morlet,8,,,,,
CWRU_UNBAL,gabor,0,49,1,gabor,2.0,1,,,,,,0.125,0.0,,,
CWRU_UNBAL,gabor,1,49,2,gabor,2.0,2,,,,,,0.125,0.0,,,
CWRU_UNBAL,gabor,2,49,4,gabor,2.0,4,,,,,,0.125,0.0,,,
CWRU_UNBAL,gabor,3,49,8,gabor,2.0,8,,,,,,0.125,0.0,,,
CWRU_UNBAL,gabor,4,49,1,gabor,2.0,1,,,,,,0.125,1.5707963267948966,,,
CWRU_UNBAL,gabor,5,49,2,gabor,2.0,2,,,,,,0.125,1.5707963267948966,,,
CWRU_UNBAL,gabor,6,49,4,gabor,2.0,4,,,,,,0.125,1.5707963267948966,,,
CWRU_UNBAL,gabor,7,49,8,gabor,2.0,8,,,,,,0.125,1.5707963267948966,,,
CWRU_UNBAL,gabor,8,49,1,gabor,2.0,1,,,,,,0.125,3.141592653589793,,,
CWRU_UNBAL,gabor,9,49,2,gabor,2.0,2,,,,,,0.125,3.141592653589793,,,
CWRU_UNBAL,gabor,10,49,4,gabor,2.0,4,,,,,,0.125,3.141592653589793,,,
CWRU_UNBAL,gabor,11,49,8,gabor,2.0,8,,,,,,0.125,3.141592653589793,,,
CWRU_UNBAL,gabor,12,49,1,gabor,2.0,1,,,,,,0.125,4.71238898038469,,,
CWRU_UNBAL,gabor,13,49,2,gabor,2.0,2,,,,,,0.125,4.71238898038469,,,
CWRU_UNBAL,gabor,14,49,4,gabor,2.0,4,,,,,,0.125,4.71238898038469,,,
CWRU_UNBAL,gabor,15,49,8,gabor,2.0,8,,,,,,0.125,4.71238898038469,,,
CWRU_UNBAL,gabor,16,97,1,gabor,4.0,1,,,,,,0.125,0.0,,,
CWRU_UNBAL,gabor,17,97,2,gabor,4.0,2,,,,,,0.125,0.0,,,
CWRU_UNBAL,gabor,18,97,4,gabor,4.0,4,,,,,,0.125,0.0,,,
CWRU_UNBAL,gabor,19,97,8,gabor,4.0,8,,,,,,0.125,0.0,,,
CWRU_UNBAL,gabor,20,97,1,gabor,4.0,1,,,,,,0.125,1.5707963267948966,,,
CWRU_UNBAL,gabor,21,97,2,gabor,4.0,2,,,,,,0.125,1.5707963267948966,,,
CWRU_UNBAL,gabor,22,97,4,gabor,4.0,4,,,,,,0.125,1.5707963267948966,,,
CWRU_UNBAL,gabor,23,97,8,gabor,4.0,8,,,,,,0.125,1.5707963267948966,,,
CWRU_UNBAL,gabor,24,97,1,gabor,4.0,1,,,,,,0.125,3.141592653589793,,,
CWRU_UNBAL,gabor,25,97,2,gabor,4.0,2,,,,,,0.125,3.141592653589793,,,
CWRU_UNBAL,gabor,26,97,4,gabor,4.0,4,,,,,,0.125,3.141592653589793,,,
CWRU_UNBAL,gabor,27,97,8,gabor,4.0,8,,,,,,0.125,3.141592653589793,,,
CWRU_UNBAL,gabor,28,97,1,gabor,4.0,1,,,,,,0.125,4.71238898038469,,,
CWRU_UNBAL,gabor,29,97,2,gabor,4.0,2,,,,,,0.125,4.71238898038469,,,
CWRU_UNBAL,gabor,30,97,4,gabor,4.0,4,,,,,,0.125,4.71238898038469,,,
CWRU_UNBAL,gabor,31,97,8,gabor,4.0,8,,,,,,0.125,4.71238898038469,,,
CWRU_UNBAL,gabor,32,128,1,gabor,8.0,1,,,,,,0.125,0.0,,,
CWRU_UNBAL,gabor,33,128,2,gabor,8.0,2,,,,,,0.125,0.0,,,
CWRU_UNBAL,gabor,34,128,4,gabor,8.0,4,,,,,,0.125,0.0,,,
CWRU_UNBAL,gabor,35,128,8,gabor,8.0,8,,,,,,0.125,0.0,,,
CWRU_UNBAL,gabor,36,128,1,gabor,8.0,1,,,,,,0.125,1.5707963267948966,,,
CWRU_UNBAL,gabor,37,128,2,gabor,8.0,2,,,,,,0.125,1.5707963267948966,,,
CWRU_UNBAL,gabor,38,128,4,gabor,8.0,4,,,,,,0.125,1.5707963267948966,,,
CWRU_UNBAL,gabor,39,128,8,gabor,8.0,8,,,,,,0.125,1.5707963267948966,,,
CWRU_UNBAL,gabor,40,128,1,gabor,8.0,1,,,,,,0.125,3.141592653589793,,,
CWRU_UNBAL,gabor,41,128,2,gabor,8.0,2,,,,,,0.125,3.141592653589793,,,
CWRU_UNBAL,gabor,42,128,4,gabor,8.0,4,,,,,,0.125,3.141592653589793,,,
CWRU_UNBAL,gabor,43,128,8,gabor,8.0,8,,,,,,0.125,3.141592653589793,,,
CWRU_UNBAL,gabor,44,128,1,gabor,8.0,1,,,,,,0.125,4.71238898038469,,,
CWRU_UNBAL,gabor,45,128,2,gabor,8.0,2,,,,,,0.125,4.71238898038469,,,
CWRU_UNBAL,gabor,46,128,4,gabor,8.0,4,,,,,,0.125,4.71238898038469,,,
CWRU_UNBAL,gabor,47,128,8,gabor,8.0,8,,,,,,0.125,4.71238898038469,,,
CWRU_UNBAL,gabor,48,128,1,gabor,16.0,1,,,,,,0.125,0.0,,,
CWRU_UNBAL,gabor,49,128,2,gabor,16.0,2,,,,,,0.125,0.0,,,
CWRU_UNBAL,gabor,50,128,4,gabor,16.0,4,,,,,,0.125,0.0,,,
CWRU_UNBAL,gabor,51,128,8,gabor,16.0,8,,,,,,0.125,0.0,,,
CWRU_UNBAL,gabor,52,128,1,gabor,16.0,1,,,,,,0.125,1.5707963267948966,,,
CWRU_UNBAL,gabor,53,128,2,gabor,16.0,2,,,,,,0.125,1.5707963267948966,,,
CWRU_UNBAL,gabor,54,128,4,gabor,16.0,4,,,,,,0.125,1.5707963267948966,,,
CWRU_UNBAL,gabor,55,128,8,gabor,16.0,8,,,,,,0.125,1.5707963267948966,,,
CWRU_UNBAL,gabor,56,128,1,gabor,16.0,1,,,,,,0.125,3.141592653589793,,,
CWRU_UNBAL,gabor,57,128,2,gabor,16.0,2,,,,,,0.125,3.141592653589793,,,
CWRU_UNBAL,gabor,58,128,4,gabor,16.0,4,,,,,,0.125,3.141592653589793,,,
CWRU_UNBAL,gabor,59,128,8,gabor,16.0,8,,,,,,0.125,3.141592653589793,,,
CWRU_UNBAL,gabor,60,128,1,gabor,16.0,1,,,,,,0.125,4.71238898038469,,,
CWRU_UNBAL,gabor,61,128,2,gabor,16.0,2,,,,,,0.125,4.71238898038469,,,
CWRU_UNBAL,gabor,62,128,4,gabor,16.0,4,,,,,,0.125,4.71238898038469,,,
CWRU_UNBAL,gabor,63,128,8,gabor,16.0,8,,,,,,0.125,4.71238898038469,,,
CWRU_UNBAL,gabor,64,49,1,gabor,2.0,1,,,,,,0.0625,0.0,,,
CWRU_UNBAL,gabor,65,49,2,gabor,2.0,2,,,,,,0.0625,0.0,,,
CWRU_UNBAL,gabor,66,49,4,gabor,2.0,4,,,,,,0.0625,0.0,,,
CWRU_UNBAL,gabor,67,49,8,gabor,2.0,8,,,,,,0.0625,0.0,,,
CWRU_UNBAL,gabor,68,49,1,gabor,2.0,1,,,,,,0.0625,1.5707963267948966,,,
CWRU_UNBAL,gabor,69,49,2,gabor,2.0,2,,,,,,0.0625,1.5707963267948966,,,
CWRU_UNBAL,gabor,70,49,4,gabor,2.0,4,,,,,,0.0625,1.5707963267948966,,,
CWRU_UNBAL,gabor,71,49,8,gabor,2.0,8,,,,,,0.0625,1.5707963267948966,,,
CWRU_UNBAL,gabor,72,49,1,gabor,2.0,1,,,,,,0.0625,3.141592653589793,,,
CWRU_UNBAL,gabor,73,49,2,gabor,2.0,2,,,,,,0.0625,3.141592653589793,,,
CWRU_UNBAL,gabor,74,49,4,gabor,2.0,4,,,,,,0.0625,3.141592653589793,,,
CWRU_UNBAL,gabor,75,49,8,gabor,2.0,8,,,,,,0.0625,3.141592653589793,,,
CWRU_UNBAL,gabor,76,49,1,gabor,2.0,1,,,,,,0.0625,4.71238898038469,,,
CWRU_UNBAL,gabor,77,49,2,gabor,2.0,2,,,,,,0.0625,4.71238898038469,,,
CWRU_UNBAL,gabor,78,49,4,gabor,2.0,4,,,,,,0.0625,4.71238898038469,,,
CWRU_UNBAL,gabor,79,49,8,gabor,2.0,8,,,,,,0.0625,4.71238898038469,,,
CWRU_UNBAL,gabor,80,97,1,gabor,4.0,1,,,,,,0.0625,0.0,,,
CWRU_UNBAL,gabor,81,97,2,gabor,4.0,2,,,,,,0.0625,0.0,,,
CWRU_UNBAL,gabor,82,97,4,gabor,4.0,4,,,,,,0.0625,0.0,,,
CWRU_UNBAL,gabor,83,97,8,gabor,4.0,8,,,,,,0.0625,0.0,,,
CWRU_UNBAL,gabor,84,97,1,gabor,4.0,1,,,,,,0.0625,1.5707963267948966,,,
CWRU_UNBAL,gabor,85,97,2,gabor,4.0,2,,,,,,0.0625,1.5707963267948966,,,
CWRU_UNBAL,gabor,86,97,4,gabor,4.0,4,,,,,,0.0625,1.5707963267948966,,,
CWRU_UNBAL,gabor,87,97,8,gabor,4.0,8,,,,,,0.0625,1.5707963267948966,,,
CWRU_UNBAL,gabor,88,97,1,gabor,4.0,1,,,,,,0.0625,3.141592653589793,,,
CWRU_UNBAL,gabor,89,97,2,gabor,4.0,2,,,,,,0.0625,3.141592653589793,,,
CWRU_UNBAL,gabor,90,97,4,gabor,4.0,4,,,,,,0.0625,3.141592653589793,,,
CWRU_UNBAL,gabor,91,97,8,gabor,4.0,8,,,,,,0.0625,3.141592653589793,,,
CWRU_UNBAL,gabor,92,97,1,gabor,4.0,1,,,,,,0.0625,4.71238898038469,,,
CWRU_UNBAL,gabor,93,97,2,gabor,4.0,2,,,,,,0.0625,4.71238898038469,,,
CWRU_UNBAL,gabor,94,97,4,gabor,4.0,4,,,,,,0.0625,4.71238898038469,,,
CWRU_UNBAL,gabor,95,97,8,gabor,4.0,8,,,,,,0.0625,4.71238898038469,,,
CWRU_UNBAL,gabor,96,128,1,gabor,8.0,1,,,,,,0.0625,0.0,,,
CWRU_UNBAL,gabor,97,128,2,gabor,8.0,2,,,,,,0.0625,0.0,,,
CWRU_UNBAL,gabor,98,128,4,gabor,8.0,4,,,,,,0.0625,0.0,,,
CWRU_UNBAL,gabor,99,128,8,gabor,8.0,8,,,,,,0.0625,0.0,,,
CWRU_UNBAL,gabor,100,128,1,gabor,8.0,1,,,,,,0.0625,1.5707963267948966,,,
CWRU_UNBAL,gabor,101,128,2,gabor,8.0,2,,,,,,0.0625,1.5707963267948966,,,
CWRU_UNBAL,gabor,102,128,4,gabor,8.0,4,,,,,,0.0625,1.5707963267948966,,,
CWRU_UNBAL,gabor,103,128,8,gabor,8.0,8,,,,,,0.0625,1.5707963267948966,,,
CWRU_UNBAL,gabor,104,128,1,gabor,8.0,1,,,,,,0.0625,3.141592653589793,,,
CWRU_UNBAL,gabor,105,128,2,gabor,8.0,2,,,,,,0.0625,3.141592653589793,,,
CWRU_UNBAL,gabor,106,128,4,gabor,8.0,4,,,,,,0.0625,3.141592653589793,,,
CWRU_UNBAL,gabor,107,128,8,gabor,8.0,8,,,,,,0.0625,3.141592653589793,,,
CWRU_UNBAL,gabor,108,128,1,gabor,8.0,1,,,,,,0.0625,4.71238898038469,,,
CWRU_UNBAL,gabor,109,128,2,gabor,8.0,2,,,,,,0.0625,4.71238898038469,,,
CWRU_UNBAL,gabor,110,128,4,gabor,8.0,4,,,,,,0.0625,4.71238898038469,,,
CWRU_UNBAL,gabor,111,128,8,gabor,8.0,8,,,,,,0.0625,4.71238898038469,,,
CWRU_UNBAL,gabor,112,128,1,gabor,16.0,1,,,,,,0.0625,0.0,,,
CWRU_UNBAL,gabor,113,128,2,gabor,16.0,2,,,,,,0.0625,0.0,,,
CWRU_UNBAL,gabor,114,128,4,gabor,16.0,4,,,,,,0.0625,0.0,,,
CWRU_UNBAL,gabor,115,128,8,gabor,16.0,8,,,,,,0.0625,0.0,,,
CWRU_UNBAL,gabor,116,128,1,gabor,16.0,1,,,,,,0.0625,1.5707963267948966,,,
CWRU_UNBAL,gabor,117,128,2,gabor,16.0,2,,,,,,0.0625,1.5707963267948966,,,
CWRU_UNBAL,gabor,118,128,4,gabor,16.0,4,,,,,,0.0625,1.5707963267948966,,,
CWRU_UNBAL,gabor,119,128,8,gabor,16.0,8,,,,,,0.0625,1.5707963267948966,,,
CWRU_UNBAL,gabor,120,128,1,gabor,16.0,1,,,,,,0.0625,3.141592653589793,,,
CWRU_UNBAL,gabor,121,128,2,gabor,16.0,2,,,,,,0.0625,3.141592653589793,,,
CWRU_UNBAL,gabor,122,128,4,gabor,16.0,4,,,,,,0.0625,3.141592653589793,,,
CWRU_UNBAL,gabor,123,128,8,gabor,16.0,8,,,,,,0.0625,3.141592653589793,,,
CWRU_UNBAL,gabor,124,128,1,gabor,16.0,1,,,,,,0.0625,4.71238898038469,,,
CWRU_UNBAL,gabor,125,128,2,gabor,16.0,2,,,,,,0.0625,4.71238898038469,,,
CWRU_UNBAL,gabor,126,128,4,gabor,16.0,4,,,,,,0.0625,4.71238898038469,,,
CWRU_UNBAL,gabor,127,128,8,gabor,16.0,8,,,,,,0.0625,4.71238898038469,,,
CWRU_UNBAL,gabor,128,49,1,gabor,2.0,1,,,,,,0.03125,0.0,,,
CWRU_UNBAL,gabor,129,49,2,gabor,2.0,2,,,,,,0.03125,0.0,,,
CWRU_UNBAL,gabor,130,49,4,gabor,2.0,4,,,,,,0.03125,0.0,,,
CWRU_UNBAL,gabor,131,49,8,gabor,2.0,8,,,,,,0.03125,0.0,,,
CWRU_UNBAL,gabor,132,49,1,gabor,2.0,1,,,,,,0.03125,1.5707963267948966,,,
CWRU_UNBAL,gabor,133,49,2,gabor,2.0,2,,,,,,0.03125,1.5707963267948966,,,
CWRU_UNBAL,gabor,134,49,4,gabor,2.0,4,,,,,,0.03125,1.5707963267948966,,,
CWRU_UNBAL,gabor,135,49,8,gabor,2.0,8,,,,,,0.03125,1.5707963267948966,,,
CWRU_UNBAL,gabor,136,49,1,gabor,2.0,1,,,,,,0.03125,3.141592653589793,,,
CWRU_UNBAL,gabor,137,49,2,gabor,2.0,2,,,,,,0.03125,3.141592653589793,,,
CWRU_UNBAL,gabor,138,49,4,gabor,2.0,4,,,,,,0.03125,3.141592653589793,,,
CWRU_UNBAL,gabor,139,49,8,gabor,2.0,8,,,,,,0.03125,3.141592653589793,,,
CWRU_UNBAL,gabor,140,49,1,gabor,2.0,1,,,,,,0.03125,4.71238898038469,,,
CWRU_UNBAL,gabor,141,49,2,gabor,2.0,2,,,,,,0.03125,4.71238898038469,,,
CWRU_UNBAL,gabor,142,49,4,gabor,2.0,4,,,,,,0.03125,4.71238898038469,,,
CWRU_UNBAL,gabor,143,49,8,gabor,2.0,8,,,,,,0.03125,4.71238898038469,,,
CWRU_UNBAL,gabor,144,97,1,gabor,4.0,1,,,,,,0.03125,0.0,,,
CWRU_UNBAL,gabor,145,97,2,gabor,4.0,2,,,,,,0.03125,0.0,,,
CWRU_UNBAL,gabor,146,97,4,gabor,4.0,4,,,,,,0.03125,0.0,,,
CWRU_UNBAL,gabor,147,97,8,gabor,4.0,8,,,,,,0.03125,0.0,,,
CWRU_UNBAL,gabor,148,97,1,gabor,4.0,1,,,,,,0.03125,1.5707963267948966,,,
CWRU_UNBAL,gabor,149,97,2,gabor,4.0,2,,,,,,0.03125,1.5707963267948966,,,
CWRU_UNBAL,gabor,150,97,4,gabor,4.0,4,,,,,,0.03125,1.5707963267948966,,,
CWRU_UNBAL,gabor,151,97,8,gabor,4.0,8,,,,,,0.03125,1.5707963267948966,,,
CWRU_UNBAL,gabor,152,97,1,gabor,4.0,1,,,,,,0.03125,3.141592653589793,,,
CWRU_UNBAL,gabor,153,97,2,gabor,4.0,2,,,,,,0.03125,3.141592653589793,,,
CWRU_UNBAL,gabor,154,97,4,gabor,4.0,4,,,,,,0.03125,3.141592653589793,,,
CWRU_UNBAL,gabor,155,97,8,gabor,4.0,8,,,,,,0.03125,3.141592653589793,,,
CWRU_UNBAL,gabor,156,97,1,gabor,4.0,1,,,,,,0.03125,4.71238898038469,,,
CWRU_UNBAL,gabor,157,97,2,gabor,4.0,2,,,,,,0.03125,4.71238898038469,,,
CWRU_UNBAL,gabor,158,97,4,gabor,4.0,4,,,,,,0.03125,4.71238898038469,,,
CWRU_UNBAL,gabor,159,97,8,gabor,4.0,8,,,,,,0.03125,4.71238898038469,,,
CWRU_UNBAL,gabor,160,128,1,gabor,8.0,1,,,,,,0.03125,0.0,,,
CWRU_UNBAL,gabor,161,128,2,gabor,8.0,2,,,,,,0.03125,0.0,,,
CWRU_UNBAL,gabor,162,128,4,gabor,8.0,4,,,,,,0.03125,0.0,,,
CWRU_UNBAL,gabor,163,128,8,gabor,8.0,8,,,,,,0.03125,0.0,,,
CWRU_UNBAL,gabor,164,128,1,gabor,8.0,1,,,,,,0.03125,1.5707963267948966,,,
CWRU_UNBAL,gabor,165,128,2,gabor,8.0,2,,,,,,0.03125,1.5707963267948966,,,
CWRU_UNBAL,gabor,166,128,4,gabor,8.0,4,,,,,,0.03125,1.5707963267948966,,,
CWRU_UNBAL,gabor,167,128,8,gabor,8.0,8,,,,,,0.03125,1.5707963267948966,,,
CWRU_UNBAL,gabor,168,128,1,gabor,8.0,1,,,,,,0.03125,3.141592653589793,,,
CWRU_UNBAL,gabor,169,128,2,gabor,8.0,2,,,,,,0.03125,3.141592653589793,,,
CWRU_UNBAL,gabor,170,128,4,gabor,8.0,4,,,,,,0.03125,3.141592653589793,,,
CWRU_UNBAL,gabor,171,128,8,gabor,8.0,8,,,,,,0.03125,3.141592653589793,,,
CWRU_UNBAL,gabor,172,128,1,gabor,8.0,1,,,,,,0.03125,4.71238898038469,,,
CWRU_UNBAL,gabor,173,128,2,gabor,8.0,2,,,,,,0.03125,4.71238898038469,,,
CWRU_UNBAL,gabor,174,128,4,gabor,8.0,4,,,,,,0.03125,4.71238898038469,,,
CWRU_UNBAL,gabor,175,128,8,gabor,8.0,8,,,,,,0.03125,4.71238898038469,,,
CWRU_UNBAL,gabor,176,128,1,gabor,16.0,1,,,,,,0.03125,0.0,,,
CWRU_UNBAL,gabor,177,128,2,gabor,16.0,2,,,,,,0.03125,0.0,,,
CWRU_UNBAL,gabor,178,128,4,gabor,16.0,4,,,,,,0.03125,0.0,,,
CWRU_UNBAL,gabor,179,128,8,gabor,16.0,8,,,,,,0.03125,0.0,,,
CWRU_UNBAL,gabor,180,128,1,gabor,16.0,1,,,,,,0.03125,1.5707963267948966,,,
CWRU_UNBAL,gabor,181,128,2,gabor,16.0,2,,,,,,0.03125,1.5707963267948966,,,
CWRU_UNBAL,gabor,182,128,4,gabor,16.0,4,,,,,,0.03125,1.5707963267948966,,,
CWRU_UNBAL,gabor,183,128,8,gabor,16.0,8,,,,,,0.03125,1.5707963267948966,,,
CWRU_UNBAL,gabor,184,128,1,gabor,16.0,1,,,,,,0.03125,3.141592653589793,,,
CWRU_UNBAL,gabor,185,128,2,gabor,16.0,2,,,,,,0.03125,3.141592653589793,,,
CWRU_UNBAL,gabor,186,128,4,gabor,16.0,4,,,,,,0.03125,3.141592653589793,,,
CWRU_UNBAL,gabor,187,128,8,gabor,16.0,8,,,,,,0.03125,3.141592653589793,,,
CWRU_UNBAL,gabor,188,128,1,gabor,16.0,1,,,,,,0.03125,4.71238898038469,,,
CWRU_UNBAL,gabor,189,128,2,gabor,16.0,2,,,,,,0.03125,4.71238898038469,,,
CWRU_UNBAL,gabor,190,128,4,gabor,16.0,4,,,,,,0.03125,4.71238898038469,,,
CWRU_UNBAL,gabor,191,128,8,gabor,16.0,8,,,,,,0.03125,4.71238898038469,,,
CWRU_UNBAL,energy,0,4,1,energy,,,,,,,,,,4,16,0.0
CWRU_UNBAL,energy,1,4,1,energy,,,,,,,,,,4,16,0.5
CWRU_UNBAL,energy,2,4,1,energy,,,,,,,,,,4,16,1.0
CWRU_UNBAL,energy,3,8,1,energy,,,,,,,,,,8,32,0.0
CWRU_UNBAL,energy,4,8,1,energy,,,,,,,,,,8,32,0.5
CWRU_UNBAL,energy,5,8,1,energy,,,,,,,,,,8,32,1.0
CWRU_UNBAL,energy,6,16,1,energy,,,,,,,,,,16,64,0.0
CWRU_UNBAL,energy,7,16,1,energy,,,,,,,,,,16,64,0.5
CWRU_UNBAL,energy,8,16,1,energy,,,,,,,,,,16,64,1.0
CWRU_UNBAL,energy,9,32,1,energy,,,,,,,,,,32,128,0.0
CWRU_UNBAL,energy,10,32,1,energy,,,,,,,,,,32,128,0.5
CWRU_UNBAL,energy,11,32,1,energy,,,,,,,,,,32,128,1.0
CWRU_BAL,morphological,0,9,1,gauss,1.0,1,1.0,,,,,,,,,
CWRU_BAL,morphological,1,9,2,gauss,1.0,2,1.0,,,,,,,,,
CWRU_BAL,morphological,2,9,4,gauss,1.0,4,1.0,,,,,,,,,
CWRU_BAL,morphological,3,9,8,gauss,1.0,8,1.0,,,,,,,,,
CWRU_BAL,morphological,4,17,1,gauss,2.0,1,1.0,,,,,,,,,
CWRU_BAL,morphological,5,17,2,gauss,2.0,2,1.0,,,,,,,,,
CWRU_BAL,morphological,6,17,4,gauss,2.0,4,1.0,,,,,,,,,
CWRU_BAL,morphological,7,17,8,gauss,2.0,8,1.0,,,,,,,,,
CWRU_BAL,morphological,8,33,1,gauss,4.0,1,1.0,,,,,,,,,
CWRU_BAL,morphological,9,33,2,gauss,4.0,2,1.0,,,,,,,,,
CWRU_BAL,morphological,10,33,4,gauss,4.0,4,1.0,,,,,,,,,
CWRU_BAL,morphological,11,33,8,gauss,4.0,8,1.0,,,,,,,,,
CWRU_BAL,morphological,12,65,1,gauss,8.0,1,1.0,,,,,,,,,
CWRU_BAL,morphological,13,65,2,gauss,8.0,2,1.0,,,,,,,,,
CWRU_BAL,morphological,14,65,4,gauss,8.0,4,1.0,,,,,,,,,
CWRU_BAL,morphological,15,65,8,gauss,8.0,8,1.0,,,,,,,,,
CWRU_BAL,morphological,16,128,1,gauss,16.0,1,1.0,,,,,,,,,
CWRU_BAL,morphological,17,128,2,gauss,16.0,2,1.0,,,,,,,,,
CWRU_BAL,morphological,18,128,4,gauss,16.0,4,1.0,,,,,,,,,
CWRU_BAL,morphological,19,128,8,gauss,16.0,8,1.0,,,,,,,,,
CWRU_BAL,morphological,20,17,1,dog,1.0,1,,0.5,,,,,,,,
CWRU_BAL,morphological,21,17,1,dog,1.0,1,,1.0,,,,,,,,
CWRU_BAL,morphological,22,17,1,dog,1.0,1,,1.5,,,,,,,,
CWRU_BAL,morphological,23,17,2,dog,1.0,2,,0.5,,,,,,,,
CWRU_BAL,morphological,24,17,2,dog,1.0,2,,1.0,,,,,,,,
CWRU_BAL,morphological,25,17,2,dog,1.0,2,,1.5,,,,,,,,
CWRU_BAL,morphological,26,17,4,dog,1.0,4,,0.5,,,,,,,,
CWRU_BAL,morphological,27,17,4,dog,1.0,4,,1.0,,,,,,,,
CWRU_BAL,morphological,28,17,4,dog,1.0,4,,1.5,,,,,,,,
CWRU_BAL,morphological,29,17,8,dog,1.0,8,,0.5,,,,,,,,
CWRU_BAL,morphological,30,17,8,dog,1.0,8,,1.0,,,,,,,,
CWRU_BAL,morphological,31,17,8,dog,1.0,8,,1.5,,,,,,,,
CWRU_BAL,morphological,32,33,1,dog,2.0,1,,0.5,,,,,,,,
CWRU_BAL,morphological,33,33,1,dog,2.0,1,,1.0,,,,,,,,
CWRU_BAL,morphological,34,33,1,dog,2.0,1,,1.5,,,,,,,,
CWRU_BAL,morphological,35,33,2,dog,2.0,2,,0.5,,,,,,,,
CWRU_BAL,morphological,36,33,2,dog,2.0,2,,1.0,,,,,,,,
CWRU_BAL,morphological,37,33,2,dog,2.0,2,,1.5,,,,,,,,
CWRU_BAL,morphological,38,33,4,dog,2.0,4,,0.5,,,,,,,,
CWRU_BAL,morphological,39,33,4,dog,2.0,4,,1.0,,,,,,,,
CWRU_BAL,morphological,40,33,4,dog,2.0,4,,1.5,,,,,,,,
CWRU_BAL,morphological,41,33,8,dog,2.0,8,,0.5,,,,,,,,
CWRU_BAL,morphological,42,33,8,dog,2.0,8,,1.0,,,,,,,,
CWRU_BAL,morphological,43,33,8,dog,2.0,8,,1.5,,,,,,,,
CWRU_BAL,morphological,44,65,1,dog,4.0,1,,0.5,,,,,,,,
CWRU_BAL,morphological,45,65,1,dog,4.0,1,,1.0,,,,,,,,
CWRU_BAL,morphological,46,65,1,dog,4.0,1,,1.5,,,,,,,,
CWRU_BAL,morphological,47,65,2,dog,4.0,2,,0.5,,,,,,,,
CWRU_BAL,morphological,48,65,2,dog,4.0,2,,1.0,,,,,,,,
CWRU_BAL,morphological,49,65,2,dog,4.0,2,,1.5,,,,,,,,
CWRU_BAL,morphological,50,65,4,dog,4.0,4,,0.5,,,,,,,,
CWRU_BAL,morphological,51,65,4,dog,4.0,4,,1.0,,,,,,,,
CWRU_BAL,morphological,52,65,4,dog,4.0,4,,1.5,,,,,,,,
CWRU_BAL,morphological,53,65,8,dog,4.0,8,,0.5,,,,,,,,
CWRU_BAL,morphological,54,65,8,dog,4.0,8,,1.0,,,,,,,,
CWRU_BAL,morphological,55,65,8,dog,4.0,8,,1.5,,,,,,,,
CWRU_BAL,morphological,56,128,1,dog,8.0,1,,0.5,,,,,,,,
CWRU_BAL,morphological,57,128,1,dog,8.0,1,,1.0,,,,,,,,
CWRU_BAL,morphological,58,128,1,dog,8.0,1,,1.5,,,,,,,,
CWRU_BAL,morphological,59,128,2,dog,8.0,2,,0.5,,,,,,,,
CWRU_BAL,morphological,60,128,2,dog,8.0,2,,1.0,,,,,,,,
CWRU_BAL,morphological,61,128,2,dog,8.0,2,,1.5,,,,,,,,
CWRU_BAL,morphological,62,128,4,dog,8.0,4,,0.5,,,,,,,,
CWRU_BAL,morphological,63,128,4,dog,8.0,4,,1.0,,,,,,,,
CWRU_BAL,morphological,64,128,4,dog,8.0,4,,1.5,,,,,,,,
CWRU_BAL,morphological,65,128,8,dog,8.0,8,,0.5,,,,,,,,
CWRU_BAL,morphological,66,128,8,dog,8.0,8,,1.0,,,,,,,,
CWRU_BAL,morphological,67,128,8,dog,8.0,8,,1.5,,,,,,,,
CWRU_BAL,morphological,68,128,1,dog,16.0,1,,0.5,,,,,,,,
CWRU_BAL,morphological,69,128,1,dog,16.0,1,,1.0,,,,,,,,
CWRU_BAL,morphological,70,128,1,dog,16.0,1,,1.5,,,,,,,,
CWRU_BAL,morphological,71,128,2,dog,16.0,2,,0.5,,,,,,,,
CWRU_BAL,morphological,72,128,2,dog,16.0,2,,1.0,,,,,,,,
CWRU_BAL,morphological,73,128,2,dog,16.0,2,,1.5,,,,,,,,
CWRU_BAL,morphological,74,128,4,dog,16.0,4,,0.5,,,,,,,,
CWRU_BAL,morphological,75,128,4,dog,16.0,4,,1.0,,,,,,,,
CWRU_BAL,morphological,76,128,4,dog,16.0,4,,1.5,,,,,,,,
CWRU_BAL,morphological,77,128,8,dog,16.0,8,,0.5,,,,,,,,
CWRU_BAL,morphological,78,128,8,dog,16.0,8,,1.0,,,,,,,,
CWRU_BAL,morphological,79,128,8,dog,16.0,8,,1.5,,,,,,,,
CWRU_BAL,morphological,80,9,1,gaussderiv,1.0,1,,,1,,,,,,,
CWRU_BAL,morphological,81,9,2,gaussderiv,1.0,2,,,1,,,,,,,
CWRU_BAL,morphological,82,9,4,gaussderiv,1.0,4,,,1,,,,,,,
CWRU_BAL,morphological,83,9,8,gaussderiv,1.0,8,,,1,,,,,,,
CWRU_BAL,morphological,84,17,1,gaussderiv,2.0,1,,,1,,,,,,,
CWRU_BAL,morphological,85,17,2,gaussderiv,2.0,2,,,1,,,,,,,
CWRU_BAL,morphological,86,17,4,gaussderiv,2.0,4,,,1,,,,,,,
CWRU_BAL,morphological,87,17,8,gaussderiv,2.0,8,,,1,,,,,,,
CWRU_BAL,morphological,88,33,1,gaussderiv,4.0,1,,,1,,,,,,,
CWRU_BAL,morphological,89,33,2,gaussderiv,4.0,2,,,1,,,,,,,
CWRU_BAL,morphological,90,33,4,gaussderiv,4.0,4,,,1,,,,,,,
CWRU_BAL,morphological,91,33,8,gaussderiv,4.0,8,,,1,,,,,,,
CWRU_BAL,morphological,92,65,1,gaussderiv,8.0,1,,,1,,,,,,,
CWRU_BAL,morphological,93,65,2,gaussderiv,8.0,2,,,1,,,,,,,
CWRU_BAL,morphological,94,65,4,gaussderiv,8.0,4,,,1,,,,,,,
CWRU_BAL,morphological,95,65,8,gaussderiv,8.0,8,,,1,,,,,,,
CWRU_BAL,morphological,96,128,1,gaussderiv,16.0,1,,,1,,,,,,,
CWRU_BAL,morphological,97,128,2,gaussderiv,16.0,2,,,1,,,,,,,
CWRU_BAL,morphological,98,128,4,gaussderiv,16.0,4,,,1,,,,,,,
CWRU_BAL,morphological,99,128,8,gaussderiv,16.0,8,,,1,,,,,,,
CWRU_BAL,morphological,100,9,1,gaussderiv,1.0,1,,,2,,,,,,,
CWRU_BAL,morphological,101,9,2,gaussderiv,1.0,2,,,2,,,,,,,
CWRU_BAL,morphological,102,9,4,gaussderiv,1.0,4,,,2,,,,,,,
CWRU_BAL,morphological,103,9,8,gaussderiv,1.0,8,,,2,,,,,,,
CWRU_BAL,morphological,104,17,1,gaussderiv,2.0,1,,,2,,,,,,,
CWRU_BAL,morphological,105,17,2,gaussderiv,2.0,2,,,2,,,,,,,
CWRU_BAL,morphological,106,17,4,gaussderiv,2.0,4,,,2,,,,,,,
CWRU_BAL,morphological,107,17,8,gaussderiv,2.0,8,,,2,,,,,,,
CWRU_BAL,morphological,108,33,1,gaussderiv,4.0,1,,,2,,,,,,,
CWRU_BAL,morphological,109,33,2,gaussderiv,4.0,2,,,2,,,,,,,
CWRU_BAL,morphological,110,33,4,gaussderiv,4.0,4,,,2,,,,,,,
CWRU_BAL,morphological,111,33,8,gaussderiv,4.0,8,,,2,,,,,,,
CWRU_BAL,morphological,112,65,1,gaussderiv,8.0,1,,,2,,,,,,,
CWRU_BAL,morphological,113,65,2,gaussderiv,8.0,2,,,2,,,,,,,
CWRU_BAL,morphological,114,65,4,gaussderiv,8.0,4,,,2,,,,,,,
CWRU_BAL,morphological,115,65,8,gaussderiv,8.0,8,,,2,,,,,,,
CWRU_BAL,morphological,116,128,1,gaussderiv,16.0,1,,,2,,,,,,,
CWRU_BAL,morphological,117,128,2,gaussderiv,16.0,2,,,2,,,,,,,
CWRU_BAL,morphological,118,128,4,gaussderiv,16.0,4,,,2,,,,,,,
CWRU_BAL,morphological,119,128,8,gaussderiv,16.0,8,,,2,,,,,,,
CWRU_BAL,derivative,0,3,1,deriv,,1,1.0,,1,,,,,,,
CWRU_BAL,derivative,1,3,2,deriv,,2,1.0,,1,,,,,,,
CWRU_BAL,derivative,2,3,4,deriv,,4,1.0,,1,,,,,,,
CWRU_BAL,derivative,3,3,8,deriv,,8,1.0,,1,,,,,,,
CWRU_BAL,derivative,4,3,16,deriv,,16,1.0,,1,,,,,,,
CWRU_BAL,derivative,5,3,32,deriv,,32,1.0,,1,,,,,,,
CWRU_BAL,derivative,6,3,64,deriv,,64,1.0,,1,,,,,,,
CWRU_BAL,derivative,7,3,128,deriv,,128,1.0,,1,,,,,,,
CWRU_BAL,derivative,8,3,1,deriv,,1,1.0,,2,,,,,,,
CWRU_BAL,derivative,9,3,2,deriv,,2,1.0,,2,,,,,,,
CWRU_BAL,derivative,10,3,4,deriv,,4,1.0,,2,,,,,,,
CWRU_BAL,derivative,11,3,8,deriv,,8,1.0,,2,,,,,,,
CWRU_BAL,derivative,12,3,16,deriv,,16,1.0,,2,,,,,,,
CWRU_BAL,derivative,13,3,32,deriv,,32,1.0,,2,,,,,,,
CWRU_BAL,derivative,14,3,64,deriv,,64,1.0,,2,,,,,,,
CWRU_BAL,derivative,15,3,128,deriv,,128,1.0,,2,,,,,,,
CWRU_BAL,wavelet,0,3,1,wavelet,,1,1.0,,,haar,1,,,,,
CWRU_BAL,wavelet,1,3,2,wavelet,,2,1.0,,,haar,1,,,,,
CWRU_BAL,wavelet,2,3,4,wavelet,,4,1.0,,,haar,1,,,,,
CWRU_BAL,wavelet,3,3,8,wavelet,,8,1.0,,,haar,1,,,,,
CWRU_BAL,wavelet,4,3,16,wavelet,,16,1.0,,,haar,1,,,,,
CWRU_BAL,wavelet,5,3,32,wavelet,,32,1.0,,,haar,1,,,,,
CWRU_BAL,wavelet,6,3,64,wavelet,,64,1.0,,,haar,1,,,,,
CWRU_BAL,wavelet,7,3,128,wavelet,,128,1.0,,,haar,1,,,,,
CWRU_BAL,wavelet,8,5,1,wavelet,,1,1.0,,,haar,2,,,,,
CWRU_BAL,wavelet,9,5,2,wavelet,,2,1.0,,,haar,2,,,,,
CWRU_BAL,wavelet,10,5,4,wavelet,,4,1.0,,,haar,2,,,,,
CWRU_BAL,wavelet,11,5,8,wavelet,,8,1.0,,,haar,2,,,,,
CWRU_BAL,wavelet,12,5,16,wavelet,,16,1.0,,,haar,2,,,,,
CWRU_BAL,wavelet,13,5,32,wavelet,,32,1.0,,,haar,2,,,,,
CWRU_BAL,wavelet,14,5,64,wavelet,,64,1.0,,,haar,2,,,,,
CWRU_BAL,wavelet,15,5,128,wavelet,,128,1.0,,,haar,2,,,,,
CWRU_BAL,wavelet,16,9,1,wavelet,,1,1.0,,,haar,4,,,,,
CWRU_BAL,wavelet,17,9,2,wavelet,,2,1.0,,,haar,4,,,,,
CWRU_BAL,wavelet,18,9,4,wavelet,,4,1.0,,,haar,4,,,,,
CWRU_BAL,wavelet,19,9,8,wavelet,,8,1.0,,,haar,4,,,,,
CWRU_BAL,wavelet,20,9,16,wavelet,,16,1.0,,,haar,4,,,,,
CWRU_BAL,wavelet,21,9,32,wavelet,,32,1.0,,,haar,4,,,,,
CWRU_BAL,wavelet,22,9,64,wavelet,,64,1.0,,,haar,4,,,,,
CWRU_BAL,wavelet,23,17,1,wavelet,,1,1.0,,,haar,8,,,,,
CWRU_BAL,wavelet,24,17,2,wavelet,,2,1.0,,,haar,8,,,,,
CWRU_BAL,wavelet,25,17,4,wavelet,,4,1.0,,,haar,8,,,,,
CWRU_BAL,wavelet,26,17,8,wavelet,,8,1.0,,,haar,8,,,,,
CWRU_BAL,wavelet,27,17,16,wavelet,,16,1.0,,,haar,8,,,,,
CWRU_BAL,wavelet,28,17,32,wavelet,,32,1.0,,,haar,8,,,,,
CWRU_BAL,wavelet,29,33,1,wavelet,,1,1.0,,,mexicanhat,1,,,,,
CWRU_BAL,wavelet,30,33,2,wavelet,,2,1.0,,,mexicanhat,1,,,,,
CWRU_BAL,wavelet,31,33,4,wavelet,,4,1.0,,,mexicanhat,1,,,,,
CWRU_BAL,wavelet,32,33,8,wavelet,,8,1.0,,,mexicanhat,1,,,,,
CWRU_BAL,wavelet,33,33,16,wavelet,,16,1.0,,,mexicanhat,1,,,,,
CWRU_BAL,wavelet,34,65,1,wavelet,,1,1.0,,,mexicanhat,2,,,,,
CWRU_BAL,wavelet,35,65,2,wavelet,,2,1.0,,,mexicanhat,2,,,,,
CWRU_BAL,wavelet,36,65,4,wavelet,,4,1.0,,,mexicanhat,2,,,,,
CWRU_BAL,wavelet,37,65,8,wavelet,,8,1.0,,,mexicanhat,2,,,,,
CWRU_BAL,wavelet,38,128,1,wavelet,,1,1.0,,,mexicanhat,4,,,,,
CWRU_BAL,wavelet,39,128,2,wavelet,,2,1.0,,,mexicanhat,4,,,,,
CWRU_BAL,wavelet,40,128,4,wavelet,,4,1.0,,,mexicanhat,4,,,,,
CWRU_BAL,wavelet,41,128,8,wavelet,,8,1.0,,,mexicanhat,4,,,,,
CWRU_BAL,wavelet,42,128,1,wavelet,,1,1.0,,,mexicanhat,8,,,,,
CWRU_BAL,wavelet,43,128,2,wavelet,,2,1.0,,,mexicanhat,8,,,,,
CWRU_BAL,wavelet,44,128,4,wavelet,,4,1.0,,,mexicanhat,8,,,,,
CWRU_BAL,wavelet,45,128,8,wavelet,,8,1.0,,,mexicanhat,8,,,,,
CWRU_BAL,wavelet,46,33,1,wavelet,,1,1.0,,,morlet,1,,,,,
CWRU_BAL,wavelet,47,33,2,wavelet,,2,1.0,,,morlet,1,,,,,
CWRU_BAL,wavelet,48,33,4,wavelet,,4,1.0,,,morlet,1,,,,,
CWRU_BAL,wavelet,49,33,8,wavelet,,8,1.0,,,morlet,1,,,,,
CWRU_BAL,wavelet,50,33,16,wavelet,,16,1.0,,,morlet,1,,,,,
CWRU_BAL,wavelet,51,33,1,wavelet,,1,1.0,,,morlet,2,,,,,
CWRU_BAL,wavelet,52,33,2,wavelet,,2,1.0,,,morlet,2,,,,,
CWRU_BAL,wavelet,53,33,4,wavelet,,4,1.0,,,morlet,2,,,,,
CWRU_BAL,wavelet,54,33,8,wavelet,,8,1.0,,,morlet,2,,,,,
CWRU_BAL,wavelet,55,33,16,wavelet,,16,1.0,,,morlet,2,,,,,
CWRU_BAL,wavelet,56,65,1,wavelet,,1,1.0,,,morlet,4,,,,,
CWRU_BAL,wavelet,57,65,2,wavelet,,2,1.0,,,morlet,4,,,,,
CWRU_BAL,wavelet,58,65,4,wavelet,,4,1.0,,,morlet,4,,,,,
CWRU_BAL,wavelet,59,65,8,wavelet,,8,1.0,,,morlet,4,,,,,
CWRU_BAL,wavelet,60,128,1,wavelet,,1,1.0,,,morlet,8,,,,,
CWRU_BAL,wavelet,61,128,2,wavelet,,2,1.0,,,morlet,8,,,,,
CWRU_BAL,wavelet,62,128,4,wavelet,,4,1.0,,,morlet,8,,,,,
CWRU_BAL,wavelet,63,128,8,wavelet,,8,1.0,,,morlet,8,,,,,
CWRU_BAL,gabor,0,49,1,gabor,2.0,1,,,,,,0.125,0.0,,,
CWRU_BAL,gabor,1,49,2,gabor,2.0,2,,,,,,0.125,0.0,,,
CWRU_BAL,gabor,2,49,4,gabor,2.0,4,,,,,,0.125,0.0,,,
CWRU_BAL,gabor,3,49,8,gabor,2.0,8,,,,,,0.125,0.0,,,
CWRU_BAL,gabor,4,49,1,gabor,2.0,1,,,,,,0.125,1.5707963267948966,,,
CWRU_BAL,gabor,5,49,2,gabor,2.0,2,,,,,,0.125,1.5707963267948966,,,
CWRU_BAL,gabor,6,49,4,gabor,2.0,4,,,,,,0.125,1.5707963267948966,,,
CWRU_BAL,gabor,7,49,8,gabor,2.0,8,,,,,,0.125,1.5707963267948966,,,
CWRU_BAL,gabor,8,49,1,gabor,2.0,1,,,,,,0.125,3.141592653589793,,,
CWRU_BAL,gabor,9,49,2,gabor,2.0,2,,,,,,0.125,3.141592653589793,,,
CWRU_BAL,gabor,10,49,4,gabor,2.0,4,,,,,,0.125,3.141592653589793,,,
CWRU_BAL,gabor,11,49,8,gabor,2.0,8,,,,,,0.125,3.141592653589793,,,
CWRU_BAL,gabor,12,49,1,gabor,2.0,1,,,,,,0.125,4.71238898038469,,,
CWRU_BAL,gabor,13,49,2,gabor,2.0,2,,,,,,0.125,4.71238898038469,,,
CWRU_BAL,gabor,14,49,4,gabor,2.0,4,,,,,,0.125,4.71238898038469,,,
CWRU_BAL,gabor,15,49,8,gabor,2.0,8,,,,,,0.125,4.71238898038469,,,
CWRU_BAL,gabor,16,97,1,gabor,4.0,1,,,,,,0.125,0.0,,,
CWRU_BAL,gabor,17,97,2,gabor,4.0,2,,,,,,0.125,0.0,,,
CWRU_BAL,gabor,18,97,4,gabor,4.0,4,,,,,,0.125,0.0,,,
CWRU_BAL,gabor,19,97,8,gabor,4.0,8,,,,,,0.125,0.0,,,
CWRU_BAL,gabor,20,97,1,gabor,4.0,1,,,,,,0.125,1.5707963267948966,,,
CWRU_BAL,gabor,21,97,2,gabor,4.0,2,,,,,,0.125,1.5707963267948966,,,
CWRU_BAL,gabor,22,97,4,gabor,4.0,4,,,,,,0.125,1.5707963267948966,,,
CWRU_BAL,gabor,23,97,8,gabor,4.0,8,,,,,,0.125,1.5707963267948966,,,
CWRU_BAL,gabor,24,97,1,gabor,4.0,1,,,,,,0.125,3.141592653589793,,,
CWRU_BAL,gabor,25,97,2,gabor,4.0,2,,,,,,0.125,3.141592653589793,,,
CWRU_BAL,gabor,26,97,4,gabor,4.0,4,,,,,,0.125,3.141592653589793,,,
CWRU_BAL,gabor,27,97,8,gabor,4.0,8,,,,,,0.125,3.141592653589793,,,
CWRU_BAL,gabor,28,97,1,gabor,4.0,1,,,,,,0.125,4.71238898038469,,,
CWRU_BAL,gabor,29,97,2,gabor,4.0,2,,,,,,0.125,4.71238898038469,,,
CWRU_BAL,gabor,30,97,4,gabor,4.0,4,,,,,,0.125,4.71238898038469,,,
CWRU_BAL,gabor,31,97,8,gabor,4.0,8,,,,,,0.125,4.71238898038469,,,
CWRU_BAL,gabor,32,128,1,gabor,8.0,1,,,,,,0.125,0.0,,,
CWRU_BAL,gabor,33,128,2,gabor,8.0,2,,,,,,0.125,0.0,,,
CWRU_BAL,gabor,34,128,4,gabor,8.0,4,,,,,,0.125,0.0,,,
CWRU_BAL,gabor,35,128,8,gabor,8.0,8,,,,,,0.125,0.0,,,
CWRU_BAL,gabor,36,128,1,gabor,8.0,1,,,,,,0.125,1.5707963267948966,,,
CWRU_BAL,gabor,37,128,2,gabor,8.0,2,,,,,,0.125,1.5707963267948966,,,
CWRU_BAL,gabor,38,128,4,gabor,8.0,4,,,,,,0.125,1.5707963267948966,,,
CWRU_BAL,gabor,39,128,8,gabor,8.0,8,,,,,,0.125,1.5707963267948966,,,
CWRU_BAL,gabor,40,128,1,gabor,8.0,1,,,,,,0.125,3.141592653589793,,,
CWRU_BAL,gabor,41,128,2,gabor,8.0,2,,,,,,0.125,3.141592653589793,,,
CWRU_BAL,gabor,42,128,4,gabor,8.0,4,,,,,,0.125,3.141592653589793,,,
CWRU_BAL,gabor,43,128,8,gabor,8.0,8,,,,,,0.125,3.141592653589793,,,
CWRU_BAL,gabor,44,128,1,gabor,8.0,1,,,,,,0.125,4.71238898038469,,,
CWRU_BAL,gabor,45,128,2,gabor,8.0,2,,,,,,0.125,4.71238898038469,,,
CWRU_BAL,gabor,46,128,4,gabor,8.0,4,,,,,,0.125,4.71238898038469,,,
CWRU_BAL,gabor,47,128,8,gabor,8.0,8,,,,,,0.125,4.71238898038469,,,
CWRU_BAL,gabor,48,128,1,gabor,16.0,1,,,,,,0.125,0.0,,,
CWRU_BAL,gabor,49,128,2,gabor,16.0,2,,,,,,0.125,0.0,,,
CWRU_BAL,gabor,50,128,4,gabor,16.0,4,,,,,,0.125,0.0,,,
CWRU_BAL,gabor,51,128,8,gabor,16.0,8,,,,,,0.125,0.0,,,
CWRU_BAL,gabor,52,128,1,gabor,16.0,1,,,,,,0.125,1.5707963267948966,,,
CWRU_BAL,gabor,53,128,2,gabor,16.0,2,,,,,,0.125,1.5707963267948966,,,
CWRU_BAL,gabor,54,128,4,gabor,16.0,4,,,,,,0.125,1.5707963267948966,,,
CWRU_BAL,gabor,55,128,8,gabor,16.0,8,,,,,,0.125,1.5707963267948966,,,
CWRU_BAL,gabor,56,128,1,gabor,16.0,1,,,,,,0.125,3.141592653589793,,,
CWRU_BAL,gabor,57,128,2,gabor,16.0,2,,,,,,0.125,3.141592653589793,,,
CWRU_BAL,gabor,58,128,4,gabor,16.0,4,,,,,,0.125,3.141592653589793,,,
CWRU_BAL,gabor,59,128,8,gabor,16.0,8,,,,,,0.125,3.141592653589793,,,
CWRU_BAL,gabor,60,128,1,gabor,16.0,1,,,,,,0.125,4.71238898038469,,,
CWRU_BAL,gabor,61,128,2,gabor,16.0,2,,,,,,0.125,4.71238898038469,,,
CWRU_BAL,gabor,62,128,4,gabor,16.0,4,,,,,,0.125,4.71238898038469,,,
CWRU_BAL,gabor,63,128,8,gabor,16.0,8,,,,,,0.125,4.71238898038469,,,
CWRU_BAL,gabor,64,49,1,gabor,2.0,1,,,,,,0.0625,0.0,,,
CWRU_BAL,gabor,65,49,2,gabor,2.0,2,,,,,,0.0625,0.0,,,
CWRU_BAL,gabor,66,49,4,gabor,2.0,4,,,,,,0.0625,0.0,,,
CWRU_BAL,gabor,67,49,8,gabor,2.0,8,,,,,,0.0625,0.0,,,
CWRU_BAL,gabor,68,49,1,gabor,2.0,1,,,,,,0.0625,1.5707963267948966,,,
CWRU_BAL,gabor,69,49,2,gabor,2.0,2,,,,,,0.0625,1.5707963267948966,,,
CWRU_BAL,gabor,70,49,4,gabor,2.0,4,,,,,,0.0625,1.5707963267948966,,,
CWRU_BAL,gabor,71,49,8,gabor,2.0,8,,,,,,0.0625,1.5707963267948966,,,
CWRU_BAL,gabor,72,49,1,gabor,2.0,1,,,,,,0.0625,3.141592653589793,,,
CWRU_BAL,gabor,73,49,2,gabor,2.0,2,,,,,,0.0625,3.141592653589793,,,
CWRU_BAL,gabor,74,49,4,gabor,2.0,4,,,,,,0.0625,3.141592653589793,,,
CWRU_BAL,gabor,75,49,8,gabor,2.0,8,,,,,,0.0625,3.141592653589793,,,
CWRU_BAL,gabor,76,49,1,gabor,2.0,1,,,,,,0.0625,4.71238898038469,,,
CWRU_BAL,gabor,77,49,2,gabor,2.0,2,,,,,,0.0625,4.71238898038469,,,
CWRU_BAL,gabor,78,49,4,gabor,2.0,4,,,,,,0.0625,4.71238898038469,,,
CWRU_BAL,gabor,79,49,8,gabor,2.0,8,,,,,,0.0625,4.71238898038469,,,
CWRU_BAL,gabor,80,97,1,gabor,4.0,1,,,,,,0.0625,0.0,,,
CWRU_BAL,gabor,81,97,2,gabor,4.0,2,,,,,,0.0625,0.0,,,
CWRU_BAL,gabor,82,97,4,gabor,4.0,4,,,,,,0.0625,0.0,,,
CWRU_BAL,gabor,83,97,8,gabor,4.0,8,,,,,,0.0625,0.0,,,
CWRU_BAL,gabor,84,97,1,gabor,4.0,1,,,,,,0.0625,1.5707963267948966,,,
CWRU_BAL,gabor,85,97,2,gabor,4.0,2,,,,,,0.0625,1.5707963267948966,,,
CWRU_BAL,gabor,86,97,4,gabor,4.0,4,,,,,,0.0625,1.5707963267948966,,,
CWRU_BAL,gabor,87,97,8,gabor,4.0,8,,,,,,0.0625,1.5707963267948966,,,
CWRU_BAL,gabor,88,97,1,gabor,4.0,1,,,,,,0.0625,3.141592653589793,,,
CWRU_BAL,gabor,89,97,2,gabor,4.0,2,,,,,,0.0625,3.141592653589793,,,
CWRU_BAL,gabor,90,97,4,gabor,4.0,4,,,,,,0.0625,3.141592653589793,,,
CWRU_BAL,gabor,91,97,8,gabor,4.0,8,,,,,,0.0625,3.141592653589793,,,
CWRU_BAL,gabor,92,97,1,gabor,4.0,1,,,,,,0.0625,4.71238898038469,,,
CWRU_BAL,gabor,93,97,2,gabor,4.0,2,,,,,,0.0625,4.71238898038469,,,
CWRU_BAL,gabor,94,97,4,gabor,4.0,4,,,,,,0.0625,4.71238898038469,,,
CWRU_BAL,gabor,95,97,8,gabor,4.0,8,,,,,,0.0625,4.71238898038469,,,
CWRU_BAL,gabor,96,128,1,gabor,8.0,1,,,,,,0.0625,0.0,,,
CWRU_BAL,gabor,97,128,2,gabor,8.0,2,,,,,,0.0625,0.0,,,
CWRU_BAL,gabor,98,128,4,gabor,8.0,4,,,,,,0.0625,0.0,,,
CWRU_BAL,gabor,99,128,8,gabor,8.0,8,,,,,,0.0625,0.0,,,
CWRU_BAL,gabor,100,128,1,gabor,8.0,1,,,,,,0.0625,1.5707963267948966,,,
CWRU_BAL,gabor,101,128,2,gabor,8.0,2,,,,,,0.0625,1.5707963267948966,,,
CWRU_BAL,gabor,102,128,4,gabor,8.0,4,,,,,,0.0625,1.5707963267948966,,,
CWRU_BAL,gabor,103,128,8,gabor,8.0,8,,,,,,0.0625,1.5707963267948966,,,
CWRU_BAL,gabor,104,128,1,gabor,8.0,1,,,,,,0.0625,3.141592653589793,,,
CWRU_BAL,gabor,105,128,2,gabor,8.0,2,,,,,,0.0625,3.141592653589793,,,
CWRU_BAL,gabor,106,128,4,gabor,8.0,4,,,,,,0.0625,3.141592653589793,,,
CWRU_BAL,gabor,107,128,8,gabor,8.0,8,,,,,,0.0625,3.141592653589793,,,
CWRU_BAL,gabor,108,128,1,gabor,8.0,1,,,,,,0.0625,4.71238898038469,,,
CWRU_BAL,gabor,109,128,2,gabor,8.0,2,,,,,,0.0625,4.71238898038469,,,
CWRU_BAL,gabor,110,128,4,gabor,8.0,4,,,,,,0.0625,4.71238898038469,,,
CWRU_BAL,gabor,111,128,8,gabor,8.0,8,,,,,,0.0625,4.71238898038469,,,
CWRU_BAL,gabor,112,128,1,gabor,16.0,1,,,,,,0.0625,0.0,,,
CWRU_BAL,gabor,113,128,2,gabor,16.0,2,,,,,,0.0625,0.0,,,
CWRU_BAL,gabor,114,128,4,gabor,16.0,4,,,,,,0.0625,0.0,,,
CWRU_BAL,gabor,115,128,8,gabor,16.0,8,,,,,,0.0625,0.0,,,
CWRU_BAL,gabor,116,128,1,gabor,16.0,1,,,,,,0.0625,1.5707963267948966,,,
CWRU_BAL,gabor,117,128,2,gabor,16.0,2,,,,,,0.0625,1.5707963267948966,,,
CWRU_BAL,gabor,118,128,4,gabor,16.0,4,,,,,,0.0625,1.5707963267948966,,,
CWRU_BAL,gabor,119,128,8,gabor,16.0,8,,,,,,0.0625,1.5707963267948966,,,
CWRU_BAL,gabor,120,128,1,gabor,16.0,1,,,,,,0.0625,3.141592653589793,,,
CWRU_BAL,gabor,121,128,2,gabor,16.0,2,,,,,,0.0625,3.141592653589793,,,
CWRU_BAL,gabor,122,128,4,gabor,16.0,4,,,,,,0.0625,3.141592653589793,,,
CWRU_BAL,gabor,123,128,8,gabor,16.0,8,,,,,,0.0625,3.141592653589793,,,
CWRU_BAL,gabor,124,128,1,gabor,16.0,1,,,,,,0.0625,4.71238898038469,,,
CWRU_BAL,gabor,125,128,2,gabor,16.0,2,,,,,,0.0625,4.71238898038469,,,
CWRU_BAL,gabor,126,128,4,gabor,16.0,4,,,,,,0.0625,4.71238898038469,,,
CWRU_BAL,gabor,127,128,8,gabor,16.0,8,,,,,,0.0625,4.71238898038469,,,
CWRU_BAL,gabor,128,49,1,gabor,2.0,1,,,,,,0.03125,0.0,,,
CWRU_BAL,gabor,129,49,2,gabor,2.0,2,,,,,,0.03125,0.0,,,
CWRU_BAL,gabor,130,49,4,gabor,2.0,4,,,,,,0.03125,0.0,,,
CWRU_BAL,gabor,131,49,8,gabor,2.0,8,,,,,,0.03125,0.0,,,
CWRU_BAL,gabor,132,49,1,gabor,2.0,1,,,,,,0.03125,1.5707963267948966,,,
CWRU_BAL,gabor,133,49,2,gabor,2.0,2,,,,,,0.03125,1.5707963267948966,,,
CWRU_BAL,gabor,134,49,4,gabor,2.0,4,,,,,,0.03125,1.5707963267948966,,,
CWRU_BAL,gabor,135,49,8,gabor,2.0,8,,,,,,0.03125,1.5707963267948966,,,
CWRU_BAL,gabor,136,49,1,gabor,2.0,1,,,,,,0.03125,3.141592653589793,,,
CWRU_BAL,gabor,137,49,2,gabor,2.0,2,,,,,,0.03125,3.141592653589793,,,
CWRU_BAL,gabor,138,49,4,gabor,2.0,4,,,,,,0.03125,3.141592653589793,,,
CWRU_BAL,gabor,139,49,8,gabor,2.0,8,,,,,,0.03125,3.141592653589793,,,
CWRU_BAL,gabor,140,49,1,gabor,2.0,1,,,,,,0.03125,4.71238898038469,,,
CWRU_BAL,gabor,141,49,2,gabor,2.0,2,,,,,,0.03125,4.71238898038469,,,
CWRU_BAL,gabor,142,49,4,gabor,2.0,4,,,,,,0.03125,4.71238898038469,,,
CWRU_BAL,gabor,143,49,8,gabor,2.0,8,,,,,,0.03125,4.71238898038469,,,
CWRU_BAL,gabor,144,97,1,gabor,4.0,1,,,,,,0.03125,0.0,,,
CWRU_BAL,gabor,145,97,2,gabor,4.0,2,,,,,,0.03125,0.0,,,
CWRU_BAL,gabor,146,97,4,gabor,4.0,4,,,,,,0.03125,0.0,,,
CWRU_BAL,gabor,147,97,8,gabor,4.0,8,,,,,,0.03125,0.0,,,
CWRU_BAL,gabor,148,97,1,gabor,4.0,1,,,,,,0.03125,1.5707963267948966,,,
CWRU_BAL,gabor,149,97,2,gabor,4.0,2,,,,,,0.03125,1.5707963267948966,,,
CWRU_BAL,gabor,150,97,4,gabor,4.0,4,,,,,,0.03125,1.5707963267948966,,,
CWRU_BAL,gabor,151,97,8,gabor,4.0,8,,,,,,0.03125,1.5707963267948966,,,
CWRU_BAL,gabor,152,97,1,gabor,4.0,1,,,,,,0.03125,3.141592653589793,,,
CWRU_BAL,gabor,153,97,2,gabor,4.0,2,,,,,,0.03125,3.141592653589793,,,
CWRU_BAL,gabor,154,97,4,gabor,4.0,4,,,,,,0.03125,3.141592653589793,,,
CWRU_BAL,gabor,155,97,8,gabor,4.0,8,,,,,,0.03125,3.141592653589793,,,
CWRU_BAL,gabor,156,97,1,gabor,4.0,1,,,,,,0.03125,4.71238898038469,,,
CWRU_BAL,gabor,157,97,2,gabor,4.0,2,,,,,,0.03125,4.71238898038469,,,
CWRU_BAL,gabor,158,97,4,gabor,4.0,4,,,,,,0.03125,4.71238898038469,,,
CWRU_BAL,gabor,159,97,8,gabor,4.0,8,,,,,,0.03125,4.71238898038469,,,
CWRU_BAL,gabor,160,128,1,gabor,8.0,1,,,,,,0.03125,0.0,,,
CWRU_BAL,gabor,161,128,2,gabor,8.0,2,,,,,,0.03125,0.0,,,
CWRU_BAL,gabor,162,128,4,gabor,8.0,4,,,,,,0.03125,0.0,,,
CWRU_BAL,gabor,163,128,8,gabor,8.0,8,,,,,,0.03125,0.0,,,
CWRU_BAL,gabor,164,128,1,gabor,8.0,1,,,,,,0.03125,1.5707963267948966,,,
CWRU_BAL,gabor,165,128,2,gabor,8.0,2,,,,,,0.03125,1.5707963267948966,,,
CWRU_BAL,gabor,166,128,4,gabor,8.0,4,,,,,,0.03125,1.5707963267948966,,,
CWRU_BAL,gabor,167,128,8,gabor,8.0,8,,,,,,0.03125,1.5707963267948966,,,
CWRU_BAL,gabor,168,128,1,gabor,8.0,1,,,,,,0.03125,3.141592653589793,,,
CWRU_BAL,gabor,169,128,2,gabor,8.0,2,,,,,,0.03125,3.141592653589793,,,
CWRU_BAL,gabor,170,128,4,gabor,8.0,4,,,,,,0.03125,3.141592653589793,,,
CWRU_BAL,gabor,171,128,8,gabor,8.0,8,,,,,,0.03125,3.141592653589793,,,
CWRU_BAL,gabor,172,128,1,gabor,8.0,1,,,,,,0.03125,4.71238898038469,,,
CWRU_BAL,gabor,173,128,2,gabor,8.0,2,,,,,,0.03125,4.71238898038469,,,
CWRU_BAL,gabor,174,128,4,gabor,8.0,4,,,,,,0.03125,4.71238898038469,,,
CWRU_BAL,gabor,175,128,8,gabor,8.0,8,,,,,,0.03125,4.71238898038469,,,
CWRU_BAL,gabor,176,128,1,gabor,16.0,1,,,,,,0.03125,0.0,,,
CWRU_BAL,gabor,177,128,2,gabor,16.0,2,,,,,,0.03125,0.0,,,
CWRU_BAL,gabor,178,128,4,gabor,16.0,4,,,,,,0.03125,0.0,,,
CWRU_BAL,gabor,179,128,8,gabor,16.0,8,,,,,,0.03125,0.0,,,
CWRU_BAL,gabor,180,128,1,gabor,16.0,1,,,,,,0.03125,1.5707963267948966,,,
CWRU_BAL,gabor,181,128,2,gabor,16.0,2,,,,,,0.03125,1.5707963267948966,,,
CWRU_BAL,gabor,182,128,4,gabor,16.0,4,,,,,,0.03125,1.5707963267948966,,,
CWRU_BAL,gabor,183,128,8,gabor,16.0,8,,,,,,0.03125,1.5707963267948966,,,
CWRU_BAL,gabor,184,128,1,gabor,16.0,1,,,,,,0.03125,3.141592653589793,,,
CWRU_BAL,gabor,185,128,2,gabor,16.0,2,,,,,,0.03125,3.141592653589793,,,
CWRU_BAL,gabor,186,128,4,gabor,16.0,4,,,,,,0.03125,3.141592653589793,,,
CWRU_BAL,gabor,187,128,8,gabor,16.0,8,,,,,,0.03125,3.141592653589793,,,
CWRU_BAL,gabor,188,128,1,gabor,16.0,1,,,,,,0.03125,4.71238898038469,,,
CWRU_BAL,gabor,189,128,2,gabor,16.0,2,,,,,,0.03125,4.71238898038469,,,
CWRU_BAL,gabor,190,128,4,gabor,16.0,4,,,,,,0.03125,4.71238898038469,,,
CWRU_BAL,gabor,191,128,8,gabor,16.0,8,,,,,,0.03125,4.71238898038469,,,
CWRU_BAL,energy,0,4,1,energy,,,,,,,,,,4,16,0.0
CWRU_BAL,energy,1,4,1,energy,,,,,,,,,,4,16,0.5
CWRU_BAL,energy,2,4,1,energy,,,,,,,,,,4,16,1.0
CWRU_BAL,energy,3,8,1,energy,,,,,,,,,,8,32,0.0
CWRU_BAL,energy,4,8,1,energy,,,,,,,,,,8,32,0.5
CWRU_BAL,energy,5,8,1,energy,,,,,,,,,,8,32,1.0
CWRU_BAL,energy,6,16,1,energy,,,,,,,,,,16,64,0.0
CWRU_BAL,energy,7,16,1,energy,,,,,,,,,,16,64,0.5
CWRU_BAL,energy,8,16,1,energy,,,,,,,,,,16,64,1.0
CWRU_BAL,energy,9,32,1,energy,,,,,,,,,,32,128,0.0
CWRU_BAL,energy,10,32,1,energy,,,,,,,,,,32,128,0.5
CWRU_BAL,energy,11,32,1,energy,,,,,,,,,,32,128,1.0
