dataset,seed,mr_val,raw_her_val,raw_her_test,selected_model,fallback_used,final_test,final_delta_vs_mr
GunPoint,42,1.0,1.0,1.0,HERAMBA,False,1.0,0.0067
GunPoint,43,1.0,1.0,1.0,HERAMBA,False,1.0,0.0067
GunPoint,44,1.0,1.0,1.0,HERAMBA,False,1.0,0.0067
Phoneme,42,0.1035,0.1464,0.1238,HERAMBA,False,0.1238,0.043
Phoneme,43,0.1035,0.1464,0.1128,HERAMBA,False,0.1128,0.032
Phoneme,44,0.1035,0.1445,0.117,HERAMBA,False,0.117,0.0362
FordA,42,0.9371,0.9389,0.9553,HERAMBA,False,0.9553,0.0054
FordA,43,0.9371,0.9463,0.9492,HERAMBA,False,0.9492,-0.0007
FordA,44,0.9371,0.9445,0.953,HERAMBA,False,0.953,0.0031
