sample_index,true_class,pred
0,2,4
1,3,4
2,0,3
3,0,4
4,3,3
5,3,4
6,0,4
7,0,4
8,1,4
9,3,4
10,0,4
11,1,4
12,3,4
13,3,3
14,3,4
15,0,4
16,2,4
17,2,4
18,1,4
19,0,4
20,3,4
21,3,3
22,3,3
23,2,4
24,2,4
25,0,4
26,2,3
27,3,4
28,4,4
29,1,4
30,1,4
31,4,4
32,1,3
33,4,4
34,4,4
35,1,4
36,1,4
37,0,4
38,0,4
39,3,4
40,1,4
41,4,4
42,0,4
43,0,4
44,4,3
45,2,4
46,1,4
47,1,3
48,1,4
49,2,4
50,3,4
51,0,4
52,0,4
53,2,4
54,4,4
55,4,4
56,1,4
57,0,4
58,4,4
59,1,4
60,3,4
61,4,4
62,3,4
63,4,4
64,0,4
65,0,4
66,4,4
67,2,3
68,4,3
69,3,4
70,3,3
71,1,4
72,0,4
73,0,4
74,1,4
75,2,4
76,4,4
77,2,4
78,4,4
79,2,4
80,2,4
81,2,4
82,2,4
83,4,4
84,0,1
85,1,4
86,0,4
87,3,3
88,3,4
89,4,4
90,2,4
91,2,4
92,1,4
93,3,3
94,3,4
95,2,4
96,0,3
97,2,4
98,3,3
99,4,4
100,4,4
101,4,4
102,1,4
103,3,4
104,3,4
105,1,4
106,4,4
107,2,4
108,3,4
109,1,4
110,2,4
111,4,4
112,1,4
113,3,4
114,2,4
115,3,4
116,3,3
117,2,3
118,2,4
119,3,4
120,4,4
121,1,4
122,2,4
123,3,4
124,2,4
125,3,3
126,2,4
127,4,4
128,2,3
129,0,4
130,3,4
131,4,4
132,4,4
133,3,4
134,2,3
135,0,4
136,3,3
137,1,4
138,0,4
139,2,1
140,4,4
141,3,3
142,4,4
143,4,4
144,0,4
145,1,4
146,2,4
147,1,4
148,3,3
149,0,3
150,2,4
151,3,4
152,4,4
153,3,4
154,3,1
155,2,4
156,3,3
157,4,4
158,0,4
159,4,4
160,4,4
161,2,4
162,1,3
163,4,3
164,2,4
165,3,4
166,1,4
167,4,4
168,0,4
169,2,4
170,1,4
171,4,3
172,1,4
173,3,4
174,0,4
175,1,3
176,2,4
177,1,4
178,2,4
179,3,4
180,0,4
181,4,4
182,3,4
183,4,3
184,4,4
185,3,4
186,0,4
187,1,4
188,3,4
189,2,4
190,0,4
191,0,4
192,1,4
193,1,3
194,2,4
195,4,4
196,2,4
197,1,4
198,2,4
199,3,4
200,0,4
201,4,4
202,4,4
203,2,4
204,0,4
205,4,4
206,3,3
207,3,3
208,0,4
209,1,4
210,1,3
211,0,4
212,4,4
213,4,4
214,2,4
215,4,4
216,0,4
217,4,4
218,3,4
219,1,3
220,3,4
221,4,4
222,3,4
223,1,4
224,1,4
225,0,3
226,2,4
227,1,3
228,2,4
229,3,3
230,0,3
231,1,4
232,3,4
233,0,4
234,3,4
235,0,4
236,2,4
237,2,4
238,2,4
239,2,4
240,4,4
241,1,4
242,1,4
243,1,4
244,1,4
245,1,4
246,1,4
247,2,4
248,4,4
249,1,3
250,0,4
251,2,4
252,2,4
253,0,4
254,3,4
255,4,4
256,0,4
257,0,1
258,4,4
259,4,4
260,4,4
261,2,4
262,4,4
263,1,4
264,4,4
265,4,4
266,0,3
267,1,4
268,2,4
269,3,1
270,3,4
271,1,4
272,1,4
273,0,4
274,2,4
275,1,4
276,0,4
277,4,4
278,4,4
279,4,4
280,3,4
281,0,4
282,3,3
283,4,4
284,4,4
285,0,4
286,3,3
287,1,4
288,4,4
289,3,3
290,0,4
291,1,4
292,0,4
293,4,3
294,0,4
295,0,4
296,4,4
297,4,4
298,0,4
299,0,4
300,4,4
301,0,4
302,3,4
303,2,4
304,3,3
305,0,4
306,1,4
307,2,4
