component,canonical_correlation,shared
1,0.839111,True
2,0.826715,True
3,0.82635,True
4,0.824637,True
5,0.822066,True
6,0.817541,True
7,0.815936,True
8,0.812047,True
9,0.8062,True
10,0.805651,True
11,0.805281,True
12,0.799724,True
13,0.799241,True
14,0.793982,True
15,0.785731,True
16,0.784374,True
17,0.783178,True
18,0.782209,True
19,0.772822,True
20,0.76348,True
21,0.757031,True
22,0.747357,True
23,0.746911,True
24,0.733956,True
25,0.733573,True
26,0.723175,True
27,0.721479,True
28,0.70296,True
29,0.673993,True
