dataset,variant,class,f1,precision,recall
ECG5000_UNBAL,M0,0,0.9949,0.9898,1.0
ECG5000_UNBAL,M0,1,0.9494,0.918,0.983
ECG5000_UNBAL,M0,2,0.5161,0.6667,0.4211
ECG5000_UNBAL,M0,3,0.5085,0.75,0.3846
ECG5000_UNBAL,M0,4,0.0,0.0,0.0
ECG5000_UNBAL,M0,0,0.9949,0.9898,1.0
ECG5000_UNBAL,M0,1,0.9494,0.918,0.983
ECG5000_UNBAL,M0,2,0.5161,0.6667,0.4211
ECG5000_UNBAL,M0,3,0.5085,0.75,0.3846
ECG5000_UNBAL,M0,4,0.0,0.0,0.0
ECG5000_BAL,M0,0,0.9983,0.9983,0.9983
ECG5000_BAL,M0,1,0.9456,0.9313,0.9603
ECG5000_BAL,M0,2,0.6111,0.6471,0.5789
ECG5000_BAL,M0,3,0.5217,0.6,0.4615
ECG5000_BAL,M0,4,0.2,0.2,0.2
ECG5000_BAL,M0,0,0.9983,0.9983,0.9983
ECG5000_BAL,M0,1,0.9456,0.9313,0.9603
ECG5000_BAL,M0,2,0.6111,0.6471,0.5789
ECG5000_BAL,M0,3,0.5217,0.6,0.4615
ECG5000_BAL,M0,4,0.2,0.2,0.2
CWRU_UNBAL,M0,0,1.0,1.0,1.0
CWRU_UNBAL,M0,1,1.0,1.0,1.0
CWRU_UNBAL,M0,2,0.9836,0.9677,1.0
CWRU_UNBAL,M0,3,0.9831,1.0,0.9667
CWRU_UNBAL,M0,0,1.0,1.0,1.0
CWRU_UNBAL,M0,1,1.0,1.0,1.0
CWRU_UNBAL,M0,2,0.9836,0.9677,1.0
CWRU_UNBAL,M0,3,0.9831,1.0,0.9667
CWRU_BAL,M0,0,1.0,1.0,1.0
CWRU_BAL,M0,1,1.0,1.0,1.0
CWRU_BAL,M0,2,0.9895,0.986,0.993
CWRU_BAL,M0,3,0.9894,0.9929,0.9859
CWRU_BAL,M0,0,1.0,1.0,1.0
CWRU_BAL,M0,1,1.0,1.0,1.0
CWRU_BAL,M0,2,0.9895,0.986,0.993
CWRU_BAL,M0,3,0.9894,0.9929,0.9859
EpilepticSeizures,M0,0,0.8706,0.8749,0.8664
EpilepticSeizures,M0,1,0.9683,0.9671,0.9694
EpilepticSeizures,M0,0,0.8706,0.8749,0.8664
EpilepticSeizures,M0,1,0.9683,0.9671,0.9694
