sample_index,true_class,R2_pred
0,2,2
1,3,3
2,0,0
3,0,2
4,3,3
5,3,3
6,0,0
7,0,0
8,1,1
9,3,4
10,0,2
11,1,3
12,3,3
13,3,3
14,3,3
15,0,4
16,2,1
17,2,1
18,1,1
19,0,2
20,3,3
21,3,1
22,3,3
23,2,2
24,2,2
25,0,1
26,2,1
27,3,3
28,4,4
29,1,4
30,1,4
31,4,4
32,1,3
33,4,3
34,4,4
35,1,3
36,1,1
37,0,4
38,0,2
39,3,3
40,1,1
41,4,4
42,0,2
43,0,0
44,4,3
45,2,4
46,1,1
47,1,1
48,1,1
49,2,2
50,3,1
51,0,3
52,0,0
53,2,2
54,4,4
55,4,4
56,1,1
57,0,2
58,4,4
59,1,3
60,3,4
61,4,3
62,3,3
63,4,4
64,0,0
65,0,3
66,4,4
67,2,2
68,4,4
69,3,3
70,3,3
71,1,2
72,0,2
73,0,2
74,1,1
75,2,2
76,4,4
77,2,2
78,4,4
79,2,4
80,2,2
81,2,2
82,2,2
83,4,4
84,0,0
85,1,1
86,0,4
87,3,3
88,3,3
89,4,4
90,2,4
91,2,1
92,1,1
93,3,3
94,3,1
95,2,2
96,0,2
97,2,2
98,3,3
99,4,4
100,4,4
101,4,1
102,1,1
103,3,4
104,3,1
105,1,1
106,4,0
107,2,2
108,3,3
109,1,3
110,2,2
111,4,1
112,1,1
113,3,4
114,2,2
115,3,3
116,3,3
117,2,2
118,2,3
119,3,3
120,4,4
121,1,3
122,2,2
123,3,0
124,2,2
125,3,3
126,2,4
127,4,4
128,2,3
129,0,0
130,3,3
131,4,2
132,4,4
133,3,1
134,2,2
135,0,4
136,3,3
137,1,3
138,0,4
139,2,0
140,4,4
141,3,3
142,4,3
143,4,4
144,0,4
145,1,1
146,2,3
147,1,1
148,3,4
149,0,0
150,2,2
151,3,3
152,4,1
153,3,4
154,3,1
155,2,2
156,3,1
157,4,4
158,0,3
159,4,4
160,4,2
161,2,2
162,1,3
163,4,4
164,2,4
165,3,1
166,1,1
167,4,1
168,0,4
169,2,2
170,1,2
171,4,4
172,1,1
173,3,1
174,0,4
175,1,1
176,2,3
177,1,1
178,2,2
179,3,4
180,0,2
181,4,4
182,3,4
183,4,2
184,4,4
185,3,1
186,0,3
187,1,3
188,3,4
189,2,2
190,0,2
191,0,2
192,1,3
193,1,1
194,2,1
195,4,4
196,2,2
197,1,1
198,2,1
199,3,2
200,0,4
201,4,4
202,4,2
203,2,1
204,0,0
205,4,4
206,3,1
207,3,3
208,0,4
209,1,3
210,1,3
211,0,4
212,4,4
213,4,4
214,2,2
215,4,4
216,0,3
217,4,4
218,3,2
219,1,1
220,3,2
221,4,4
222,3,4
223,1,1
224,1,1
225,0,3
226,2,2
227,1,1
228,2,2
229,3,3
230,0,3
231,1,3
232,3,1
233,0,3
234,3,1
235,0,2
236,2,2
237,2,2
238,2,1
239,2,2
240,4,3
241,1,1
242,1,1
243,1,1
244,1,0
245,1,3
246,1,1
247,2,2
248,4,3
249,1,3
250,0,2
251,2,2
252,2,2
253,0,0
254,3,0
255,4,1
256,0,0
257,0,2
258,4,4
259,4,4
260,4,1
261,2,4
262,4,4
263,1,3
264,4,4
265,4,4
266,0,2
267,1,1
268,2,2
269,3,2
270,3,3
271,1,1
272,1,1
273,0,4
274,2,2
275,1,3
276,0,4
277,4,4
278,4,1
279,4,2
280,3,3
281,0,2
282,3,3
283,4,4
284,4,2
285,0,4
286,3,3
287,1,1
288,4,4
289,3,3
290,0,4
291,1,1
292,0,2
293,4,3
294,0,3
295,0,0
296,4,1
297,4,2
298,0,4
299,0,1
300,4,4
301,0,2
302,3,1
303,2,2
304,3,3
305,0,4
306,1,1
307,2,1
