aurc_prefix,coverage,dataset,macro_f1,risk,score
0.045,1.0,ECG5000_UNBAL,0.6046355541960116,0.04500000000000004,turs_u_mean
0.044444444444444446,0.9,ECG5000_UNBAL,0.6130806590394476,0.0444444444444444,turs_u_mean
0.0425,0.8,ECG5000_UNBAL,0.627384965643488,0.04249999999999998,turs_u_mean
0.047142857142857146,0.7,ECG5000_UNBAL,0.6256336074840195,0.04714285714285715,turs_u_mean
0.055,0.6,ECG5000_UNBAL,0.6249674696231695,0.05500000000000005,turs_u_mean
0.064,0.5,ECG5000_UNBAL,0.6061771977835765,0.06399999999999995,turs_u_mean
0.045,1.0,ECG5000_UNBAL,0.6046355541960116,0.04500000000000004,max_softmax_confidence_neg
0.05,0.9,ECG5000_UNBAL,0.6045296183454659,0.050000000000000044,max_softmax_confidence_neg
0.05625,0.8,ECG5000_UNBAL,0.6043685793216845,0.05625000000000002,max_softmax_confidence_neg
0.06428571428571428,0.7,ECG5000_UNBAL,0.6040943318453327,0.06428571428571428,max_softmax_confidence_neg
0.075,0.6,ECG5000_UNBAL,0.603522797131743,0.07499999999999996,max_softmax_confidence_neg
0.09,0.5,ECG5000_UNBAL,0.6016860914846133,0.08999999999999997,max_softmax_confidence_neg
0.045,1.0,ECG5000_UNBAL,0.6046355541960116,0.04500000000000004,predictive_entropy
0.05,0.9,ECG5000_UNBAL,0.6045296183454659,0.050000000000000044,predictive_entropy
0.05625,0.8,ECG5000_UNBAL,0.6043685793216845,0.05625000000000002,predictive_entropy
0.06428571428571428,0.7,ECG5000_UNBAL,0.6040943318453327,0.06428571428571428,predictive_entropy
0.075,0.6,ECG5000_UNBAL,0.603522797131743,0.07499999999999996,predictive_entropy
0.09,0.5,ECG5000_UNBAL,0.6016873946736376,0.08999999999999997,predictive_entropy
0.041,1.0,ECG5000_BAL,0.7113771396210665,0.041000000000000036,turs_u_mean
0.04,0.9,ECG5000_BAL,0.7326263317575996,0.040000000000000036,turs_u_mean
0.0425,0.8,ECG5000_BAL,0.760439539173417,0.04249999999999998,turs_u_mean
0.04428571428571428,0.7,ECG5000_BAL,0.7927993113728263,0.04428571428571426,turs_u_mean
0.04,0.6,ECG5000_BAL,0.6856538675570396,0.040000000000000036,turs_u_mean
0.042,0.5,ECG5000_BAL,0.685458857872651,0.04200000000000004,turs_u_mean
0.041,1.0,ECG5000_BAL,0.7113771396210665,0.041000000000000036,max_softmax_confidence_neg
0.04555555555555556,0.9,ECG5000_BAL,0.7112220886987901,0.04555555555555557,max_softmax_confidence_neg
0.05125,0.8,ECG5000_BAL,0.7072916281813314,0.05125000000000002,max_softmax_confidence_neg
0.05857142857142857,0.7,ECG5000_BAL,0.7070062388509012,0.05857142857142861,max_softmax_confidence_neg
0.06833333333333333,0.6,ECG5000_BAL,0.7043241511486187,0.06833333333333336,max_softmax_confidence_neg
0.08,0.5,ECG5000_BAL,0.6962991257108905,0.07999999999999996,max_softmax_confidence_neg
0.041,1.0,ECG5000_BAL,0.7113771396210665,0.041000000000000036,predictive_entropy
0.04555555555555556,0.9,ECG5000_BAL,0.7113066488289262,0.04555555555555557,predictive_entropy
0.05125,0.8,ECG5000_BAL,0.7111720159303487,0.05125000000000002,predictive_entropy
0.05857142857142857,0.7,ECG5000_BAL,0.7109642552565981,0.05857142857142861,predictive_entropy
0.06833333333333333,0.6,ECG5000_BAL,0.7043502619958557,0.06833333333333336,predictive_entropy
0.08,0.5,ECG5000_BAL,0.6917754367419829,0.07999999999999996,predictive_entropy
0.05,1.0,CWRU_UNBAL,0.950382722799344,0.050000000000000044,turs_u_mean
0.05555555555555555,0.9,CWRU_UNBAL,0.9492477349058814,0.05555555555555558,turs_u_mean
0.0625,0.8,CWRU_UNBAL,0.9479842578169326,0.0625,turs_u_mean
0.07142857142857142,0.7,CWRU_UNBAL,0.94031916347731,0.0714285714285714,turs_u_mean
0.08333333333333333,0.6,CWRU_UNBAL,0.683833412397217,0.08333333333333337,turs_u_mean
0.1,0.5,CWRU_UNBAL,0.6771285669975187,0.09999999999999998,turs_u_mean
0.05,1.0,CWRU_UNBAL,0.950382722799344,0.050000000000000044,max_softmax_confidence_neg
0.05555555555555555,0.9,CWRU_UNBAL,0.9464889553836423,0.05555555555555558,max_softmax_confidence_neg
0.0625,0.8,CWRU_UNBAL,0.9450466476913346,0.0625,max_softmax_confidence_neg
0.07142857142857142,0.7,CWRU_UNBAL,0.9424118437697661,0.0714285714285714,max_softmax_confidence_neg
0.08333333333333333,0.6,CWRU_UNBAL,0.9378260869565217,0.08333333333333337,max_softmax_confidence_neg
0.1,0.5,CWRU_UNBAL,0.929761237267545,0.09999999999999998,max_softmax_confidence_neg
0.05,1.0,CWRU_UNBAL,0.950382722799344,0.050000000000000044,predictive_entropy
0.05555555555555555,0.9,CWRU_UNBAL,0.9464889553836423,0.05555555555555558,predictive_entropy
0.0625,0.8,CWRU_UNBAL,0.9450466476913346,0.0625,predictive_entropy
0.07142857142857142,0.7,CWRU_UNBAL,0.9424118437697661,0.0714285714285714,predictive_entropy
0.08333333333333333,0.6,CWRU_UNBAL,0.9378260869565217,0.08333333333333337,predictive_entropy
0.1,0.5,CWRU_UNBAL,0.929761237267545,0.09999999999999998,predictive_entropy
0.04585537918871252,1.0,CWRU_BAL,0.9540629220161475,0.04585537918871252,turs_u_mean
0.050980392156862744,0.9,CWRU_BAL,0.9540629220161475,0.050980392156862786,turs_u_mean
0.05726872246696035,0.8,CWRU_BAL,0.954037223333205,0.05726872246696035,turs_u_mean
0.0654911838790932,0.7,CWRU_BAL,0.7038449926563928,0.06549118387909325,turs_u_mean
0.07647058823529412,0.6,CWRU_BAL,0.7027339248617649,0.07647058823529407,turs_u_mean
0.09154929577464789,0.5,CWRU_BAL,0.6870022753128555,0.09154929577464788,turs_u_mean
0.04585537918871252,1.0,CWRU_BAL,0.9540629220161475,0.04585537918871252,max_softmax_confidence_neg
0.050980392156862744,0.9,CWRU_BAL,0.9473264948862559,0.050980392156862786,max_softmax_confidence_neg
0.05726872246696035,0.8,CWRU_BAL,0.9431471027520292,0.05726872246696035,max_softmax_confidence_neg
0.0654911838790932,0.7,CWRU_BAL,0.9401673003781572,0.06549118387909325,max_softmax_confidence_neg
0.07352941176470588,0.6,CWRU_BAL,0.9359044300647088,0.07352941176470584,max_softmax_confidence_neg
0.0880281690140845,0.5,CWRU_BAL,0.9272768678951664,0.0880281690140845,max_softmax_confidence_neg
0.04585537918871252,1.0,CWRU_BAL,0.9540629220161475,0.04585537918871252,predictive_entropy
0.050980392156862744,0.9,CWRU_BAL,0.9470268540626019,0.050980392156862786,predictive_entropy
0.05726872246696035,0.8,CWRU_BAL,0.9434487873728692,0.05726872246696035,predictive_entropy
0.0654911838790932,0.7,CWRU_BAL,0.9401673003781572,0.06549118387909325,predictive_entropy
0.07647058823529412,0.6,CWRU_BAL,0.9332336774901492,0.07647058823529407,predictive_entropy
0.0880281690140845,0.5,CWRU_BAL,0.9273414423495122,0.0880281690140845,predictive_entropy
