ci,cohens_d,dataset,diff,flip_random,flip_target,frac,mcnemar_p,n,p_perm,probdrop_random,probdrop_target
"[-0.005546145881875399, 0.06449306914206436]",0.0941,CWRU_BAL,0.0292,0.11,0.1433,0.1,0.1547,300,0.1099,0.0721,0.1013
"[-0.005546145881875399, 0.06449306914206436]",0.0941,CWRU_BAL,0.0292,0.11,0.1433,0.1,0.1547,300,0.1099,0.0721,0.1013
"[-0.005546145881875399, 0.06449306914206436]",0.0941,CWRU_BAL,0.0292,0.11,0.1433,0.1,0.1547,300,0.1099,0.0721,0.1013
"[-0.005546145881875399, 0.06449306914206436]",0.0941,CWRU_BAL,0.0292,0.11,0.1433,0.1,0.1547,300,0.1099,0.0721,0.1013
"[-0.005546145881875399, 0.06449306914206436]",0.0941,CWRU_BAL,0.0292,0.11,0.1433,0.1,0.1547,300,0.1099,0.0721,0.1013
"[-0.005546145881875399, 0.06449306914206436]",0.0941,CWRU_BAL,0.0292,0.11,0.1433,0.1,0.1547,300,0.1099,0.0721,0.1013
"[-0.005546145881875399, 0.06449306914206436]",0.0941,CWRU_BAL,0.0292,0.11,0.1433,0.1,0.1547,300,0.1099,0.0721,0.1013
"[-0.005546145881875399, 0.06449306914206436]",0.0941,CWRU_BAL,0.0292,0.11,0.1433,0.1,0.1547,300,0.1099,0.0721,0.1013
"[-0.005546145881875399, 0.06449306914206436]",0.0941,CWRU_BAL,0.0292,0.11,0.1433,0.1,0.1547,300,0.1099,0.0721,0.1013
"[-0.005546145881875399, 0.06449306914206436]",0.0941,CWRU_BAL,0.0292,0.11,0.1433,0.1,0.1547,300,0.1099,0.0721,0.1013
"[-0.005546145881875399, 0.06449306914206436]",0.0941,CWRU_BAL,0.0292,0.11,0.1433,0.1,0.1547,300,0.1099,0.0721,0.1013
"[-0.005546145881875399, 0.06449306914206436]",0.0941,CWRU_BAL,0.0292,0.11,0.1433,0.1,0.1547,300,0.1099,0.0721,0.1013
"[-0.005546145881875399, 0.06449306914206436]",0.0941,CWRU_BAL,0.0292,0.11,0.1433,0.1,0.1547,300,0.1099,0.0721,0.1013
"[-0.005546145881875399, 0.06449306914206436]",0.0941,CWRU_BAL,0.0292,0.11,0.1433,0.1,0.1547,300,0.1099,0.0721,0.1013
