comparison,dataset,effect_size,measure,p_value,q_value
val: u for incorrect > correct,ECG5000_UNBAL,0.36417752995252806,cliffs_delta,0.0015210274433346848,0.0030026745935425253
test: u for incorrect > correct,ECG5000_UNBAL,0.2421175101803374,cliffs_delta,0.0030026745935425253,0.0030026745935425253
ECG5000_UNBAL u_t: targeted>random p-drop (frac=0.1),ECG5000_UNBAL,-0.2406609479807264,cohens_d,0.0004997501249375312,0.0009995002498750624
ECG5000_UNBAL s_t: targeted>random p-drop (frac=0.1),ECG5000_UNBAL,0.039633165851566614,cohens_d,0.5537231384307846,0.5537231384307846
"ECG5000_UNBAL: high-s_t edit > random edit (prob drop, frac=0.1)",ECG5000_UNBAL,0.09054528467374531,cohens_d,0.11144427786106946,0.11144427786106946
val: u for incorrect > correct,ECG5000_BAL,0.04775129213916532,cliffs_delta,0.3307836034366786,0.35283272050548464
test: u for incorrect > correct,ECG5000_BAL,0.034817772578142885,cliffs_delta,0.35283272050548464,0.35283272050548464
ECG5000_BAL u_t: targeted>random p-drop (frac=0.1),ECG5000_BAL,-0.18196893051223254,cohens_d,0.0004997501249375312,0.0009995002498750624
ECG5000_BAL s_t: targeted>random p-drop (frac=0.1),ECG5000_BAL,0.02896984223085267,cohens_d,0.6081959020489756,0.6081959020489756
"ECG5000_BAL: high-s_t edit > random edit (prob drop, frac=0.1)",ECG5000_BAL,0.2610411244161732,cohens_d,0.0004997501249375312,0.0004997501249375312
val: u for incorrect > correct,CWRU_UNBAL,0.6144329896907217,cliffs_delta,0.0005356390881545923,0.0009840451296452227
test: u for incorrect > correct,CWRU_UNBAL,0.5307017543859649,cliffs_delta,0.0009840451296452227,0.0009840451296452227
CWRU_UNBAL u_t: targeted>random p-drop (frac=0.1),CWRU_UNBAL,0.0892776196165054,cohens_d,0.1664167916041979,0.3328335832083958
CWRU_UNBAL s_t: targeted>random p-drop (frac=0.1),CWRU_UNBAL,0.04230729344593159,cohens_d,0.5342328835582209,0.5342328835582209
"CWRU_UNBAL: high-s_t edit > random edit (prob drop, frac=0.1)",CWRU_UNBAL,-0.09829744343572897,cohens_d,0.12193903048475763,0.24387806096951525
val: u for incorrect > correct,CWRU_BAL,0.44505494505494503,cliffs_delta,0.0022686378774260095,0.0022686378774260095
test: u for incorrect > correct,CWRU_BAL,0.4942414332432817,cliffs_delta,1.0248812050659643e-05,2.0497624101319287e-05
CWRU_BAL u_t: targeted>random p-drop (frac=0.1),CWRU_BAL,-0.08204462720222284,cohens_d,0.16841579210394803,0.16841579210394803
CWRU_BAL s_t: targeted>random p-drop (frac=0.1),CWRU_BAL,0.14768199776061777,cohens_d,0.00849575212393803,0.01699150424787606
"CWRU_BAL: high-s_t edit > random edit (prob drop, frac=0.1)",CWRU_BAL,0.09413813774742805,cohens_d,0.10994502748625687,0.15472892348537437
