dataset,dimension,grade,score_0to1
ECG5000_UNBAL,latent,WEAK,0.3491294088525768
ECG5000_UNBAL,velocity,NOT SUPPORTED,0.044444444444444446
ECG5000_UNBAL,uncertainty,NOT SUPPORTED,0.24211751018033745
ECG5000_UNBAL,calibration,STRONG,0.9814255656003952
ECG5000_UNBAL,robustness,NOT TESTABLE,
ECG5000_UNBAL,faithfulness,NOT SUPPORTED,0.01729080144335361
ECG5000_UNBAL,alpha,STRONG,1.0
ECG5000_UNBAL,baseline_superiority,NOT SUPPORTED,0.0
ECG5000_BAL,latent,NOT SUPPORTED,0.1206342212007755
ECG5000_BAL,velocity,NOT SUPPORTED,0.022222222222222223
ECG5000_BAL,uncertainty,NOT SUPPORTED,0.03481777257814289
ECG5000_BAL,calibration,STRONG,0.9661155623197555
ECG5000_BAL,robustness,NOT TESTABLE,
ECG5000_BAL,faithfulness,NOT SUPPORTED,0.036007660866486435
ECG5000_BAL,alpha,STRONG,1.0
ECG5000_BAL,baseline_superiority,NOT SUPPORTED,0.0
CWRU_UNBAL,latent,NOT SUPPORTED,0.2417126177339164
CWRU_UNBAL,velocity,NOT TESTABLE,
CWRU_UNBAL,uncertainty,MODERATE,0.5307017543859649
CWRU_UNBAL,calibration,STRONG,0.9729567152758439
CWRU_UNBAL,robustness,NOT TESTABLE,
CWRU_UNBAL,faithfulness,NOT SUPPORTED,0.014366119110491129
CWRU_UNBAL,alpha,STRONG,1.0
CWRU_UNBAL,baseline_superiority,NOT SUPPORTED,0.0
CWRU_BAL,latent,NOT SUPPORTED,0.20749183649645053
CWRU_BAL,velocity,NOT TESTABLE,
CWRU_BAL,uncertainty,WEAK,0.4942414332432816
CWRU_BAL,calibration,STRONG,0.9685435756594205
CWRU_BAL,robustness,NOT TESTABLE,
CWRU_BAL,faithfulness,NOT SUPPORTED,0.07174372664885595
CWRU_BAL,alpha,STRONG,0.7311292173930904
CWRU_BAL,baseline_superiority,NOT SUPPORTED,0.0
