component,rho,alpha_k,alpha_uniform,variance_HCCA,coefficient_norm_adaptive,coefficient_norm_uniform,null_mean,null_std,empirical_p
1,0.839111,854.076662,630.957344,0.99448531,0.008176,0.010594,0.808141,0.01759,0.05589
2,0.826715,843.727179,630.957344,1.08103772,0.012177,0.015695,0.791844,0.013998,0.01597
3,0.82635,843.425431,630.957344,0.9430475,0.013399,0.017064,0.781097,0.012527,0.00399
4,0.824637,842.007445,630.957344,1.1447971,0.010543,0.012951,0.773565,0.011924,0.002
5,0.822066,839.88571,630.957344,1.3218923,0.017566,0.021878,0.766886,0.011713,0.002
6,0.817541,836.167684,630.957344,1.21542337,0.018097,0.022624,0.760547,0.011027,0.002
7,0.815936,834.853143,630.957344,1.56982216,0.028146,0.0351,0.754979,0.010869,0.002
8,0.812047,831.680197,630.957344,1.0464403,0.007263,0.008898,0.749394,0.010652,0.002
9,0.8062,826.9381,630.957344,0.84835324,0.006155,0.007772,0.743593,0.010429,0.002
10,0.805651,826.49456,630.957344,0.86889575,0.009735,0.012,0.7381,0.010702,0.002
11,0.805281,826.196022,630.957344,0.92222322,0.010612,0.013641,0.732632,0.010817,0.002
12,0.799724,821.726156,630.957344,1.11051709,0.011513,0.014532,0.727077,0.011029,0.002
13,0.799241,821.338952,630.957344,1.19190666,0.015627,0.019111,0.72119,0.011008,0.002
14,0.793982,817.139386,630.957344,0.91773015,0.004379,0.005278,0.715269,0.011711,0.002
15,0.785731,810.606753,630.957344,0.96470576,0.014086,0.017422,0.70874,0.012252,0.002
16,0.784374,809.539055,630.957344,2.52116163,0.040661,0.050084,0.701869,0.012305,0.002
17,0.783178,808.599683,630.957344,1.76540886,0.009094,0.011158,0.694833,0.012737,0.002
18,0.782209,807.838908,630.957344,1.08084656,0.0156,0.019219,0.686571,0.013816,0.002
19,0.772822,800.523069,630.957344,1.27361735,0.024609,0.029975,0.678381,0.014335,0.002
20,0.76348,793.330322,630.957344,0.817645,0.012276,0.014867,0.668856,0.015671,0.002
21,0.757031,788.415955,630.957344,2.27993565,0.025781,0.031077,0.656779,0.01713,0.002
22,0.747357,781.121236,630.957344,1.00330959,0.003354,0.004269,0.643202,0.019494,0.002
23,0.746911,780.787221,630.957344,0.97724554,0.017466,0.020827,0.628991,0.02058,0.002
24,0.733956,771.172787,630.957344,0.77966072,0.005949,0.007101,0.612831,0.021877,0.002
25,0.733573,770.890465,630.957344,1.78960825,0.01607,0.018319,0.596634,0.02251,0.002
26,0.723175,763.299432,630.957344,0.95698272,0.014064,0.016425,0.577996,0.024657,0.002
27,0.721479,762.071396,630.957344,0.91508787,0.013788,0.01669,0.556671,0.026756,0.002
28,0.70296,748.849976,630.957344,0.9782588,0.019202,0.0224,0.534317,0.030855,0.002
29,0.673993,728.859981,630.957344,0.91728526,0.010858,0.012315,0.500795,0.038059,0.002
