dataset,model,seed,test_macro_f1,val_macro_f1,pred_count,pred_count_ok,preds_finite,status
CWRU_UNBAL,MiniRocket,42,0.9917,0.9804,240,True,True,NEW_RUN_GATE_PASS
CWRU_UNBAL,MiniRocket,43,0.9917,0.9804,240,True,True,REUSED_DETERMINISTIC
CWRU_UNBAL,MiniRocket,44,0.9917,0.9804,240,True,True,REUSED_DETERMINISTIC
CWRU_UNBAL,HERAMBA R5,42,0.9833,0.9902,240,True,True,NEW_RUN_GATE_PASS
CWRU_UNBAL,HERAMBA R5,43,0.9792,0.9853,240,True,True,NEW_RUN
CWRU_UNBAL,HERAMBA R5,44,0.975,1.0,240,True,True,NEW_RUN
CWRU_BAL,MiniRocket,42,0.9947,0.9896,567,True,True,NEW_RUN_GATE_PASS
CWRU_BAL,MiniRocket,43,0.9947,0.9896,567,True,True,REUSED_DETERMINISTIC
CWRU_BAL,MiniRocket,44,0.9947,0.9896,567,True,True,REUSED_DETERMINISTIC
CWRU_BAL,HERAMBA R5,42,0.9965,0.9834,567,True,True,NEW_RUN_GATE_PASS
CWRU_BAL,HERAMBA R5,43,0.9912,0.9834,567,True,True,NEW_RUN
CWRU_BAL,HERAMBA R5,44,0.9947,0.9959,567,True,True,NEW_RUN
