cond_number,grad_finite_nonzero,outer_loss,solver_residual,step,theta,v,val_macro_f1,val_mse
36547.29143944796,True,0.05901754664165254,7.00162150479855e-13,0,"[-2.0, -2.0, -2.0, -2.0, -2.0, -2.0, -2.0, -2.0]","[0.11920292202211755, 0.11920292202211755, 0.11920292202211755, 0.11920292202211755, 0.11920292202211755, 0.11920292202211755, 0.11920292202211755, 0.11920292202211755]",0.9351485179849846,0.027017546641652544
,True,0.05868027022399313,7.067124663251434e-13,1,"[-1.9900000234257849, -1.9900000235380264, -1.9900000232101422, -1.9900000245057503, -1.9900000240096094, -1.9900000241344036, -1.9900000231698622, -1.9900000234110722]","[0.12025685998941642, 0.1202568599775418, 0.12025686001223035, 0.1202568598751613, 0.12025685992765063, 0.120256859914448, 0.12025686001649179, 0.12025685999097295]",0.9351485179849846,0.02699946947016261
,True,0.05834452338692436,6.161182675157306e-13,2,"[-1.9800011887463722, -1.9800011942350098, -1.9800011231693495, -1.980001340884286, -1.9800012752802716, -1.9800013012092472, -1.9800011665322639, -1.9800012050942013]","[0.12131871117074416, 0.12131871058565276, 0.12131871816128653, 0.12131869495277023, 0.12131870194618913, 0.12131869918214805, 0.12131871353877884, 0.12131870942805774]",0.9351485179849846,0.02698128459811437
,True,0.05801033294439696,4.550249066426204e-13,3,"[-1.9700042622227751, -1.9700042814510244, -1.9700040215518324, -1.9700048158433003, -1.9700045771817551, -1.9700046725610971, -1.9700041825785666, -1.9700043224267458]","[0.12238842901908867, 0.122388426953792, 0.12238845486943697, 0.12238836955499646, 0.12238839518950564, 0.12238838494486087, 0.12238843757363364, 0.12238842255261033]",0.9355194172545026,0.026962994509122776
,True,0.057677725313165895,5.047073869945962e-13,4,"[-1.9600100117642951, -1.960010055863231, -1.9600094409543904, -1.9600113177443619, -1.9600107546777081, -1.9600109817284774, -1.960009826049374, -1.9600101545313968]","[0.12346596406678466, 0.12346595929430443, 0.12346602584105584, 0.12346582273092294, 0.12346588366714278, 0.12346585909524307, 0.12346598416524851, 0.12346594861622712]",0.9355194172545026,0.02694460174252351
,True,0.05734672645249876,4.192202140984591e-13,5,"[-1.950019205234905, -1.9500192877553082, -1.9500181033222634, -1.9500217146340522, -1.9500206324679532, -1.9500210725689402, -1.9500188523003001, -1.9500194805395104]","[0.12455126406717543, 0.12455125506929562, 0.12455138421784757, 0.12455099044694996, 0.12455110844426964, 0.12455106045648899, 0.12455130255055102, 0.12455123404844705]",0.9355194172545026,0.026926108888943392
,True,0.057017361806225464,5.361822097427194e-13,6,"[-1.9400326087804265, -1.940032745329503, -1.9400307283988762, -1.9400368722990058, -1.9400350331532128, -1.9400357873964447, -1.9400320156856097, -1.9400330778743338]","[0.1256442741430458, 0.12564425914206673, 0.12564448071775366, 0.12564380576306242, 0.12564400780704982, 0.12564392494772866, 0.1256443392991464, 0.12564422260943464]",0.9355194172545026,0.026907518585759304
,True,0.05668965624754982,4.922728891187944e-13,7,"[-1.930050985189301, -1.9300511930542261, -1.9300480322113538, -1.9300576523597484, -1.9300547754363016, -1.930055965153292, -1.9300500679721042, -1.9300517205672392]","[0.12674493694045452, 0.12674491393382967, 0.12674526377835674, 0.12674419901547948, 0.1267445174340164, 0.12674438575578822, 0.12674503845869206, 0.12674485554836287]",0.9355194172545026,0.02688883351248228
,True,0.056363634027002146,5.559996907322784e-13,8,"[-1.9200750922991485, -1.920075390059496, -1.9200707256030756, -1.920084910417542, -1.9200806723731663, -1.9200824396302212, -1.9200737567950692, -1.9200761776194806]","[0.12785319278656437, 0.1278531595842783, 0.12785367970345993, 0.12785209800405323, 0.12785257057191635, 0.12785237351176693, 0.12785334170436308, 0.1278530717660661]",0.9355194172545026,0.026870056386099073
,True,0.056039318723864306,4.247713292215849e-13,9,"[-1.9101056814605335, -1.91010608859173, -1.9100995128237594, -1.910119494267545, -1.9101135296863132, -1.9101160377474382, -1.910103824167361, -1.9101072114212125]","[0.1289689798500636, 0.12896893411458768, 0.12896967281151975, 0.12896742818277485, 0.12896809821448024, 0.12896781647087366, 0.12896918849105993, 0.1289688079805257]",0.9355194172545026,0.026851189956398052
,True,0.0557167332013653,4.0706327197881365e-13,10,"[-1.900143496068428, -1.900144032538432, -1.900135090186656, -1.9001622421905238, -1.9001541441521475, -1.9001575779083497, -1.900141005051837, -1.9001455762385695]","[0.13009223430278755, 0.13009217359143083, 0.13009318558463223, 0.13009011285176264, 0.1300910292825881, 0.1300906406939801, 0.1300925162070229, 0.13009199889376474]",0.9355194172545026,0.026832237001318048
,True,0.05539589956588534,4.976574707882264e-13,11,"[-1.8901892701708007, -1.89018995603224, -1.8901781448014032, -1.8902139813341265, -1.8902033020725955, -1.8902078684366184, -1.8901860260063263, -1.890192016778541]","[0.1312228904811866, 0.13122281229064056, 0.13122415881681176, 0.1312200733491471, 0.131221290804341, 0.13122077022938242, 0.1312232603275504, 0.13122257735876341]",0.9355194172545026,0.026813200322346704
,True,0.05507683913035929,5.346834086594754e-13,12,"[-1.8802437271626027, -1.8802445821426113, -1.880229353389972, -1.880275526193383, -1.8802617778401176, -1.8802677061058912, -1.8802396039092244, -1.880247266840197]","[0.13236088104634003, 0.13236078285920286, 0.1323625317603594, 0.1323572292413314, 0.1323588080936079, 0.13235812729332286, 0.13236135456757084, 0.1323604745450617]",0.9355194172545026,0.026794082739997317
,True,0.05475957238201601,5.042632977847461e-13,13,"[-1.8703075785721763, -1.8703086216621572, -1.8702893811919452, -1.8703476771986545, -1.8703303326038543, -1.8703378747701913, -1.8703024447726184, -1.8703120480595599]","[0.1335061371412905, 0.13350601647434227, 0.13350824226919175, 0.13350149851018778, 0.13350350492569457, 0.1335026324478977, 0.13350673103188407, 0.13350562010178735]",0.9355194172545026,0.026774887089388837
,True,0.054444118954542396,7.043254868221993e-13,14,"[-1.8603815229458254, -1.860382771993328, -1.8603588809641356, -1.860431219417757, -1.860409713043246, -1.860419144101547, -1.8603752426486084, -1.860387068754109]","[0.1346585885445594, 0.13465844299854984, 0.13466122693808755, 0.13465279773585215, 0.13465530370887796, 0.134654204775073, 0.13465932036197323, 0.13465794231693665]",0.9355194172545026,0.026755616215955656
,True,0.05413049760471177,4.727884750366229e-13,15,"[-1.8504662448349671, -1.8504677161398082, -1.8504384920783146, -1.8505269213774573, -1.8505006502540244, -1.8505122684399842, -1.8504586786332269, -1.8504730228715665]","[0.13581816381880438, 0.13581799112950804, 0.13582142123690769, 0.1358110422738938, 0.13581412565065623, 0.13581276204563686, 0.1358190518783814, 0.13581736827183408]",0.9355194172545026,0.026736272971312747
,True,0.05381872619344948,5.941913627793838e-13,16,"[-1.8405624138889796, -1.8405641218056563, -1.8405288397195705, -1.8406355340080096, -1.8406038587500357, -1.8406179857595557, -1.8405534199711022, -1.8405705890462705]","[0.13698479045369027, 0.13698458854397827, 0.13698875963895135, 0.13697614642576453, 0.13697989091768667, 0.1369782208820374, 0.1369858537177522, 0.13698382398980985]",0.9355194172545026,0.02671686020928147
,True,0.05350882167129466,6.468714452978475e-13,17,"[-1.8306706840555655, -1.8306726406039142, -1.8306305341866187, -1.8307577897129077, -1.83072003558295, -1.8307370167526642, -1.830660119262771, -1.8306804297651382]","[0.1381583950021616, 0.13815816203483725, 0.1381631757427241, 0.13814802360156828, 0.13815251878850998, 0.13815049691418219, 0.13815965296374624, 0.13815723457825202]",0.9355194172545026,0.026697380782110067
,True,0.05320080006814411,5.003220060473268e-13,18,"[-1.8207916928892243, -1.820793907375163, -1.820744170294225, -1.8208944015645852, -1.820849859580555, -1.8208700640335547, -1.8207794137753526, -1.8208031906439475]","[0.13933890320942702, 0.13933863764057244, 0.13934460238651028, 0.1393265864743327, 0.1393319277982932, 0.13932950492740953, 0.13934037577116037, 0.13933752436331392]",0.9355194172545026,0.026677837536890143
,True,0.052894676487143355,4.405364961712621e-13,19,"[-1.8109260609672493, -1.810928539615318, -1.8108703268768163, -1.8110460626254334, -1.8109939907030481, -1.811017811460562, -1.8109119248561705, -1.810939499813479]","[0.14052624013408987, 0.14052594076667338, 0.1405329717552605, 0.14051174712510933, 0.14051803587495962, 0.1405151590019777, 0.14052794748269712, 0.1405246170166832]",0.9355194172545026,0.02665823331218476
,True,0.05259046510254525,5.681566328519239e-13,20,"[-1.8010743914115863, -1.8010771370108631, -1.8010095663913477, -1.801213445392241, -1.8011530695155527, -1.8011809235754788, -1.8010582574478526, -1.8010899674139391]","[0.14172033026098274, 0.141719996298481, 0.1417282154794224, 0.14170341717837284, 0.14171076046620887, 0.14170737264355465, 0.14172229273794837, 0.14171843567394501]",0.9355194172545026,0.026638570934870695
,True,0.05228817916134253,5.258016244624741e-13,21,"[-1.7912372695139014, -1.7912402810787218, -1.7911624346165906, -1.7913972013610067, -1.7913277167739974, -1.791360045157317, -1.7912189997024928, -1.791255185195081]","[0.1429210976053848, 0.1429207287051804, 0.14293026472545645, 0.1429015079273307, 0.14291001865706296, 0.14290605890432403, 0.14292333557427517, 0.1429189030441948]",0.9355194172545026,0.026618853217210026
,True,0.05198783098843697,4.1744385725905886e-13,22,"[-1.7814152624603277, -1.7814185349070906, -1.7813294604451984, -1.7815979607080477, -1.7815185331205339, -1.781555800886738, -1.7813947226915925, -1.7814357262185267]","[0.14412846580841712, 0.14412806213474044, 0.1441390502778881, 0.14410593044889147, 0.1441157272777028, 0.1441111304944535, 0.14413099951937614, 0.14412594151067543]",0.9355194172545026,0.026599082954144475
,True,0.051689431995099566,5.930811397547586e-13,23,"[-1.7716089191515947, -1.7716124429927775, -1.7715111557642118, -1.7718163320824343, -1.7717260988838224, -1.771768795116573, -1.7715859802077654, -1.7716321446580099]","[0.14534235822352187, 0.14534192049971592, 0.1453545026128517, 0.14531659570816866, 0.14532780300148013, 0.14532249988379278, 0.14534520767544457, 0.14533947322232585]",0.9355194172545026,0.026579262920814976
,True,0.051392992690463005,4.1744385725905886e-13,24,"[-1.7618187701135966, -1.7618225311699482, -1.7617080154190903, -1.7620529025040133, -1.7619509739788028, -1.7619996117431198, -1.7617933086535462, -1.7618449756925882]","[0.14656269799403324, 0.14656222755393136, 0.1465765519631748, 0.1465334146525176, 0.14654616243310284, 0.14654007939378427, 0.1465658827949119, 0.14655942017623377]",0.9355194172545026,0.026559395870308262
36555.84636432838,True,0.051098522695767784,6.6463501369185e-13,25,"[-1.7520453274929266, -1.7520493066246496, -1.7519205172558763, -1.7523082373606713, -1.7521936978999841, -1.7522488141722972, -1.7520172270121335, -1.752074735487323]","[0.1477894081219429, 0.14778890696016087, 0.14780512837514104, 0.147756298295213, 0.14777072218709586, 0.14776378127967377, 0.14779294734786724, 0.14778570429108123]",0.9355194172545026,0.026539484531621006
,True,0.050806030761090526,4.956035581926699e-13,26,"[-1.7422890851314936, -1.7422932579890724, -1.7421491222357506, -1.7425828804979968, -1.7424547898018268, -1.7425169453742675, -1.7422582368944817, -1.742321921255494]","[0.14902241152804643, 0.1490218823490043, 0.1490401617571451, 0.148985157788975, 0.14900139895673264, 0.14899351780320375, 0.14902632358132345, 0.14901824747175865]",0.9355194172545026,0.026519531607842615
,True,0.05051552478426404,6.252776074688882e-13,27,"[-1.7325505187140324, -1.7325548555092154, -1.7323942746159773, -1.7328773543941436, -1.7327347486594613, -1.7328045280197872, -1.7325168226568648, -1.7325870113961006]","[0.15026163110373172, 0.15026107736923425, 0.1502815819205227, 0.15021990448963848, 0.1502381095737138, 0.15022920129605533, 0.15026593357057302, 0.15025697166539992]",0.9355194172545026,0.0264995397745396
,True,0.0502270118317239,4.725109192804666e-13,28,"[-1.7228300859821306, -1.7228345512794296, -1.7226564021910853, -1.7231921604124734, -1.7230340535027668, -1.723112064691312, -1.7227934515828336, -1.7228704657001945]","[0.15150698975473548, 0.15150641572995377, 0.15152931861289606, 0.15146045001033687, 0.15148077105894225, 0.15147074421437828, 0.1515116992629385, 0.15150179890915694]",0.9355194172545026,0.026479511678345932
,True,0.049940498160997965,4.636291350834654e-13,29,"[-1.7131282270082966, -1.7131327795372255, -1.712935916588073, -1.7135277791244319, -1.7133531637167245, -1.7134400381617638, -1.7130885741233866, -1.7131727256194778]","[0.1527584104372464, 0.15275782123495846, 0.1527833015444232, 0.15270670626663532, 0.1527293006648024, 0.15271805918480905, 0.15276354251427612, 0.1527526513700883]",0.9355194172545026,0.026459449935739444
,True,0.04965598924457648,5.74651437545981e-13,30,"[-1.7034453645235865, -1.703449957011735, -1.703233213609444, -1.7038846706951065, -1.703692519400953, -1.7037889117338412, -1.7034026241891638, -1.703494214590591]","[0.15401581618677887, 0.154015217809741, 0.15404346040737946, 0.1539585855131012, 0.15398361590940057, 0.15397105904242753, 0.1540213851186322, 0.15400945137758237]",0.9355194172545026,0.026439357131996084
,True,0.04937348979491303,5.293543381412746e-13,31,"[-1.6937819042923885, -1.6937864833192993, -1.6935486736179763, -1.6942632753239948, -1.6940525417814076, -1.6941591296328298, -1.6937360194885331, -1.693835338408581]","[0.15527913014027428, 0.15527852952160984, 0.15530972488952732, 0.1552160003718391, 0.15524363460326213, 0.15522965686114265, 0.15528514883148736, 0.15527212144877006]",0.9355194172545026,0.02641923582031584
,True,0.049093003790312235,5.115907697472721e-13,32,"[-1.684138235528103, -1.6841427413998111, -1.6838826619572973, -1.6846640137336824, -1.6844336336673866, -1.68455111744601, -1.6840891619055733, -1.6841964856431793]","[0.15654827555191195, 0.15654768059341861, 0.15658202468175295, 0.15647886385354967, 0.15650927486900812, 0.15649376597702622, 0.15655475538704625, 0.15654058430741047]",0.9355194172545026,0.02639908852110601
,True,0.048814534501473134,4.689582056016661e-13,33,"[-1.674514731343668, -1.6745190979876539, -1.6742355294025406, -1.6750872876993603, -1.6748361799472038, -1.6749652826019794, -1.6744624379121487, -1.674578028091725]","[0.15782317580312946, 0.15782259541141966, 0.15786028948046002, 0.1577470893716899, 0.15778045515455433, 0.15776330000513408, 0.15783012651004868, 0.1578147628967486]",0.9355194172545026,0.02637891772140664
,True,0.048538084518482974,7.904787935331115e-13,34,"[-1.664911749231135, -1.664915904111347, -1.6646076126356353, -1.6655334806124162, -1.6652605481161737, -1.6654020148834814, -1.664856219008511, -1.6649803212628214]","[0.1591037544073584, 0.159103198527762, 0.15914444898521776, 0.1590205907503253, 0.1590570942403835, 0.15903817285036534, 0.15911118392258547, 0.1590945803868549]",0.9355194172545026,0.02635872587445287
,True,0.048263655778061826,4.973799150320701e-13,35,"[-1.6553296315647974, -1.6553334956163168, -1.65499923474007, -1.6560029580716693, -1.6557070888308714, -1.6558616869676457, -1.6552708621871461, -1.6554037048851136]","[0.16038993500998588, 0.16038941465815634, 0.16043443289215775, 0.16029928222626524, 0.16033911124144698, 0.1603182987129127, 0.1603978493464055, 0.1603799601769591]",0.9355194172545026,0.026338515399358428
,True,0.04799124959087897,5.631051180898794e-13,36,"[-1.6457687061227044, -1.6457721937055458, -1.6454107057103027, -1.64649606849621, -1.6461761364839924, -1.646344654987909, -1.645706710414894, -1.6458485034359052]","[0.16168164138404498, 0.1616811686752242, 0.16173017088360922, 0.1615830784460698, 0.16162642560424448, 0.1616035920888544, 0.16169004450119523, 0.1616708258932858]",0.9355194172545026,0.026318288680908804
,True,0.04772086666878486,5.737632591262809e-13,37,"[-1.636229286621746, -1.636232305493221, -1.6358423229713346, -1.6370131437542068, -1.6366680097945225, -1.6368512591122613, -1.636164093128703, -1.6363150266846835]","[0.16297879742212926, 0.1629783855980367, 0.16303159261444986, 0.16287189445850428, 0.1629189570996221, 0.16289396776642698, 0.16298769109930433, 0.16296710138289122]",0.9355194172545026,0.02629804806945828
,True,0.04745250715180348,4.547473508864641e-13,38,"[-1.6267116732618607, -1.6267141245668726, -1.626294371904321, -1.6275544998024751, -1.6271830124083249, -1.6273818241328653, -1.626643326740736, -1.6268035702469978]","[0.1642813271250104, 0.16428099057833534, 0.1643386276956328, 0.1641656457030012, 0.16421662581181282, 0.1641893408185047, 0.16429071083737568, 0.16426871070398516]",0.9355194172545026,0.026277795880909966
,True,0.04718617063476842,6.554756737386924e-13,39,"[-1.6172161532752938, -1.6172179315538833, -1.6167671263744605, -1.6181204373320361, -1.617721433504665, -1.6179366600625074, -1.617144715148897, -1.6173144161445099]","[0.16558915458742085, 0.16558890888390523, 0.16565120567533329, 0.16546424799467027, 0.16551935212422322, 0.16548962659179056, 0.16559902538532173, 0.16557557811320459]",0.9355194172545026,0.026257534396780233
,True,0.0469218561934808,8.529288386682765e-13,40,"[-1.6077430014772136, -1.6077439946886305, -1.6072608492577651, -1.6087112424153367, -1.6082835484046072, -1.6085160627337505, -1.6076685502492092, -1.6078478333674213]","[0.16690220398143998, 0.16690206587955175, 0.16696925601813417, 0.1667676175063689, 0.1668270567024482, 0.16679474069320196, 0.1669125563730682, 0.16688762805028443]",0.9355194172545026,0.026237265864328087
,True,0.04665956241030148,4.011790899483003e-13,41,"[-1.5982924808143621, -1.5982925703769053, -1.597775792963673, -1.599327187151233, -1.5988696191776202, -1.59912031439707, -1.5982151124468404, -1.5984040784358595]","[0.1682203995379013, 0.16822038700610495, 0.1682927080826469, 0.16807567074832186, 0.1681396604749684, 0.16810459897390795, 0.1682312253754639, 0.16820478512054596]",0.9355194172545026,0.02621699249674954
,True,0.04639928739908227,4.654054919228656e-13,42,"[-1.5888648429087853, -1.5888639037546264, -1.5883121999508156, -1.5899685303042699, -1.5894798952431355, -1.589749684314656, -1.5887846711629074, -1.588983395957171]","[0.16954366552620873, 0.16954379775785086, 0.16962149109793814, 0.16938832454574693, 0.16945708461195796, 0.16941911751144742, 0.16955495389572994, 0.16952697407559938]",0.9355194172545026,0.026196716473415312
,True,0.04614102882938489,5.402900349338324e-13,43,"[-1.5794603285940403, -1.5794582292382247, -1.5788703032335873, -1.580635517935199, -1.580114613964184, -1.580404429346952, -1.5793774853345444, -1.579586019176435]","[0.17087192623292705, 0.17087222365876112, 0.17095553413910702, 0.1707054960149124, 0.17077925050260148, 0.17073821259032868, 0.17088366334779723, 0.1708541197926291]",0.9355194172545026,0.026176439940160976
,True,0.04588478394991758,4.2010839251815923e-13,44,"[-1.5700791684416153, -1.5700757710644186, -1.5694503268774855, -1.571328384020071, -1.570774001230608, -1.5710847945293778, -1.5699938039060357, -1.5702121705178496]","[0.17220510593948138, 0.17220559023786403, 0.17229476610232905, 0.17202710253802195, 0.17210607973128772, 0.17206180068148083, 0.17221727503785364, 0.17218614725260267]",0.9355194172545026,0.026156165009607612
,True,0.0456305496111509,5.853095785823825e-13,45,"[-1.560721583275615, -1.5607167438174263, -1.560052486481495, -1.5620473510556174, -1.561458272029699, -1.5617910136370334, -1.5606338663091257, -1.560862062114969]","[0.17354312889927417, 0.17354382300407173, 0.17363911567965717, 0.17335306173728818, 0.17343749405301923, 0.17338979842089705, 0.1735557101453964, 0.17352298151771764]",0.9355194172545026,0.026135893761511392
,True,0.04537832228708459,5.471179065352771e-13,46,"[-1.551387784674071, -1.5513813529419673, -1.5506769896460717, -1.552792630648985, -1.5521676310024377, -1.5525233097355169, -1.551297902930905, -1.5515358963280774]","[0.1748859193145001, 0.1748868474207509, 0.17498851133384347, 0.17468329144852562, 0.17477341536834598, 0.17472212258777964, 0.1748988897040585, 0.1748645477083718]",0.9355194172545026,0.026115628243140784
,True,0.04512809809613374,5.917488721252084e-13,47,"[-1.542077975455511, -1.5420697952406892, -1.5413240364255467, -1.543564424090213, -1.5429022729838238, -1.5432818957162993, -1.5419861355679472, -1.542233866247271]","[0.17623340131291282, 0.17623458888029558, 0.17634288127341813, 0.1760177096945617, 0.1761137656981019, 0.17605869008246786, 0.17624673458245163, 0.17621077097991536]",0.9355194172545026,0.026095370469666895
,True,0.04487987282112793,5.273004255457181e-13,48,"[-1.532792350149684, -1.5327822593549192, -1.5319938197640146, -1.534362922906155, -1.5336623835260654, -1.5340669748153883, -1.532698777865613, -1.5329561561800813]","[0.17758549892477096, 0.17758697267893522, 0.1777021534282374, 0.17735623465873387, 0.17745846715819455, 0.17739941790439984, 0.17759916546524393, 0.1775615764994177]",0.9355194172545026,0.02607512242456987
,True,0.04463364192841106,6.359357485052897e-13,49,"[-1.5235310954515737, -1.523518926227883, -1.5226865259139906, -1.5251883093948133, -1.5244481394036606, -1.5248787411142761, -1.5234360357416765, -1.5237029421227188]","[0.17894213606016532, 0.1789439239919842, 0.17906625542568813, 0.1786987846587118, 0.17880744193467119, 0.1787442231303322, 0.17895610283466476, 0.17891688942265555]",0.9355194172545026,0.02605488606005071
36567.78529768889,True,0.04438940058604757,5.633271626948044e-13,50,"[-1.514294390658048, -1.5142799695497475, -1.5134023348373244, -1.5160407571393206, -1.5152597090996391, -1.5157173800224053, -1.51419810779363, -1.514474392214233]","[0.18030323648690558, 0.18030536784971501, 0.1804351145677128, 0.18004527812085397, 0.18016061225925675, 0.1800930228930152, 0.18031746695260742, 0.18027663487150505]",0.9355194172545026,0.026034663297449735
,True,0.044147143681138215,4.360956040727615e-13,51,"[-1.5050824080866914, -1.5050655561840487, -1.5041414205880392, -1.5069204315010227, -1.5060972532724475, -1.5065830687406094, -1.5049851856892147, -1.5052706671730876]","[0.181668723809122, 0.1816712291140148, 0.18180865780879762, 0.18139563355528396, 0.1815179003855364, 0.18144573436049524, 0.18168317784347662, 0.18164073791189753]",0.9355194172545026,0.026014456027664355
,True,0.043906865836262854,4.669042930061096e-13,52,"[-1.4958953134765358, -1.4958758465752353, -1.494903951676926, -1.4978274900913269, -1.4969609252031546, -1.4974759767051746, -1.4957974545398973, -1.4960919207158252]","[0.18303852144671587, 0.1830414324559612, 0.1831868117350449, 0.18274976953184324, 0.18287922856592995, 0.18280227471619334, 0.18305315527790916, 0.18300912353247697]",0.9338786663243784,0.025994266111568638
,True,0.04366856142505468,4.60964599824365e-13,53,"[-1.4867332663705641, -1.4867109951372228, -1.4856900914178666, -1.4887620832221613, -1.487850871222822, -1.4883962660123458, -1.486635093257155, -1.4869382999576557]","[0.1844125526157727, 0.1844159023344355, 0.18456950254443302, 0.18410760465705692, 0.18424451902958489, 0.1841625611398858, 0.18442731875747434, 0.18438171662407743]",0.9338786663243784,0.025974095380419986
,True,0.04343222458694437,5.284661597215745e-13,54,"[-1.4775964204799954, -1.4775711506229854, -1.4764999982559825, -1.4797243543350511, -1.478767231120036, -1.4793440918232514, -1.477498274891572, -1.477809945794943]","[0.18579074031003437, 0.18579456297587002, 0.18595665602834863, 0.18546905755222484, 0.18561369396129382, 0.18552651078969332, 0.1858055875004449, 0.18575844196011942]",0.9338786663243784,0.025953945636268735
,True,0.04319784924108283,6.483702463810914e-13,55,"[-1.4684849240304823, -1.4684564564753346, -1.4673338260778201, -1.470714440408958, -1.4697101385287281, -1.470319602749357, -1.4683871669548587, -1.4687069932696855]","[0.1871730072835073, 0.1871773383552107, 0.18734819755445947, 0.1868340468327317, 0.18698667548152445, 0.18689404078516536, 0.18718788042871148, 0.1871392241780078]",0.9338786663243784,0.02593381865235416
,True,0.04296542909947272,4.920508445138694e-13,56,"[-1.4593989200904476, -1.459367051159141, -1.458191724503868, -1.461732472347151, -1.4606797212965263, -1.4613229412186697, -1.4593019317250118, -1.4596295719161911]","[0.1885592760342713, 0.1885641521781597, 0.18874405205098216, 0.1882024910886508, 0.1883633856276313, 0.18826506819152936, 0.18857411615589878, 0.18852398776159748]",0.9338786663243784,0.02591371617348948
,True,0.04273495767934112,4.976019596369952e-13,57,"[-1.4503385468818817, -1.4503030684753357, -1.4490738391637892, -1.4527785753434792, -1.4516761018339708, -1.4523542438230177, -1.4502427265349092, -1.450577806090239]","[0.18994946878953656, 0.18995492786474777, 0.1901441439923849, 0.18957430886669963, 0.18974374633630509, 0.18963951000515913, 0.18996421297672772, 0.1899126570247792]",0.9338786663243784,0.025893639916439205
,True,0.04250642831477598,4.882205750789126e-13,58,"[-1.4413039380739892, -1.4412646378571126, -1.439980311954811, -1.443852869228505, -1.4426993974450142, -1.4434136416468113, -1.441209704044716, -1.4415518152810927]","[0.19134350749198525, 0.19134958853427325, 0.19154839738655327, 0.1909494186535899, 0.19112767942730027, 0.191017283140302, 0.1913580888576559, 0.19130515609622467]",0.9338786663243784,0.025873591570280956
,True,0.04227983416766237,7.140954494389007e-13,59,"[-1.432295223060138, -1.4322518846488026, -1.4309112812837725, -1.4349554687960275, -1.4337497206392906, -1.4345012605777565, -1.4322030124985277, -1.4325517144067956]","[0.19274131378742235, 0.19274805699163386, 0.19295673576343592, 0.19232773886080157, 0.19251510658846893, 0.1923983044170915, 0.19275566142881648, 0.19270140890531937]",0.9338786663243784,0.025853572796756513
,True,0.042055168237947485,4.805045250577678e-13,60,"[-1.423312527218612, -1.4232649303679505, -1.4218668822933718, -1.4260864841105843, -1.4248271794266931, -1.425617221600057, -1.42322279596573, -1.4235776140932288]","[0.19414280901374947, 0.19415025571506475, 0.19436908216517795, 0.19370918781079782, 0.193905949362118, 0.19378249055086164, 0.1941568479772665, 0.19410133916929959]",0.9338786663243784,0.025833585230609628
,True,0.04183242337326383,4.600764214046649e-13,61,"[-1.4143559721577053, -1.4143038929511573, -1.4128472470731843, -1.4172460207965683, -1.4159318775948426, -1.4167616410706758, -1.4142691945675916, -1.4146296209374492]","[0.19554791419126705, 0.19555610684528915, 0.19578535913774012, 0.19509368372468733, 0.19530012913269693, 0.19516975814276788, 0.1955615654415465, 0.19550487038160344]",0.9338786663243784,0.02581363047990786
,True,0.041611592277946904,5.60440582830779e-13,62,"[-1.4054256759457284, -1.4053688869842824, -1.4038525048560568, -1.408434180309628, -1.4070639149700614, -1.407934630979267, -1.4053423446896343, -1.4057078377558632]","[0.196956550014302, 0.1969655321760786, 0.19720548872399496, 0.1964811447113303, 0.19669756711581451, 0.19656002367171121, 0.19696973040754465, 0.19691192580143474]",0.9351551186969707,0.025793710126353248
,True,0.04139266752147565,5.082601006733967e-13,63,"[-1.3965217533265162, -1.3964600239176244, -1.394882782200489, -1.39965106019105, -1.3982233876624939, -1.3991362991924128, -1.3964423791803462, -1.3968123638178065]","[0.19836863684415085, 0.19837845314621205, 0.19862939245828448, 0.19787148875787686, 0.19809818434857476, 0.1979532034875547, 0.19838125910565366, 0.19832242844453427]",0.9351551186969707,0.025773825725578785
,True,0.041175641546364466,5.337952302397753e-13,64,"[-1.3876443159210392, -1.3875774122667064, -1.3859382031596321, -1.3908967543058313, -1.3894103882960254, -1.3903667496828138, -1.387569427536819, -1.387943295065119]","[0.1997840947033222, 0.1997947908328183, 0.2000569913624171, 0.199264633721719, 0.19950190168121668, 0.19934921380561393, 0.19979606740920022, 0.19973630107514545]",0.9351551186969707,0.025753978807428343
,True,0.04096050667554563,5.184186413487168e-13,65,"[-1.3787934724157336, -1.3787211577993066, -1.377018889437533, -1.382171353065173, -1.3806250062236654, -1.3816260827440963, -1.378723616077894, -1.3791007243183127]","[0.2012028432710577, 0.20121446594607953, 0.20148820594307829, 0.2006604973238307, 0.2009086397700359, 0.20074797070239822, 0.20121407083412415, 0.20115346619915647]",0.9351551186969707,0.02573417087622905
,True,0.040747255119258856,4.864442182395123e-13,66,"[-1.3699693287381587, -1.369891363709371, -1.3681249605332557, -1.373474943634111, -1.3718673277290598, -1.3729143951918956, -1.3699050681054108, -1.3702847414699315]","[0.2026248018801058, 0.20263739882526974, 0.2029229561906229, 0.20205899714346637, 0.20231831907156161, 0.2021493901125736, 0.20263518453987822, 0.20257384605839696]",0.9351551186969707,0.0257144034110434
,True,0.04053587898148895,4.476419235288631e-13,67,"[-1.3611719882205948, -1.3610881307784441, -1.3592565338735025, -1.3648076101250137, -1.3631374362147952, -1.3642317805518813, -1.3611139040541425, -1.3614954336657015]","[0.2040498895147189, 0.2040635094360978, 0.2043611615792166, 0.2034600506141819, 0.20373085983795913, 0.2035533878271152, 0.20405932333151652, 0.20399736262606308]",0.9351551186969707,0.02569467786591356
,True,0.040326370265974645,5.986322548778844e-13,68,"[-1.3524015517521857, -1.352311557525249, -1.3504137249343529, -1.3561694337776593, -1.3544354123781526, -1.3555783292353747, -1.3523502416309987, -1.3527328854740606]","[0.2054780248098412, 0.2054927173693215, 0.20580274106828747, 0.20486357502114122, 0.20514618211362337, 0.20495987949261313, 0.2054864016629372, 0.20542393760324296]",0.9351551186969707,0.025674995670093723
,True,0.040118720881811745,3.856914787547794e-13,69,"[-1.3436581179202156, -1.343561740344031, -1.3415966473527212, -1.3475604931265959, -1.345761334374954, -1.346954128703205, -1.343614195944071, -1.3439971790446532]","[0.2069091260514537, 0.20692494184059695, 0.20724761310524892, 0.20626948749966517, 0.20656420573292744, 0.20636878061169295, 0.20691633364124118, 0.20685349241651008]",0.9351551186969707,0.025655358228267228
,True,0.03991292264868271,5.098144129078719e-13,70,"[-1.3349417831411052, -1.3348387736322755, -1.3328054130281257, -1.3389808641564753, -1.337115277972136, -1.3383592636184347, -1.3349058796220754, -1.335288394256356]","[0.2083431111780373, 0.20836010169152433, 0.20869569562945212, 0.20767770503498048, 0.2079848503190878, 0.20778000654450993, 0.20834903303216845, 0.20828594821655275]",0.9351551186969707,0.025635766920755254
,True,0.03970896730173448,6.126210649881614e-13,71,"[-1.326252641781689, -1.3261427499083842, -1.3240401322153375, -1.3304306204460299, -1.328497316689662, -1.3297938159885663, -1.3262254029247391, -1.3266066088553903]","[0.20977989778311845, 0.20979811539185067, 0.21014690607732525, 0.20908814446312207, 0.20940803528410595, 0.20919347251127518, 0.2097844132665696, 0.20972122587780437]",0.9351551186969707,0.02561622310371504
,True,0.03950684649612373,4.851674617611934e-13,72,"[-1.3175907862713216, -1.317473759919884, -1.3153009136084657, -1.3219098333013437, -1.319907521932372, -1.321257865297827, -1.317572873844659, -1.3179518985840577]","[0.2112194031188548, 0.21123890104278836, 0.2116011613886544, 0.2105007224729423, 0.21083367982974438, 0.21060909359576968, 0.21122238744787247, 0.2111592459990393]",0.9351551186969707,0.02559672810932354
,True,0.03930655181126517,5.26412247126018e-13,73,"[-1.3089563072053454, -1.3088318927427218, -1.3065878644170146, -1.31341857187905, -1.3113459631123423, -1.3127514886301082, -1.3089483982011416, -1.3093243373006211]","[0.21266154410062377, 0.21268237638140713, 0.2130583780139625, 0.21191535560917912, 0.21226170294949698, 0.21202678474980172, 0.21266286836049952, 0.21259992890489762]",0.9351551186969707,0.02557728324596075
,True,0.039108074754787024,4.216071936014032e-13,74,"[-1.3003492934404248, -1.3002172358721769, -1.2979010904344244, -1.3049569033000583, -1.3028127077623164, -1.3042747607831089, -1.3003520797265147, -1.3007239970908269]","[0.2141062373125708, 0.21412845878605713, 0.21451847192293974, 0.21333196027653428, 0.21369202343150867, 0.21344646079856458, 0.2141057684791939, 0.2140431946483031]",0.9351551186969707,0.02555788979837576
36583.36284489071,True,0.03891140676622555,4.298783551348606e-13,75,"[-1.2917698321822402, -1.2916298753059035, -1.2892406960995901, -1.2965248927543949, -1.2943078216407315, -1.2958277543742225, -1.2917840201453834, -1.2921509483715508]","[0.2155533990140782, 0.2155770652827802, 0.21598135861388068, 0.2147504527447143, 0.21512455986240428, 0.2148680364468475, 0.21555099997921087, 0.21548896301373657]",0.9351551186969707,0.02553854902784814
,True,0.03871653922047378,5.752620602095249e-13,76,"[-1.2832180090660077, -1.283069895619594, -1.2806067845518307, -1.2881226035977167, -1.285831368828857, -1.2874105399386682, -1.2832443192472824, -1.283605259987027]","[0.21700294514711277, 0.2170281125526659, 0.21744695312408177, 0.21617074915438428, 0.2165592306319825, 0.21629142628605755, 0.2169984747473301, 0.21693715352132936]",0.9351551186969707,0.025519262172341385
,True,0.038523463431004865,3.730349362740526e-13,77,"[-1.2746939082302746, -1.2745373800357322, -1.2719994576797586, -1.279750097440029, -1.2773834118205274, -1.2790231860203582, -1.274733074953152, -1.2750869992980984]","[0.21845479134441242, 0.2184815169401106, 0.2189151700411547, 0.2175927655239871, 0.21799595393873394, 0.21771654480200744, 0.21844810439364823, 0.21838768543173953]",0.9351551186969707,0.02550003044665131
,True,0.038332170652882275,5.065392549852277e-13,78,"[-1.266197612384414, -1.2660324104858829, -1.2634188161644766, -1.2714074342271178, -1.2689640116049374, -1.2706657592559627, -1.266250383376053, -1.266596232264905]","[0.2199088529384711, 0.2199371944619356, 0.2203859235152101, 0.21901641775738087, 0.21943464779614097, 0.21914330638342536, 0.21989980026410677, 0.21984047775177587]",0.9351551186969707,0.025480855042545474
,True,0.038142652085575796,6.001310559611284e-13,79,"[-1.2577292028702263, -1.2575550676669467, -1.2548649595175119, -1.2630946723151766, -1.2605732277429367, -1.2623383244526096, -1.257796338876506, -1.2581330235234087]","[0.221365044971283, 0.2213950608173238, 0.22185912727186727, 0.2204416216522471, 0.22087523003971896, 0.22057162533114522, 0.22135347345371542, 0.22129544924073458]",0.9364410365596519,0.02546173712889717
,True,0.037954898875601266,4.2432724001173483e-13,80,"[-1.2492887597180315, -1.2491054310917817, -1.246337986113872, -1.2548118685390925, -1.2522111184372435, -1.2540409446596401, -1.2493710341128288, -1.249697436456132]","[0.22282328220480688, 0.22285503139853222, 0.22333469462604605, 0.2218682929092236, 0.22231761833475955, 0.22200141586793473, 0.22280903482042821, 0.22275251841741342]",0.9364410365596519,0.02544267785181763
,True,0.03776890211899059,4.318767565791859e-13,81,"[-1.240876361697619, -1.2406835791345785, -1.2378379932205879, -1.2465590782748204, -1.243877740596976, -1.2457736812348124, -1.2409745600868185, -1.241289533257464]","[0.22428347913211233, 0.2243170213023408, 0.22481253849649804, 0.22329634714171825, 0.22376173018473533, 0.22343259214892094, 0.22426639499963347, 0.22421160356777128]",0.9364410365596519,0.025423678334779556
,True,0.037584652863611796,4.831690603168681e-13,82,"[-1.2324920863643956, -1.2322895890713506, -1.2293650770210918, -1.2383363554962594, -1.2355731498968723, -1.237536593905327, -1.2326070061851133, -1.2329093749938758]","[0.22574554998917096, 0.2257809453421964, 0.22629257142103448, 0.2247256998863581, 0.22520748294032922, 0.22486506827257297, 0.22572546441921626, 0.2256726227531989]",0.9364410365596519,0.025404739678739168
,True,0.03740214211134774,4.757860772031108e-13,83,"[-1.2241360101010617, -1.2239235371158863, -1.2209193326357535, -1.2301437528270207, -1.2272974008315543, -1.2293297408240265, -1.224268460216543, -1.2245570216593589]","[0.22720940876725612, 0.22724671806101376, 0.22777470557241006, 0.22615626661403246, 0.2266547938090509, 0.22629875829220467, 0.2271861533151572, 0.22713549381937026]",0.9364410365596519,0.02538586296225367
,True,0.037221360820149915,3.9940273310890007e-13,84,"[-1.2158082081551222, -1.2155854984514851, -1.212500854138884, -1.2219813215874493, -1.2190505467651696, -1.2211531786210987, -1.2159590084457648, -1.2162325322263914]","[0.22867496922591526, 0.2287142537445947, 0.22925885277482091, 0.22758796274148838, 0.2281035798654049, 0.2277335762279582, 0.22864837174762742, 0.2286001344056428]",0.9364410365596519,0.025367049241599764
,True,0.037042299905963895,4.691802502065912e-13,85,"[-1.2075087546725198, -1.2072755472587864, -1.2041097345724954, -1.213849111837249, -1.2108326399767237, -1.2130069624515996, -1.207678735623459, -1.207935964692711]","[0.23014214490648088, 0.23018346643562837, 0.23074492452097928, 0.22902070364343727, 0.22955375806157444, 0.2291694360792334, 0.2301120296175455, 0.2300664619549778]",0.9364410365596519,0.025348299550879545
,True,0.03686495024456142,5.577760475716786e-13,86,"[-1.199237722727664, -1.1989937567399789, -1.195746065957087, -1.205747172414031, -1.2026437317013992, -1.2048911460390825, -1.1994277250133472, -1.1996673761241632]","[0.23161084914608687, 0.23165426994823632, 0.23223283198972383, 0.23045440466513492, 0.23100524523858906, 0.23060625183752853, 0.23157703668355945, 0.23153439372435122]",0.9364410365596519,0.02532961490213929
,True,0.03668930267325882,4.662936703425657e-13,87,"[-1.1909951843501139, -1.190740199139663, -1.1874099392997164, -1.197675550968091, -1.1944838721681363, -1.1968057817156157, -1.1912060584162751, -1.1914268226938731]","[0.23308099509215668, 0.23312657788302682, 0.2337224860641308, 0.23188898113539716, 0.23245795813794196, 0.23204393749965743, 0.23304330257941974, 0.2330038467956272]",0.9364410365596519,0.025310996285472245
,True,0.036515347992557,4.289901767151605e-13,88,"[-1.182781210548152, -1.182514945762621, -1.179101444599589, -1.1896342939937026, -1.1863531106337386, -1.1887509204584374, -1.1830138161915902, -1.1832143597179767]","[0.23455249571733242, 0.2346003036426236, 0.23521379735008666, 0.23332434838001379, 0.23391181341362666, 0.23348240708131174, 0.23451073683170992, 0.23447473808686828]",0.9364410365596519,0.0252924446691324
,True,0.03634307696768947,5.930256286035274e-13,89,"[-1.1745958713294782, -1.1743180669887359, -1.170820670851396, -1.18162344685719, -1.1782514954137437, -1.1807266119234978, -1.174851077276027, -1.1750300416881312]","[0.2360252638348149, 0.2360753604476367, 0.23670667619528948, 0.2347604217355282, 0.2353667276445627, 0.23492157463093719, 0.23597924887790314, 0.23594698436405498]",0.9364410365596519,0.02527396099963816
,True,0.03617248033010079,5.195843755245733e-13,90,"[-1.1664392357192306, -1.1661496322852845, -1.1625677060466035, -1.1736430538220342, -1.1701790739102904, -1.1727329044761066, -1.1667179192003028, -1.1668739223010103]","[0.23749921211408342, 0.2375516613530416, 0.23820103270864193, 0.23619711656334585, 0.2368226173473811, 0.2363613542438933, 0.237448748084712, 0.23742050225319122]",0.9379249109437928,0.025255546201881512
,True,0.036003548778854144,5.012101844670269e-13,91,"[-1.1583113717755378, -1.1580097102168148, -1.1543426371728946, -1.1656931580712435, -1.162135892637192, -1.1647698452189006, -1.1586144181036075, -1.1587460544849792]","[0.2389742530969685, 0.23902911926493603, 0.23969677678000506, 0.23763434826414248, 0.23827939898954179, 0.23780166007686826, 0.23891914376670298, 0.23889520825277077]",0.9379249109437928,0.02523720117923483
,True,0.03583627298197893,4.334310688136611e-13,92,"[-1.1502123466027823, -1.1498983684528075, -1.1461455502119415, -1.1577738017272095, -1.15412199724242, -1.1568374800173271, -1.1505406487461665, -1.150646490424129]","[0.24045029921404854, 0.24050764695764298, 0.24119381810027773, 0.23907203229253848, 0.2397369890027559, 0.23924240636252167, 0.24039034520514535, 0.24037101874658168]",0.9379249109437928,0.025218926813660225
,True,0.03567064357775864,4.991562718714704e-13,93,"[-1.142142226362752, -1.1418156737733052, -1.137976530135681, -1.1498850258692477, -1.146137432528179, -1.1489358535228253, -1.1424966845200355, -1.1425752815798407]","[0.24192726280134388, 0.24198715709113167, 0.24269206618177228, 0.24051008417201158, 0.24119530379668766, 0.2406835074243288, 0.2418622616670666, 0.24184785001682607]",0.9379249109437928,0.02520072396581639
,True,0.03550665117597097,4.4381165409390633e-13,94,"[-1.134101076283841, -1.1337616920726852, -1.1298356609012503, -1.1420268705490184, -1.1381822424687535, -1.1410650091938779, -1.1344825974582837, -1.1345324787100386]","[0.24340505611728264, 0.2434675622287259, 0.24419143037885466, 0.24194841951001747, 0.24265425977291072, 0.24212487769160046, 0.24333480242448763, 0.24332561825753504]",0.9379249109437928,0.025182593475169667
,True,0.03534428635907944,4.4853010194856324e-13,95,"[-1.1260889606684503, -1.125736488361735, -1.1217230254447306, -1.1341993748039991, -1.130256470226282, -1.1332249893150925, -1.1264984582427038, -1.1265181318862794]","[0.24488359135991353, 0.24494877485507346, 0.24569181990882014, 0.24338695401329286, 0.24411377333909504, 0.24356643171465503, 0.2448078767738103, 0.24480423958825653]",0.9379249109437928,0.025164536160104112
,True,0.035183539683385105,4.813927034774679e-13,96,"[-1.1181059428987337, -1.1177401267681848, -1.1136387056738353, -1.1264025766691772, -1.1223601581646157, -1.12541583501446, -1.1185443362101806, -1.1185322905088178]","[0.24636278068433984, 0.24643070739434902, 0.2471931438729751, 0.24482560350331284, 0.24557376092340177, 0.24500808418012007, 0.24628139405533403, 0.2462836300679966]",0.9364410365596519,0.02514655281803465
,True,0.0350244016801395,4.9649173661237e-13,97,"[-1.1101520854408158, -1.1097726705358388, -1.1055827824596707, -1.1186365131871125, -1.1144933478614, -1.1176375862789287, -1.1106202993578436, -1.110575003319778]","[0.24784253622035352, 0.24791327222866374, 0.2486953112778985, 0.24626428393187932, 0.2470341389890641, 0.24644974992633956, 0.24775526367287473, 0.247763705709396]",0.9364410365596519,0.025128644225520837
,True,0.03486686285662546,6.439293542825908e-13,98,"[-1.102227449847612, -1.1018341820224342, -1.097555335627686, -1.1109012204165147, -1.1066560801185117, -1.1098902819684215, -1.1027264143471145, -1.1026463184145532]","[0.24932277009024484, 0.24939638171665784, 0.2501982310568545, 0.24770291139681472, 0.2484948240491328, 0.24789134395886758, 0.24922939511346442, 0.24924438249312172]",0.9364410365596519,0.025110811138383912
,True,0.03471091369720658,3.7214675785435247e-13,99,"[-1.0943320967603591, -1.0939247226963549, -1.0895564439479222, -1.1031967334394648, -1.0988483949709722, -1.1021739598284184, -1.0948627465067573, -1.0947462832515453]","[0.2508033944267663, 0.2508799482122501, 0.25170181209133186, 0.24914140215773972, 0.24995573268136717, 0.24933278146602797, 0.2507036979671082, 0.25072557638245696]",0.9364410365596519,0.025093054291824877
36602.4919169217,True,0.03455654466434864,3.739231146937527e-13,100,"[-1.0864660859089714, -1.0860443531323136, -1.0815861851246609, -1.0955230863674046, -1.0910703316944559, -1.0944886565012106, -1.0870293598350287, -1.086874944660355]","[0.25228432139122986, 0.2523638840835217, 0.25320596323268346, 0.25057967265191183, 0.25141678154325037, 0.25077397783451894, 0.2521780819465763, 0.2522072033380718]",0.9364410365596519,0.025075374400543735
,True,0.03440374619962362,4.338751580235112e-13,101,"[-1.0786294761113153, -1.0781931330061083, -1.073644635785567, -1.0878803123460077, -1.0833219288114944, -1.0868344075359344, -1.0792263170010192, -1.0790323488485178]","[0.2537654631917168, 0.2538481017317104, 0.2547105933238435, 0.2520176395101046, 0.2528778873871126, 0.25221484866504695, 0.25365245690721133, 0.25368917933295754]",0.9364410365596519,0.025057772158867776
,True,0.034252508724681,4.562461519697081e-13,102,"[-1.0708223252715028, -1.0703711210885554, -1.0657318714704103, -1.0802684435590348, -1.0756032240964792, -1.079211247397476, -1.0714536793452725, -1.071218541406883]","[0.25524673210138016, 0.2553325136102942, 0.2562156112210966, 0.253455219572507, 0.2543389670753425, 0.2536553097879702, 0.25512673286672954, 0.2551714203675094]",0.9364410365596519,0.025040248240871102
,True,0.034102822642211636,5.160316618457728e-13,103,"[-1.0630446903772863, -1.0625783752386897, -1.0578479666194476, -1.072687511231274, -1.067914254579555, -1.0716192094743395, -1.0637115068797567, -1.063433567313721]","[0.2567280404768211, 0.2568170322441419, 0.2577209258158785, 0.2548923299046246, 0.2557999375956706, 0.2550952772789354, 0.2566008200249969, 0.256653842484741]",0.9364410365596519,0.025022803300508357
,True,0.033954678336887825,5.149214388211476e-13,104,"[-1.0552966274966398, -1.0548149523963202, -1.0499929945615363, -1.065137545630651, -1.0602550565494868, -1.0640583260855594, -1.0559998582872654, -1.0556774709376424]","[0.2582093007765199, 0.2583015702487102, 0.25922644605658485, 0.2563288878131637, 0.2572607160765083, 0.2565346674744929, 0.2580746287837618, 0.2581363617856159]",0.9364410365596519,0.02500543797174402
,True,0.033808066176291236,4.938272013532696e-13,105,"[-1.0475781917735996, -1.0470809085740196, -1.0421670275020478, -1.0576185760695995, -1.052625665555584, -1.0565286284867337, -1.0483187909203115, -1.0479502960394063]","[0.25969042557930466, 0.25978604034926767, 0.26073208097036704, 0.2577648108618813, 0.2587212198023262, 0.2579733969876729, 0.2595480697663256, 0.2596188944444816]",0.9364410365596519,0.024988152868687358
,True,0.033662976511829416,4.719002966169228e-13,106,"[-1.0398894374234386, -1.039376298848625, -1.0343701365106448, -1.050130630905759, -1.045026116408753, -1.04903014687525, -1.0406683607995793, -1.0402520857726887]","[0.26117132760283884, 0.2612703554001254, 0.2622377396848958, 0.2592000168873847, 0.26018136622905697, 0.2594113827235102, 0.261021053837134, 0.2611013567245916]",0.9364410365596519,0.024970948585731557
,True,0.03351939967963827,5.275779813018744e-13,107,"[-1.0322304177272374, -1.0317011773523164, -1.0266023915089744, -1.0426737375420794, -1.0374564431817515, -1.04156291039477, -1.03304862261199, -1.032582882683881]","[0.2626519197221126, 0.2627544284038565, 0.2637433314500717, 0.2606344240148648, 0.26164107299950806, 0.2608485418945021, 0.2624934921212729, 0.2625836649937018]",0.9364410365596519,0.024953825697693215
,True,0.03337732600147569,3.9968028886505635e-13,108,"[-1.0246011850259158, -1.0240555972633396, -1.018863861258335, -1.035247922426393, -1.0299166792087022, -1.0341269471390324, -1.025459629708436, -1.0249427287109814]","[0.26413211498792005, 0.26423817253048526, 0.26524876565966415, 0.26206795067374805, 0.26310025795876985, 0.2622847920359862, 0.2639652960238525, 0.26406573573972725]",0.9364410365596519,0.02493678475995575
,True,0.03323674578560941,4.68292071786891e-13,109,"[-1.0170017907137825, -1.0164396107964315, -1.0111546133473595, -1.0278532110505152, -1.0224068570839346, -1.0267222841550363, -1.017901434101232, -1.0173316651816398]","[0.2656118266453076, 0.26572150113663007, 0.26675395187286005, 0.263500515613253, 0.264558839169607, 0.26372005102142687, 0.2654363772492638, 0.26554748558644714]",0.9364410365596519,0.024919826308618484
,True,0.033097649327694934,6.22002449546244e-13,110,"[-1.0094322852316548, -1.0088532691930048, -1.0034747141797613, -1.020489627948927, -1.0149270086602034, -1.0193489474456503, -1.0103740864613293, -1.0097497328104135]","[0.26709096815197786, 0.26720432778458114, 0.2682587998357059, 0.2649320379178382, 0.2660167349278181, 0.2651542370775962, 0.26690664782029366, 0.26702883130924443]",0.9364410365596519,0.024902950860646256
,True,0.03296002691164718,3.739231146937527e-13,111,"[-1.0018927180596018, -1.0012966227111415, -0.9958242289621813, -1.0131571966970965, -1.0074771650463397, -1.0120069619717031, -1.0028776361153335, -1.0021969716952865]","[0.26856945319663433, 0.26868656626129894, 0.2697632195024242, 0.266362437022528, 0.2674738637775531, 0.2665872687996392, 0.2683760200970838, 0.26850968985086787]",0.9390020161093788,0.024886158914021857
,True,0.03282386881051076,4.088396288182139e-13,112,"[-0.9943831377093538, -0.9937697206154447, -0.9882032216921717, -1.0058559399094769, -1.0000573566043829, -1.0046963516535976, -0.9954121310423675, -0.9946734213135044]","[0.27004719571725244, 0.27016813059731604, 0.27126712105659, 0.26779163272810436, 0.2689301445265753, 0.26801906516601187, 0.2698444067959194, 0.26998997833720456]",0.9390020161093788,0.024869450947905585
,True,0.03268916528731995,5.366818101038007e-13,113,"[-0.9869035917164257, -0.9862726111667902, -0.9806117551463507, -0.9985858792372327, -0.9926676129462374, -0.9974171393724925, -0.9879776178708128, -0.9871791205167706]","[0.2715241099192633, 0.2716489350855277, 0.27277041493215054, 0.26921954521615377, 0.2703854962614569, 0.269449545553282, 0.27131172100783607, 0.27146961409305154]",0.9390020161093788,0.024852827422791865
,True,0.03255590659596267,4.1178171983347056e-13,114,"[-0.9794541266319924, -0.978805341612021, -0.9730498908687549, -0.9913470353657289, -0.9853079629298979, -0.9901693469710913, -0.9805741418749642, -0.979714107525851]","[0.27300011029363674, 0.27312889429985715, 0.2742730118342733, 0.2706460950639571, 0.2718398383626965, 0.2708786297507812, 0.27277787621703065, 0.2729485146578734]",0.9390020161093788,0.024836288780676674
,True,0.03242408298203468,5.207501097004297e-13,115,"[-0.9720347880145556, -0.9713679581736193, -0.9655176891594184, -0.9841394280118186, -0.9779784346552813, -0.9829529952540728, -0.9732017469716254, -0.9722784199246296]","[0.2744751116348505, 0.2746079231137811, 0.2757748227600084, 0.2720712032592126, 0.27329309051974904, 0.272306237975101, 0.2742427863190655, 0.2744265978015371]",0.9390020161093788,0.02481983544522112
,True,0.03229368468369652,4.4919623576333834e-13,116,"[-0.9646456204214374, -0.9639605060393925, -0.9580152090632003, -0.9769630759209661, -0.9706790554597036, -0.9757681039882008, -0.9658604757166783, -0.9648720946536552]","[0.27594902905873325, 0.27608593671870163, 0.27727575901875096, 0.27349479121458303, 0.27474517274595645, 0.2737322908844213, 0.27570636563885376, 0.2759037815400106]",0.9390020161093788,0.02480346782192332
,True,0.03216470193252273,5.296318938974309e-13,117,"[-0.957286667400134, -0.9565830293522043, -0.9505425083588834, -0.9698179968642316, -0.9634098519130343, -0.968614691902142, -0.958550369301646, -0.9574951680032178]","[0.27742177802016943, 0.27756285064215197, 0.2787757322524903, 0.27491678078205617, 0.2761960053933701, 0.27515670959266497, 0.2771685289484153, 0.277379984151016]",0.9390020161093788,0.02478718629828748
,True,0.03203712495435917,5.473399511402022e-13,118,"[-0.9499579714795597, -0.9492355711997787, -0.9430996435485622, -0.9627042076351486, -0.9561708498125625, -0.9614927766860232, -0.9512714675502781, -0.9501476756059914]","[0.27889327433065353, 0.27903858076582405, 0.2802746544558336, 0.2763370942671108, 0.27764550916745545, 0.27657941568346806, 0.278629191484393, 0.27885512418962666]",0.9390020161093788,0.02477099124400539
,True,0.03191094397016864,5.293543381412746e-13,119,"[-0.9426595741612118, -0.9419181736046062, -0.9356866698473367, -0.9556217240465166, -0.9489620741776028, -0.954402374990755, -0.9440238089151768, -0.9428296524292796]","[0.2803634341756836, 0.2805130433434051, 0.2817724379957914, 0.27775565444267997, 0.27909360514166914, 0.27800033122395956, 0.28008826896531835, 0.28032912050379744]",0.9390020161093788,0.02475488301113048
,True,0.031786149196883974,5.027089855502709e-13,120,"[-0.935391515910282, -0.9346308775139731, -0.9283036411733272, -0.9485705609271339, -0.9417835492438705, -0.9473435024271475, -0.9368074304744857, -0.935541132766894]","[0.2818321741319821, 0.28198615501821206, 0.28326899563131364, 0.2791723845629036, 0.28054021477190083, 0.2794193787783424, 0.2815456776086184, 0.2818018922498182]",0.9390020161093788,0.02473886193426294
,True,0.03166273084825294,4.9649173661237e-13,121,"[-0.9281538361467406, -0.92737372279014, -0.9209506101380226, -0.9415507321184915, -0.9346352984576518, -0.9403161735648422, -0.9296223679286585, -0.9282821502306999]","[0.2832994111845341, 0.28345783284061354, 0.2847642405325652, 0.2805872083766627, 0.28198525991076995, 0.2808364814212684, 0.28300133414735407, 0.28327335890768174]",0.9390020161093788,0.024722928330730056
,True,0.03154067913569302,5.820344206597383e-13,122,"[-0.9209465732364165, -0.9201467482006864, -0.9136276280369738, -0.9345622504714457, -0.9275173444697935, -0.9333204019310826, -0.9224686555973245, -0.9210527377418589]","[0.2847650627434328, 0.28492799428522764, 0.2862580862999306, 0.282000050140889, 0.2834286628217709, 0.282251562751001, 0.2844551558466815, 0.284743440296355]",0.9390020161093788,0.0247070825007797
,True,0.03141998426913466,5.704881012036367e-13,123,"[-0.9137697644820952, -0.9129499914090429, -0.9063347448408408, -0.9276051278428887, -0.920429709129536, -0.9263562000093437, -0.9153463264162666, -0.9138529275217953]","[0.2862290466605218, 0.2863965572678869, 0.2877504469827368, 0.28341083463364347, 0.2848703461932572, 0.2836645469023595, 0.28590706052002834, 0.2862120565889458]",0.9390020161093788,0.02469132472776514
,True,0.03130063645787228,5.440092820663267e-13,124,"[-0.906623446114656, -0.9057834889652245, -0.8990720091868012, -0.920679375092432, -0.9133724134782105, -0.9194235792378413, -0.9082554119345251, -0.9066827510829164]","[0.2876912812458259, 0.28786344016235976, 0.28924123709768657, 0.2848194871669568, 0.28631023315225823, 0.2850753585594379, 0.2873569665449774, 0.2876791283277546]",0.9390020161093788,0.024675655278340494
36624.65414708363,True,0.03118262591141161,4.0784042809605126e-13,125,"[-0.8995076532842661, -0.8986472762967836, -0.8918394683703291, -0.913785002079117, -0.906345477742821, -0.912522550007938, -0.9011959423116407, -0.8995422392191118]","[0.28915168528376034, 0.2893285618168205, 0.29073037164699184, 0.2862259335994277, 0.28774824727812126, 0.28648392296809355, 0.2888047928788502, 0.2891445764392042]",0.9390020161093788,0.02466007440265506
,True,0.031065942840317284,3.963496197911809e-13,126,"[-0.8924224200516515, -0.8915413876999934, -0.8846371683373465, -0.9069220176581655, -0.8993489213295305, -0.9056531216624633, -0.8941679463150478, -0.892431421996056]","[0.2906101780491109, 0.2907918415700579, 0.29221776613619876, 0.2876301003485725, 0.2891843126159715, 0.2878901659481997, 0.29025045907398417, 0.2906083222486363]",0.9390020161093788,0.024644582334550604
,True,0.030950577457061104,6.03073146976385e-13,127,"[-0.88536777937946, -0.8844658563312754, -0.8774651536767534, -0.9000904296777833, -0.8923827628170685, -0.8988153024939639, -0.8871714513176282, -0.8853503287413402]","[0.2920666793227754, 0.2922531992674152, 0.2937033365916971, 0.2890319144029219, 0.29061835368998357, 0.28929401390565745, 0.2916938852926959, 0.29207028749496877]",0.9390020161093788,0.0246291792917617
,True,0.030836519976870716,6.113443085098424e-13,128,"[-0.8783437631237322, -0.8774207141988823, -0.8703234676133389, -0.8932902449760249, -0.885447019950078, -0.8920090997429001, -0.8802064832954356, -0.8782989880344553]","[0.2935211094072593, 0.293712555276454, 0.2951869995779063, 0.29043130333386014, 0.2920502955164586, 0.29069539384416143, 0.29313499232192597, 0.29353039434520406]",0.9390020161093788,0.02461386547611897
,True,0.030723760618572744,4.2787995369053533e-13,129,"[-0.8713504020254952, -0.8704059921548443, -0.863212152001076, -0.8865214693777315, -0.8785417096324163, -0.8852345195957998, -0.8732730668255985, -0.8712774276966476]","[0.29497338914191795, 0.29516983050233336, 0.2966686722141306, 0.29182819530720244, 0.2934800636167004, 0.29209423337671586, 0.2945737015875585, 0.29498856540878116]",0.9390020161093788,0.024598641073749185
,True,0.030612289605444962,4.4853010194856324e-13,130,"[-0.8643877257024926, -0.8634217198871883, -0.8561312473168006, -0.879784107691548, -0.8716668479204257, -0.8784915671833862, -0.866371225084409, -0.8642856747806702]","[0.29642343991793807, 0.2966249464028987, 0.29814827219107715, 0.293222519094507, 0.29490758402968514, 0.29349046073689594, 0.2960099351684112, 0.29644472375176323]",0.9377463621696724,0.02458350625528686
,True,0.030502097166057562,4.218847493575595e-13,131,"[-0.857455762641063, -0.856467925912438, -0.8490807926542745, -0.8730781637070302, -0.8648224500161875, -0.8717802465786891, -0.8595009798456061, -0.8573237555604484]","[0.29787118369305104, 0.29807782500347335, 0.29962571778703084, 0.2946142040841179, 0.2963327833245189, 0.29488400478985105, 0.2974436158098896, 0.2978987929108534]",0.9377463621696724,0.02456846117607736
,True,0.030393173535121103,4.2077452633293433e-13,132,"[-0.8505545401881792, -0.8495446375684002, -0.8420608257186343, -0.866403640191845, -0.8580085302607733, -0.8651005607951532, -0.8526623514788569, -0.8503916955206802]","[0.2993165430059725, 0.2995283889113466, 0.3011009278836801, 0.29600318029193645, 0.2977555886126782, 0.2962747950430461, 0.29887466693730363, 0.2993506969072315]",0.9377463621696724,0.02455350597638919
,True,0.030285508954330936,6.661338147750939e-13,133,"[-0.8436840845436577, -0.8426518810072424, -0.8350713828212216, -0.8597605388890733, -0.8512251021275046, -0.8584525117847521, -0.8458553589484425, -0.8434895193463895]","[0.3007594409905606, 0.3009765613299531, 0.3025738219815884, 0.2973893783719162, 0.2991759275600279, 0.29766276165673805, 0.30030301266883935, 0.3008003602602036]",0.9377463621696724,0.024538640781625314
,True,0.03017909367320895,4.723443858267729e-13,134,"[-0.8368444207525506, -0.835789681188869, -0.8281124988747962, -0.8531488605146184, -0.8444721782152343, -0.851836100436121, -0.839080019812154, -0.8366172509124504]","[0.3021998013896892, 0.3024222660727379, 0.3040443202153066, 0.29877272962628204, 0.30059372839861276, 0.2990478354541836, 0.30172857782818413, 0.30224770800065986]",0.9377463621696724,0.024523865702534366
,True,0.030073917949945305,5.213607323639735e-13,135,"[-0.830035572697727, -0.8289580618745958, -0.8211842073891266, -0.8465686047547256, -0.8377497702416603, -0.8452513265727145, -0.8323363502204006, -0.8297749132730999]","[0.3036375485688276, 0.3038654275767023, 0.3055123433681218, 0.3001531660154683, 0.3020089199382165, 0.3004299479315762, 0.3031512879568019, 0.3036926656843304]",0.9377463621696724,0.024509180835424617
,True,0.02996997205224185,4.911626660941693e-13,136,"[-0.8232575630926542, -0.8221570456211292, -0.8142865404669578, -0.8400197702636187, -0.8310578890366807, -0.8386981889510012, -0.8256243649155359, -0.8229625286514551]","[0.30507260752932397, 0.3053059709156263, 0.3069778128864384, 0.3015306201677755, 0.30342143157768614, 0.30180903126770947, 0.3045710693258546, 0.3051351594048363]",0.9377463621696724,0.02449458626238237
,True,0.029867246258146962,4.3232084578903596e-13,137,"[-0.8165104134743855, -0.8153866537748514, -0.8074195288003512, -0.8335023546612536, -0.8243965445358026, -0.8321766852587015, -0.8189440772314023, -0.8161801184290512]","[0.3065049039213866, 0.3067438218129633, 0.30844065089378836, 0.3029050253887435, 0.3048311933160161, 0.3031850183333645, 0.30598784894776726, 0.30657511580652713]",0.9362557635997826,0.02448008205148468
,True,0.029765730856894285,4.689582056016661e-13,138,"[-0.8097941441967621, -0.8086469064664112, -0.8005832016673928, -0.8270163545311957, -0.8177657457736127, -0.8256868121130775, -0.8122954990930988, -0.8094277031354149]","[0.3079343640567582, 0.30817890665440384, 0.3099007802044664, 0.3042763156702396, 0.3062381357631888, 0.30455784270041897, 0.30740155458743534, 0.3080124620970998]",0.9362557635997826,0.02446566825701903
,True,0.029665416149735994,4.32542890393961e-13,139,"[-0.8031087744238364, -0.8019378226056255, -0.7937775869292668, -0.8205617654186227, -0.8111655008773179, -0.8192285650592828, -0.8056786410169728, -0.8027053024376882]","[0.30936091492107964, 0.3096111525001041, 0.31135812433678844, 0.3056444256992604, 0.3076421901507683, 0.30592743865067706, 0.30881211477307136, 0.30944712605999325]",0.9362557635997826,0.02445134491970063
,True,0.0295662924507748,5.455635943008019e-13,140,"[-0.7964543221235221, -0.795259419876688, -0.7870027110276883, -0.8141385818284539, -0.8045958170603652, -0.8128019385687777, -0.7990935121108369, -0.7960129351303168]","[0.3107844841859384, 0.31104048709657683, 0.31281260752596995, 0.30700929086644635, 0.309043288342244, 0.30729374118441705, 0.3102194588066894, 0.31087903606655237]",0.9362557635997826,0.024437112066891763
,True,0.029468350087794044,5.39124300757976e-13,141,"[-0.7898308040614762, -0.7886117147336874, -0.7802585989826915, -0.8077467972236099, -0.798056700616149, -0.8064069260378183, -0.7925401200744131, -0.7893506191248152]","[0.3122050002205987, 0.31246683888824184, 0.3142641547366223, 0.3083708472743086, 0.31044136284311974, 0.3086566860286565, 0.31162351677422667, 0.3123081210879575]",0.9362557635997826,0.024422969712822616
,True,0.02937157940308196,4.671818487622659e-13,142,"[-0.78323823579522, -0.7819947223964338, -0.7735452743907677, -0.8013864040234039, -0.7915481569118119, -0.8000435197860235, -0.7860184712000051, -0.7827183714396229]","[0.31362239210341014, 0.31389013702863383, 0.3157126916748655, 0.30972903174516714, 0.3118363468107484, 0.31001620964513354, 0.31302421955530024, 0.3137343107069126]",0.9362557635997826,0.024408917858809838
,True,0.029275970754254803,7.321365735890595e-13,143,"[-0.7766766316685011, -0.7754084568465921, -0.7668627594233476, -0.7950573936020657, -0.7850701903821479, -0.7937117110550278, -0.7795285703733976, -0.7761162081900629]","[0.31503658963289033, 0.3153103113912656, 0.31715814480005605, 0.3110837818288002, 0.313228174063906, 0.311372249238003, 0.3144214988325988, 0.31515753512908823]",0.9362557635997826,0.024394956493477685
,True,0.02918151451507635,5.613287612504791e-13,144,"[-0.7701460048059019, -0.7688529308241218, -0.7602110748256223, -0.7887597562873995, -0.7786228045236125, -0.7874114900072237, -0.7730704210749844, -0.7695441445784142]","[0.31644752333848164, 0.31672729258014437, 0.31860044133612825, 0.31243503580980514, 0.31461677909210534, 0.31272474276124657, 0.3158152871009089, 0.31657772519431515]",0.9362557635997826,0.02438108559297934
,True,0.02908820107627285,6.942779684493416e-13,145,"[-0.7636463671076984, -0.7623281558240202, -0.7535902399156976, -0.7824934813595772, -0.7722060018884486, -0.7811428457245992, -0.766644025381124, -0.7630021948841101]","[0.31785512449097647, 0.31814101193994093, 0.3200395092825485, 0.31378273271467, 0.3160020970646459, 0.3140736289257975, 0.3172055176757753, 0.3179948123875228]",0.9362557635997826,0.02436730512121777
,True,0.028996020846343222,4.846678614001121e-13,146,"[-0.7571777292449718, -0.7558341420933684, -0.747000272584075, -0.7762585570500675, -0.7658197840789308, -0.7749057662076767, -0.7602493839657232, -0.7564903724540724]","[0.31925932511261085, 0.31955140156580947, 0.3214752774248824, 0.3151268123185574, 0.31738406383939805, 0.315418847206378, 0.3185921247017963, 0.31940872884941973]",0.9362557635997826,0.024353615030065928
,True,0.028904964252368968,4.936051567483446e-13,147,"[-0.7507401006549764, -0.7493708986286758, -0.7404411892934536, -0.7700549705407013, -0.7594641517417375, -0.7687002383745544, -0.7538864961020463, -0.7500086896931911]","[0.3206600579868245, 0.32095839431285844, 0.3229076753449747, 0.31646721515179976, 0.31876261597132055, 0.31676033784805024, 0.31997504316055314, 0.32081940738691145]",0.9362557635997826,0.02434001525959102
,True,0.028815021740810583,6.397660179402465e-13,148,"[-0.7443334895367654, -0.742938433173522, -0.733913005078847, -0.7638827079628737, -0.7531391045624528, -0.7625262480600579, -0.7475553596647507, -0.7435571580549618]","[0.32205725666768475, 0.3223619238052707, 0.3243366334307406, 0.3178038825061082, 0.32013769072070863, 0.318098041872481, 0.32135420887817523, 0.3222267814832525]",0.9362557635997826,0.02432650573826977
,True,0.02872618377830969,6.060152379916417e-13,149,"[-0.7379579028470776, -0.736536752216493, -0.7274157335480085, -0.7577417543968841, -0.746844641260205, -0.7563837800150041, -0.7412559711321465, -0.7371357880322859]","[0.32345085548897357, 0.32376192444507423, 0.3257620828855716, 0.31913675644049433, 0.32150922606117177, 0.3194319010839196, 0.3227295585325425, 0.32363078530792844]",0.9362557635997826,0.02431308638321405
36648.93248691444,True,0.02863844085247869,4.147793219999585e-13,150,"[-0.7316133462964872, -0.7301658609894064, -0.7209493868821575, -0.7516320938714119, -0.7405807595824464, -0.7502728179055808, -0.7349883255886784, -0.7307445891484463]","[0.3248407895729373, 0.3251583314205622, 0.3271839557373543, 0.3204657797869073, 0.32287716068734074, 0.3207618580748904, 0.32410102966012433, 0.325031353726266]",0.9362557635997826,0.02429975710038879
,True,0.028551783472686887,5.39124300757976e-13,151,"[-0.7252998243458159, -0.7238257634658255, -0.7145139758370029, -0.7455537093631314, -0.7343474562998775, -0.7441933443128464, -0.72875241672763, -0.7243835699482649]","[0.3262269948386976, 0.3265510807143638, 0.3286021848471045, 0.32179089615558665, 0.32424143402230143, 0.32208785623159936, 0.3254685606624584, 0.32642842230876656]",0.9362557635997826,0.024286517784831412
,True,0.028466202170843044,4.636291350834654e-13,152,"[-0.7190173402028106, -0.7175164623598557, -0.7081095097440547, -0.739506582796462, -0.7281447272015218, -0.7381453407323526, -0.7225482368540459, -0.7180527379894492]","[0.32760940801032273, 0.327940109111166, 0.330016703917217, 0.32311204994013243, 0.325601986224756, 0.323409839739057, 0.3268320908122701, 0.3278219273401621]",0.9362557635997826,0.024273368320872755
,True,0.02838168750216657,5.160316618457728e-13,153,"[-0.7127658958190879, -0.7112379591252209, -0.7017359965122183, -0.733490695043457, -0.7219725670899526, -0.7321287875738918, -0.7163757768878719, -0.7117520998341376]","[0.3289879666245606, 0.3293253542050866, 0.3314274474993335, 0.3244291863222942, 0.32695875819591025, 0.3247277535859173, 0.32819156025923474, 0.32921180582818993]",0.9362557635997826,0.024260308582351967
,True,0.028298230045959775,5.446754158811018e-13,154,"[-0.7065454918873431, -0.7049902539546157, -0.6953934426296653, -0.7275060259238281, -0.7158309697766784, -0.7261436641613742, -0.7102350263673103, -0.7054816610406478]","[0.33036260903823134, 0.3307067544067016, 0.33283435100183006, 0.3257422512764807, 0.3283116915860866, 0.3260415435690342, 0.32954691003538444, 0.33059799551208435]",0.9362557635997826,0.024247338432837863
,True,0.02821582040636736,4.3520742565306136e-13,155,"[-0.700356127838827, -0.6987733457793291, -0.6890818531659741, -0.7215525542051069, -0.7097199280776877, -0.7201899487328352, -0.7041259734523876, -0.6992414261554377]","[0.33173327443528244, 0.33208424894972544, 0.33423735069692556, 0.3270511915739915, 0.32966072880106273, 0.3273511562977376, 0.3308980820601628, 0.3319804348707833]",0.9362557635997826,0.024234457725843195
,True,0.02813444921313172,5.024869409453459e-13,156,"[-0.6941978018410894, -0.692587232269136, -0.682801231774534, -0.7156302576029424, -0.703639433809158, -0.7142676184405758, -0.6980486049287327, -0.6930313987052824]","[0.33309990283350377, 0.3334577778973485, 0.3356363837274143, 0.3283559547869734, 0.33100581300813575, 0.32865653919782944, 0.33224501914512833, 0.33335906313084807]",0.9362557635997826,0.024221666305040426
,True,0.028054107122342457,4.1744385725905886e-13,157,"[-0.6880705107959887, -0.686431909832451, -0.6765515806952053, -0.7097391127815339, -0.6975894777833321, -0.7083766493514395, -0.6920029062115627, -0.6868515811896746]","[0.3344624350909063, 0.33482728214823154, 0.337031388113025, 0.329656489292103, 0.33234688814191216, 0.3299576405153015, 0.3335876649983118, 0.33473382027409415]",0.9362557635997826,0.024208964004477678
,True,0.027974784817175195,5.349609644156317e-13,158,"[-0.6819742503379679, -0.6803073736167419, -0.6703329007572313, -0.7038790953541996, -0.6915700498045628, -0.702517016447225, -0.6859888613498738, -0.6807019750734538]","[0.3358208129117631, 0.33619270344216096, 0.33842230275640844, 0.3309527442739976, 0.33368389890982353, 0.33125440931977795, 0.334925964228228, 0.33610464704493337]",0.9362557635997826,0.02419635064879001
,True,0.027896473008627964,4.3232084578903596e-13,159,"[-0.6759090148325964, -0.6742136175091971, -0.6641451913823941, -0.6980501798840792, -0.6855811386655315, -0.6966886936252394, -0.6800064530308344, -0.6745825807796688]","[0.3371749788523157, 0.3375539843653652, 0.33980906744875716, 0.3322446697283578, 0.3350167907973686, 0.3325467955076825, 0.3362598623475469, 0.33747148495742385]",0.9362557635997826,0.0241838260534145
,True,0.027819162436242724,4.569677969357144e-13,160,"[-0.6698747973753756, -0.6681506341376425, -0.6579884505884084, -0.6922523398849719, -0.6796227321436402, -0.6908916536989919, -0.6740556625843778, -0.6684933976826791]","[0.33852487632614586, 0.3389110683554967, 0.34119162287506005, 0.3335322164648422, 0.3363455100730831, 0.3338347498051342, 0.33758930577642643, 0.33883427630202945]",0.9362557635997826,0.024171390024796825
,True,0.027742843868827853,4.354294702579864e-13,161,"[-0.6638715897908096, -0.6621184148717044, -0.6518626749925474, -0.6864855478223061, -0.6736948169975814, -0.6851258683990288, -0.6681364699879905, -0.6624344241014982]","[0.33987044960921525, 0.34026389970628024, 0.3425699106189954, 0.33481533610967945, 0.3376700037932361, 0.3351182237705726, 0.338914241845511, 0.34019296415208566]",0.9362557635997826,0.0241590423606053
,True,0.027667508105164274,5.006550729547143e-13,162,"[-0.6578993826317373, -0.6561169498242123, -0.6457678598154947, -0.6807497751142442, -0.6677973789640865, -0.6793913083739133, -0.6622488538716952, -0.6564056572933844]","[0.3412116438445745, 0.3416124235718318, 0.34394387316746516, 0.33609398110801786, 0.3389902198062563, 0.3363971697971155, 0.34023461879859923, 0.3415474923699738]",0.9362557635997826,0.02414678284993519
,True,0.027593145974709056,4.60964599824365e-13,163,"[-0.6519581651789261, -0.6501462278528383, -0.6397039988854163, -0.6750449921329187, -0.661930402754856, -0.6736879431913493, -0.6563927915232229, -0.6504070934476819]","[0.3425484050467434, 0.3429565859706505, 0.3453134539147754, 0.3373681047260165, 0.34030610675688827, 0.33767154111465125, 0.3415503857949844, 0.3428978056130011]",0.9362557635997826,0.02413461127351728
,True,0.027519748338287034,4.651279361667093e-13,164,"[-0.6460479254409256, -0.644206236561968, -0.6336710846422466, -0.6693711682058006, -0.6560938720536718, -0.6680157413394512, -0.6505682588933728, -0.6444387276799157]","[0.3438806801057657, 0.3442963337892866, 0.34667859716646504, 0.33863766105268117, 0.34161761409007846, 0.33894129179166854, 0.34286149291147244, 0.34424384933898877]",0.9362557635997826,0.024122527403921356
,True,0.027447306088775204,4.2787995369053533e-13,165,"[-0.6401686501541788, -0.6382969623047982, -0.6276691081421826, -0.6637282716171984, -0.6502877695136942, -0.6623746702281601, -0.6447752306015555, -0.6385005540261437]","[0.34520841679093955, 0.3456316147856886, 0.3480392481427883, 0.3399026050014465, 0.3429246920545955, 0.3402063767368255, 0.34416789114408053, 0.3455855698115663]",0.9362557635997826,0.02411053100575955
,True,0.027375810151778958,4.2127412669401565e-13,166,"[-0.6343203247833898, -0.6324183901856567, -0.6216980590623806, -0.6581162696098891, -0.6445120767549454, -0.6567646961908077, -0.6390136799415181, -0.6325925654375684]","[0.34653156375422645, 0.3469623775922344, 0.34939535298185437, 0.3411628923115091, 0.34422729170638355, 0.34146675170026236, 0.3454695324094211, 0.34692291410517356]",0.9362557635997826,0.024098621835888605
,True,0.02730525148629611,3.590461261637756e-13,167,"[-0.6285029335221464, -0.6265705040625407, -0.615757925705851, -0.652535128386878, -0.6387667743619796, -0.6511857844858279, -0.6332835788872453, -0.6267147537754109]","[0.3478500705333425, 0.3482885717184477, 0.35074685874242795, 0.34241847954891347, 0.3455253649116514, 0.34272237327465893, 0.3467663695457758, 0.3482558301097716]",0.9362557635997826,0.024086799643607285
,True,0.027235621085376267,4.662936703425657e-13,168,"[-0.6227164592937932, -0.620753286549867, -0.609848695006543, -0.6469848131132884, -0.6330518418817418, -0.6456378992986174, -0.6275848980990355, -0.6208671098060496]","[0.349163887554534, 0.34961014755340575, 0.35209371340639667, 0.34366932410739454, 0.34681886434969983, 0.3439731988960413, 0.3480583563138639, 0.3495842665352617]",0.9362557635997826,0.024075064170856496
,True,0.027166909976765366,3.5438318946034997e-13,169,"[-0.6169608837525574, -0.6149667190214326, -0.6039703525346175, -0.6414652879183803, -0.6273672578216164, -0.640121003743545, -0.6219176069297476, -0.6150496231964253]","[0.35047296613504036, 0.3509270563678406, 0.35343586588090786, 0.34491538420898005, 0.3481077435154878, 0.34521918684433955, 0.3493454473973087, 0.3509081729156144]",0.9362557635997826,0.024063415152412098
,True,0.02709910922354643,5.006550729547143e-13,170,"[-0.6112361872849202, -0.6092107816135784, -0.5981228825018994, -0.6359765158976971, -0.6217129996476657, -0.6346350598661101, -0.616281673431215, -0.6092622825097139]","[0.3517772584852484, 0.352239250315939, 0.35477326600018083, 0.34615661890435584, 0.3493919567219404, 0.3464602962437015, 0.35062759840280827, 0.35222749961271]",0.9362557635997826,0.02405185231608156
,True,0.02703220992476593,4.740097203637106e-13,171,"[-0.6055423490112348, -0.6034854532285528, -0.5923062677675068, -0.63051845911534, -0.6160890437830605, -0.6291800286452511, -0.6106770643608236, -0.6035050752012694]","[0.3530767177105407, 0.3535466824368446, 0.356105864526999, 0.34739298807299784, 0.3506714591020008, 0.347696487062563, 0.35190476586001423, 0.3535421978198913]",0.9362557635997826,0.02404037538289395
,True,0.026966203216050817,3.9285241726361164e-13,172,"[-0.5998793467875869, -0.5977907115380716, -0.5865204898436515, -0.6250910786063693, -0.610495365606702, -0.623755869995803, -0.6051037451882514, -0.5977779876148367]","[0.35437129781284227, 0.3548493066558661, 0.3574336131538861, 0.34862445242307377, 0.35194620661042825, 0.34892772011348133, 0.35317690722112405, 0.35485221956523055]",0.9362557635997826,0.024028984067288435
,True,0.026901080270220798,4.2543746303636e-13,173,"[-0.5942471572078959, -0.592126532987068, -0.580765528901604, -0.6196943343793319, -0.6049319394520367, -0.6183625427711048, -0.5995616801023642, -0.5920810049790368]","[0.35566095369186834, 0.3561470777853966, 0.35875646450397214, 0.3498509734911184, 0.35321615602534395, 0.35015395705273206, 0.354443980860191, 0.35615751771451143]",0.9362557635997826,0.02401767807730594
,True,0.026836832297880683,4.505840145441198e-13,174,"[-0.5886457556062538, -0.5864928927976298, -0.5750413637778218, -0.6143281854189153, -0.5993987386060637, -0.6130000047657563, -0.5940508320182661, -0.5864141114041239]","[0.3569456411460782, 0.35743995152554847, 0.3600743721315537, 0.3510725136414857, 0.35448126494952914, 0.3513751603796759, 0.3557059460721585, 0.3574580459739296]",0.9362557635997826,0.0240064571147689
36674.16335716331,True,0.026773450548012855,4.651834473179406e-13,175,"[-0.5830751160594989, -0.5808897649731203, -0.5693479719802327, -0.6089925896887262, -0.5938957353085363, -0.6076682127185247, -0.5885711625845006, -0.580777289879015]","[0.35822531687333775, 0.3587278844645073, 0.3613872905223541, 0.35228903606558193, 0.35574149181147546, 0.35259129343589635, 0.3569627630716216, 0.35875375889251204]",0.9362557635997826,0.023995320875469267
,True,0.026710926308551736,5.506706202140776e-13,176,"[-0.5775352113900225, -0.5753171223024759, -0.5636853296946714, -0.6036875041341931, -0.5884229007513563, -0.602367122315399, -0.5831226321903985, -0.575170522268593]","[0.35949993847129635, 0.36001083407861073, 0.3626951750934881, 0.35350050478088274, 0.3569967958661929, 0.35380232040411363, 0.35821439299132346, 0.3600446118642588]",0.9362557635997826,0.023984269049346692
,True,0.02664925090695071,5.465072838717333e-13,177,"[-0.5720260131688041, -0.5697749363646797, -0.5580534117914638, -0.598412884685595, -0.5829802050781625, -0.597096688192795, -0.5777051999735703, -0.5695937893112824]","[0.36076946443748065, 0.36128875873215544, 0.3639979821931365, 0.35470688462973826, 0.358247137195776, 0.355008206306878, 0.3594607978803897, 0.36133056113000833]",0.9362557635997826,0.02397330132066744
,True,0.02658841571074057,3.9995784462121264e-13,178,"[-0.5665474917186738, -0.5642631775334049, -0.5524521918321538, -0.5931686862612103, -0.5775676173841132, -0.5918568639409072, -0.5723188238275387, -0.5640470706168976]","[0.3620338541691104, 0.3625616176769386, 0.3652956690999364, 0.3559081412779703, 0.3594924767097332, 0.35620891700504637, 0.3607019407023079, 0.3626115637790305]",0.9362557635997826,0.023962417368203186
,True,0.026528412128070604,4.900524430695441e-13,179,"[-0.5610996161177981, -0.5587818149818251, -0.5468816420763707, -0.587954862770592, -0.5721851057158619, -0.5866476021072087, -0.5669634604095092, -0.5585303446647651]","[0.3632930679626414, 0.36382937105153773, 0.3665881940220914, 0.3571042412132645, 0.36073277614508015, 0.3574044191960452, 0.3619377853326559, 0.3638875777503473]",0.9362557635997826,0.02395161686540087
